	dist_type_parasites
AAACAATCTACTAGCA-1	703.9405481723519
AAACACCAATAACTGC-1	53.267751633558035
AAACAGAGCGACTCCT-1	759.4475467930431
AAACAGCTTTCAGAAG-1	102.77515839312805
AAACAGGGTCTATATT-1	52.44199608274265
AAACAGTGTTCCTGGG-1	167.2750797856533
AAACCGGGTAGGTACC-1	102.99919589923503
AAACCGTTCGTCCAGG-1	160.1864442430394
AAACCTCATGAAGTTG-1	46.70266026803913
AAACGAAGAACATACC-1	745.3836810382027
AAACGAAGATGGAGTA-1	165.02177455455313
AAACGCCCGAGATCGG-1	1029.087290836162
AAACTAACGTGGCGAC-1	979.2708638665868
AAACTGCTGGCTCCAA-1	130.3844315222632
AAACTTAATTGCACGC-1	179.74692312407814
AAACTTGCAAACGTAT-1	77.40052039713703
AAAGACATGAAGTTTA-1	995.0488595653193
AAAGACCCAAGTCGCG-1	598.0604951183238
AAAGACTGGGCGCTTT-1	139.79410515388693
AAAGGCCCTATAATAC-1	55.105849029360684
AAAGGCTACGGACCAT-1	90.09709103986556
AAAGGCTCTCGCGCCG-1	191.72870499520792
AAAGGGATGTAGCAAG-1	378.5651842088448
AAAGGTAAGCTGTACC-1	915.8159190471215
AAAGTAGCATTGCTCA-1	40.52479792176973
AAAGTCACTGATGTAA-1	624.5155672762974
AAAGTCGACCCTCAGT-1	69.76661776265483
AAAGTTGACTCCCGTA-1	476.0760142015274
AAATAACCATACGGGA-1	718.5147707838474
AAATAGCTTAGACTTT-1	614.6562045181441
AAATCGCGGAAGGAGT-1	159.61523919517666
AAATCGTGTACCACAA-1	13.357217207775351
AAATGATTCGATCAGC-1	804.1679244290306
AAATGCTCGTTACGTT-1	384.6214079211012
AAATGGCATGTCTTGT-1	624.3558602632528
AAATGGCCCGTGCCCT-1	3.9128748082595775
AAATGGTCAATGTGCC-1	157.4993791359504
AAATGTGGGTGCTCCT-1	779.8167218575209
AAATTAACGGGTAGCT-1	172.43060980054045
AAATTAATAAGCGCGA-1	150.80144657256227
AAATTACACGACTCTG-1	706.0251284655756
AAATTACCTATCGATG-1	576.7412804549275
AAATTGATAGTCCTTT-1	47.489149359017375
AAATTTACCGAAATCC-1	875.9589367797155
AAATTTGCGGGTGTGG-1	35.3752615879637
AACAATACATTGTCGA-1	113.23816895037821
AACAATTACTCTACGC-1	116.03934406060456
AACACGACTGTACTGA-1	687.6498525018939
AACACGAGACGCGGCC-1	88.5849621983735
AACACGCGGCCGCGAA-1	611.2348592124617
AACAGCTGTGTGGCAA-1	95.96688204510188
AACAGGAAATCGAATA-1	576.2839749984728
AACAGGATGGGCCGCG-1	153.4658781180616
AACATATCAACTGGTG-1	613.3447518563612
AACATTGAAGTTGATC-1	48.309521853815255
AACATTGTGACTCGAG-1	67.88034494862507
AACCAAGACTTCTCTG-1	32.37189453165656
AACCAGTATCACTCTT-1	888.0270263236628
AACCATAGGGTTGAAC-1	188.66908078823747
AACCATGGGATCGCTA-1	436.50117364696786
AACCCAGAGACGGAGA-1	453.42285848543764
AACCCATCCCATGATC-1	97.7284514192225
AACCCGACAACCCGTG-1	89.9836079831256
AACCCTACTGTCAATA-1	479.9497887579875
AACCCTGGTGGAACCA-1	726.583227925919
AACCGAGCTTGGTCAT-1	427.5026028284348
AACCGTTGTGTTTGCT-1	623.7775065599265
AACCTAAAGCCGTCCG-1	927.8550654460963
AACCTTTACGACGTCT-1	711.3154006627167
AACGAAAGTCGTCCCA-1	169.60895998402208
AACGATAGAAGGGCCG-1	536.240623582334
AACGATATGTCAACTG-1	463.5959411149017
AACGCATGATCTGGGT-1	750.1638026169398
AACGCGAACGGCAACA-1	552.1442444126794
AACGCGACCTTGGGCG-1	114.07986808399059
AACGCGGTCTCCAGCC-1	413.3469647977356
AACGGCCATCTCCGGT-1	56.927585023726586
AACGTACTGTGGGTAC-1	98.70565496410569
AACGTAGTCTACCCAT-1	735.4843816602603
AACGTGATGAAGGACA-1	776.9384507748914
AACTAGCGTATCGCAC-1	708.8464107433878
AACTAGGCTTGGGTGT-1	238.63808749256282
AACTCAAGTTAATTGC-1	78.8692196130894
AACTCCTAATCCCATG-1	780.0075287921136
AACTCGATGGCGCAGT-1	492.6012682019989
AACTCTCAATAGAGCG-1	470.99333971976665
AACTCTCAGTGTGCTC-1	172.84482994140518
AACTGATATTAGGCCT-1	552.2832731845766
AACTGGGTCCCGACGT-1	475.14441253326635
AACTGGGTTCGAGCCG-1	922.3476251063785
AACTGGTGTGGGCCTT-1	658.6007834323909
AACTTGCCCGTATGCA-1	125.37421446899414
AACTTTACGGGAGCTT-1	177.42630167782104
AACTTTAGCTGCTGAG-1	695.5791270724077
AAGAAGGATCAGTTAG-1	448.37387079324924
AAGACCAAATAACTCA-1	218.68117427511382
AAGACCCAACTGAACA-1	106.48517639286149
AAGACTAACCCGTTGT-1	618.0014956994353
AAGACTCACGCCCACT-1	996.8592505621524
AAGAGGATGTACGCGA-1	109.55690356182541
AAGATGGCACCGGACC-1	114.62202392160535
AAGATTGGCGGAACGT-1	539.774783688991
AAGCCACTTGCAGGTA-1	89.69769324402475
AAGCCGCCGTGAAATC-1	45.89990797736832
AAGCGGCGTCATGGGT-1	866.051110716432
AAGCGTCCCTCATCGA-1	104.5515257495981
AAGGAGAACTTATAAG-1	780.4595918687202
AAGGATGAGGGACCTC-1	498.8088152985495
AAGGCGCGTAAAGCTT-1	288.14910378620914
AAGGGAACGACTGGCT-1	88.79838841410567
AAGGGACAGATTCTGT-1	558.0568714269723
AAGGGACTATGCATTC-1	75.18761620292054
AAGGGTTTGATTTCAG-1	160.34130662796534
AAGGTATCCTAATATA-1	480.3551780199681
AAGGTGATAAACCAGC-1	427.49703101958056
AAGTAAGCTTCCAAAC-1	751.9522744951717
AAGTAGAAGACCGGGT-1	439.0382912381608
AAGTAGTGACGCGAGG-1	106.39184793381905
AAGTCTTCTGTGGCCT-1	3.8978542877616236
AAGTGACGACCGAATT-1	68.52285063374792
AAGTGAGTCGGGTTTA-1	23.503789364929258
AAGTGCAAAGGTAGAC-1	196.14608733422992
AAGTGCCTTGACTGTA-1	572.416090007364
AAGTGCGTTAGAATCT-1	81.419680987201
AAGTGCTTCTCTATTG-1	87.28978007532116
AAGTTCAGTCTGCGTA-1	778.0408037134556
AAGTTCGGCCAACAGG-1	11.257947643624897
AAGTTTACTAATGGCA-1	758.1335595897954
AATAACAACGCTCGGC-1	93.59206192626694
AATAACACTAGAACAA-1	140.42248265773932
AATAAGTCCTCGAGAC-1	789.9603885388491
AATACCGGAGGGCTGT-1	89.71498217828734
AATAGAACAGAGTGGC-1	148.8137080742663
AATAGGCACGACCCTT-1	142.22523010555187
AATAGTCCGTCCCGAC-1	174.6889844511197
AATATCAAGGTCGGAT-1	602.082038584544
AATATCCTAGCAAACT-1	139.2836798508535
AATATCGAGGGTTCTC-1	633.6231839927582
AATATTGGAGTATTGA-1	25.650151288344546
AATCAGGTTTCATTTA-1	40.34041857418961
AATCCAAGGGCCTGAG-1	538.3839369226334
AATCCATGCAAGGGTG-1	554.0980733543312
AATCGGGACACTACGA-1	693.9110244462929
AATCTAGGTTTACTTG-1	67.21400899798732
AATCTATGCCGGAGCC-1	737.8861759351598
AATCTCTACTGTGGTT-1	83.90132815202556
AATCTGCGTTGGGACG-1	486.6009836499505
AATCTGGCTTTCTAGT-1	49.8533325779884
AATCTGGGTAGACCCT-1	936.512569539003
AATGACAGCAATGTCT-1	75.14313426262385
AATGATGATACGCTAT-1	609.2385422698156
AATGATGCGACTCCTG-1	657.0174310140076
AATGCACCAAGCAATG-1	702.7947833100767
AATGGTCCACCGTTCA-1	115.79440177175654
AATGGTTCTCACAAGC-1	356.6270630431676
AATGTATGGCACTGTA-1	212.7331649572507
AATGTGCCCGAGGTGT-1	0.3408141162335949
AATGTGCTAATCTGAG-1	52.41419391336872
AATTAAAGGTCGGCGT-1	13.83205463578808
AATTACGAGACCCATC-1	188.62148707452752
AATTAGCGCTGCAGCG-1	179.26597240358643
AATTCATAAGGGATCT-1	591.9976522088948
AATTCATTGTCATGCA-1	199.60028758973118
AATTCTAGAGTTAGGC-1	142.57993400437329
AATTGCGTGGATTACA-1	212.5229802406534
AATTTGGGACATAGTA-1	755.7963728728118
AATTTGGTTCCAAAGA-1	654.9742377639011
ACAAACCATGCGTCCT-1	132.82468237183585
ACAAACCGACAAGGCG-1	918.4061792164646
ACAAACTCCATCAGAG-1	139.9534372827751
ACAAAGAAGGTAGGCC-1	139.0352956634316
ACAAATTCAGATCTGA-1	942.3809977441827
ACAAGCAGTGCCTAGC-1	101.15694852705171
ACAAGCTATATGGAAG-1	52.32842760427762
ACAAGGCCTACCAGCC-1	1014.6427501688969
ACAAGTAATTGTAAGG-1	65.71322224810069
ACAATAGTCGTACGTT-1	50.655068848727026
ACAATCCATTTAAACC-1	116.81926285471023
ACAATCGATCTTTATA-1	822.3152970212943
ACAATGAATACGGAGA-1	63.25422322076832
ACAATTTAGGAGGCTC-1	171.32540397833242
ACAATTTGAGCAGTGG-1	440.8372870622074
ACACACTTTCTACACG-1	583.6421131746824
ACACATGATCAAATCT-1	94.16380461132545
ACACCCGAGAAATCCG-1	379.9929099746064
ACACCGGTCTGACCGC-1	116.58132219098246
ACACGGCACTATGCAT-1	750.5104772316774
ACACTGATCAAGGTGT-1	144.95004411887703
ACAGAACTGAGAACAA-1	24.340211778874494
ACAGATTAGGTTAGTG-1	708.7699205099989
ACAGCATAGAGCCAGT-1	648.2410488511791
ACAGCGCACCCGCAGC-1	740.2668543897033
ACAGGTGGAGGTGAGG-1	124.65359547687805
ACAGGTGTGTTGTTGC-1	44.208933447246956
ACAGTAATACAACTTG-1	59.96720435594838
ACATAAGTCGTGGTGA-1	161.75627368277958
ACATAATAAGGCGGTG-1	441.24095519712125
ACATCAGCTGGGACGC-1	129.74930068031904
ACATCCCGGCCATACG-1	205.79200695477124
ACATCCTGGTAACTGT-1	548.5192040396294
ACATCGATCGTTTACC-1	68.70119878061138
ACATCGCAATATTCGG-1	84.79923732340848
ACATCGGTCAGCCGCG-1	91.33413033317042
ACATCGTTAACCTAGT-1	730.66261616217
ACATCTCAACGCGTAA-1	822.3776397560144
ACATGCTTACGGCAGC-1	66.18265731477257
ACATGGCGCCAAAGTA-1	575.8290283004005
ACATTAGTTTATATCC-1	170.15521270721587
ACATTCGCGCGGAATA-1	55.72750753607216
ACCAAACTAGAAATCC-1	815.5803938520397
ACCAACACCACACACT-1	806.8034478049774
ACCAACGCTTATTTAT-1	165.54520485559982
ACCAAGAACGCGTGTC-1	486.39153682174674
ACCACAACTCAGAACA-1	801.097067202252
ACCACCAATGTAACAA-1	610.012724754541
ACCAGACCATAACAAC-1	26.050930356927726
ACCAGCCCGGTCTTTG-1	813.8180658415348
ACCAGGAGTGTGATCT-1	767.7126003969911
ACCAGTGCCCGGTCAA-1	908.9905806265112
ACCATATCCGCAATAA-1	96.90256484818683
ACCATCCGCCAACTAG-1	108.43879811336127
ACCATCGTATATGGTA-1	87.8379165663915
ACCCATCTTGAGGGTA-1	161.08581170723625
ACCCGAGCGAAATTAC-1	101.88370948438371
ACCCGATTGGTTCCGA-1	63.53217408809464
ACCCGGAAACTCCCAG-1	252.8638322942983
ACCCGGATGACGCATC-1	534.6473868570512
ACCCGGTTACACTTCC-1	29.063625914594205
ACCCGTGTCATCAGTA-1	134.28246970968726
ACCCTATGCCATATCG-1	157.60116726845672
ACCCTTCATCTGCGAA-1	607.378324267763
ACCCTTTAGTTCTCCA-1	813.9552141298228
ACCGAAAGGGCCCTGC-1	648.678167578149
ACCGAAGAGTCTGGTT-1	132.07584181317696
ACCGATGGTAGCATCG-1	452.4183491802089
ACCGCTAGTCATTGGT-1	113.87199246962113
ACCGGTCAGGTACACC-1	93.2547041246578
ACCGGTCTGAGTACGG-1	973.6659878547176
ACCGTCCACTGGGCCC-1	239.50330291336326
ACCGTGACCACGTGGG-1	90.76005022072663
ACCGTTCCCGCTCTGA-1	768.733307378016
ACCTAAGTACCTTTCA-1	77.20533069970658
ACCTAATCGACTTCCT-1	104.08965272969044
ACCTCCGTTATTCACC-1	695.5278136754051
ACCTCGAACTTATGCT-1	140.5723646173114
ACCTGCGTGTCATGTT-1	53.604239601641
ACCTTTCCTTTAGAAG-1	873.6664632975051
ACGAAATGGGCGGCAC-1	52.80961952988589
ACGACTGGTCATACTC-1	90.28847042652725
ACGAGAACCCATCACG-1	570.4750608008467
ACGAGATATTTGCTTA-1	764.5020650916498
ACGAGGATACCACTCT-1	28.115355782048237
ACGAGGTTTACAACGT-1	107.93190084022876
ACGAGTACGGATGCCC-1	654.1450057747412
ACGATACATAGAACTA-1	524.7491634824737
ACGATACCTATCCTGA-1	132.11905900367978
ACGATCATCTTGTAAA-1	567.89267962052
ACGATGCATATGTTAT-1	102.17729793265684
ACGATGGATCCGATGC-1	687.309693617826
ACGCAAACTAATAGAT-1	3.9580552220432845
ACGCAATCACTACAGC-1	737.9651153708461
ACGCCAGATGATTTCT-1	570.5589055994577
ACGCCCAGCTGTCGAT-1	829.7013966509948
ACGCGAAGTCAGACGA-1	122.81936698536434
ACGCGCTACACAGGGT-1	97.82491438011036
ACGCGTTTCTTAAGAG-1	214.64769002688303
ACGCTAGTGATACACT-1	612.3111456204986
ACGCTGTGAGGCGTAG-1	75.5092931039431
ACGCTTAGTGTCTCTC-1	875.7401587633753
ACGGAATTTAGCAAAT-1	409.25936884322266
ACGGACGCAGCGACAA-1	73.56585497085518
ACGGCACTTGCTTGGG-1	186.87504021367423
ACGGCGGGTTGCCCTG-1	624.4353992563589
ACGGCTGGATGTAGAA-1	155.73830978476602
ACGGGAGTGTCGGCCC-1	101.91666471395446
ACGGTCACCGAGAACA-1	124.46102614440382
ACGTACAGATTTCTCT-1	671.0930264241096
ACGTACTTTGGCACGG-1	43.26666578021602
ACGTATTACTCCGATC-1	489.5966335334554
ACGTCCTAAACGAGAT-1	863.6418447233202
ACGTCTCGTTCCGGGA-1	102.27354050979967
ACGTGACAAAGTAAGT-1	112.39311263777188
ACGTGCGCCTCGTGCA-1	519.9741496556284
ACGTGGTCGAATGTGC-1	879.659422521868
ACGTTAGATTTGCCCG-1	123.1900224265175
ACGTTCACTATGCCGC-1	154.25110298484444
ACGTTCCGCGCTCCGT-1	672.8238881183797
ACGTTCGTTCAGGAAA-1	61.72712575525083
ACGTTGTCGTTGAAAG-1	104.55394657104375
ACGTTTAGTTGTGATC-1	600.3193522047154
ACTAATACGTCAGGCG-1	890.235265428667
ACTACAAAGAGAGGTG-1	107.8394273400828
ACTACATCCCGACAAG-1	129.2693418083831
ACTACCATCCGAGGGC-1	65.57513636727376
ACTACGCGTTAGAATT-1	127.26459577880294
ACTATATGCTGTGTTC-1	860.7950157753274
ACTATGTCCAGCTGCC-1	66.38472308368864
ACTATTCGTCCGTGGT-1	631.4464255163655
ACTATTTCCGGGCCCA-1	98.43627756635563
ACTCAACGAATGTATT-1	588.0000625490917
ACTCAATAAAGGCACG-1	403.42384685818195
ACTCAGACCTGCTTCT-1	587.9333447969938
ACTCATGGCAGCCTTC-1	117.56434752541917
ACTCCAATATCATCAT-1	61.718363820688424
ACTCCCATTCCTAAAG-1	30.503585232927954
ACTCCCGAATTCGTTT-1	617.7738632430924
ACTCGTAACCCGTCCT-1	72.00940538295762
ACTCTCTTATACACGA-1	801.1825200660196
ACTGATTTAGTGATTC-1	851.5576531533046
ACTGCCCGCCATTCTC-1	3.980018369253789
ACTGCCGTCGTAACTC-1	571.8860132504713
ACTGCTCGGAAGGATG-1	127.41661812250047
ACTGGGATGCCAGTGC-1	56.21881763564272
ACTGTATACGCGAGCA-1	536.9098950885636
ACTGTGCTAGTAGATC-1	459.71139817726817
ACTGTTTAGTGTAGGC-1	793.6813188580569
ACTTACCGGGCGCGCA-1	817.7193009129909
ACTTAGTACGACAAGA-1	442.3895041429951
ACTTATCTGATCTATA-1	730.1019235840063
ACTTATTAGGATCGGT-1	61.66200794118398
ACTTCCAGTGGAAGCT-1	141.5703105867496
ACTTCGCCATACGCAC-1	403.7321840341838
ACTTGCCATATTGTAC-1	756.228069488598
ACTTGTAGTCCCTTCA-1	122.48991623348775
ACTTTACCCTCATGAA-1	640.2110238046405
ACTTTGACTGCATCCT-1	91.87893711019811
ACTTTGGTCGTGCTCC-1	135.6626653824082
AGAACCCTCAATTGGG-1	176.80864145029597
AGAAGGTACACTTCAC-1	73.9881264025415
AGAAGGTTGCCGAATT-1	65.58237779856984
AGAAGTGATTCGTGAT-1	93.94812099605448
AGAATAAATCTTCAGG-1	103.23853680108718
AGAATGCGGGTTCGGA-1	900.9473157284817
AGAATTATGGATTCGA-1	551.3257983401251
AGAATTGTTTGACATA-1	363.08569802660196
AGACATAGATCCTTCC-1	647.1270662541722
AGACCAAACCACACCT-1	103.03285707268395
AGACCGGGAAACCCTG-1	41.27055885250251
AGACGACGATGCCGCT-1	81.66389084622747
AGACGGGATTGGTATA-1	903.744983486592
AGACGGGCCGATTTAA-1	918.2935345734708
AGACTGTTACCGGGTC-1	10.325447384511408
AGAGAAACACCAGAAA-1	50.055056548540435
AGAGAACCGTCTAGGA-1	521.9747636037846
AGAGAAGGAGTACAAT-1	104.67205141940443
AGAGATCTCTAAAGCG-1	18.377427393896024
AGAGCAGTTATGAGAC-1	116.96667978328279
AGAGCGGGCTAATCAT-1	543.783129704627
AGAGGTATCTCGGTCC-1	744.0170938799666
AGAGTTAGAGACCGAT-1	925.2343373535573
AGATAACTTCAGGGCC-1	186.96865244391938
AGATACCGGTGTTCAC-1	115.06006499161182
AGATACGACTTCATAT-1	433.8316570717497
AGATCGTGCATAAGAT-1	673.2012327161245
AGATGAGGGTTGCGAT-1	789.2376037153439
AGATGATGGAGTCTGG-1	626.1530308005202
AGATGCAAGACGTGCA-1	27.42092849733983
AGATGCATCCTGTGTC-1	126.99614717788035
AGATTATAGGACGTTT-1	110.04079473501915
AGATTCACAACCGATA-1	98.19133319720834
AGCAACATATCTTATT-1	441.4802766324955
AGCAACCGAAAGTAAT-1	30.2466177354032
AGCACACGTTTAGACT-1	39.83952066775618
AGCACTACCGGCCTGT-1	24.559683756792253
AGCACTTAAGGACGCC-1	167.17625739096738
AGCAGCCAGATGAATA-1	198.07298286127602
AGCATCATTTCGAAAG-1	75.50041536660524
AGCCACTCCCGTGCTT-1	514.0978811619681
AGCCCATACATGTAAG-1	89.86738884402152
AGCCCGCAACAAGCAG-1	101.48976875769284
AGCCCGGCATTAGAGG-1	37.12209016983115
AGCCCGGTAGCCTGTA-1	47.0165173114893
AGCCCTAAGCGAAGTT-1	567.6422773980664
AGCCCTCCCTGGTGGC-1	22.484370471351774
AGCCCTTCTAATCCGA-1	783.7372368212824
AGCCGCAAATTCAAAT-1	45.477167669925315
AGCCGTGGCTAAATGT-1	65.42036301796307
AGCCTAATACCCACGT-1	40.395579341813814
AGCGACAGGAACGGTC-1	116.99564035738177
AGCGACATCCCATTCA-1	506.46854798084917
AGCGACTTTGAAGACA-1	110.4000103938729
AGCGAGACGTGAAGGC-1	69.47138778352253
AGCGCATAATGAATCG-1	158.01354700782102
AGCGCGGGTGCCAATG-1	585.9852839550176
AGCGCTTATGGGCAAG-1	876.8094023228174
AGCGGCGGTTAGCGGT-1	61.221521372914154
AGCGGGAAGGGTCCAT-1	481.80072208659067
AGCGGTTGAGATGTAC-1	982.7038796538993
AGCGTACGAGAGCTAG-1	552.5930762684594
AGCGTCTGAACCCGCA-1	617.3754616971045
AGCGTTCCGATTTAAA-1	959.4061126338513
AGCTAACAAGCAATGT-1	122.40418502103749
AGCTAAGCTCCGTCCG-1	148.1796592555609
AGCTAGAAGCAGAAGT-1	690.88101766692
AGCTATTTAATCCAAC-1	594.7937236827673
AGCTCTTCCCAGTGCA-1	648.7833076994626
AGCTCTTTACTCAGTT-1	47.28732014235855
AGCTGAAGTAAACCAA-1	586.5517459519505
AGCTGCATTTGAGGTG-1	1073.0620403393202
AGCTGTAACCTCAATC-1	20.393312552396424
AGCTTATAGAGACCTG-1	684.6441640414344
AGCTTCAATACTTTGA-1	909.4784319824108
AGCTTGATCTTAACTT-1	48.37410859395322
AGGACATCGCACGTCG-1	429.20663621711225
AGGACGACCCATTAGA-1	61.113563817476695
AGGACGCTCGATGTTG-1	726.3321594914845
AGGATAAAGTCGGGAT-1	227.64367142371506
AGGATCACGCGATCTG-1	11.50822304232228
AGGCAAAGAGGAATCA-1	728.3739492006974
AGGCAGATGCGTAAAC-1	504.7211933140513
AGGCAGGGAGCGTACT-1	83.31175117276852
AGGCCCATTGTACAGG-1	538.9287281761491
AGGCCCTAGAACGCCA-1	113.23967476476254
AGGCCTATCATACCAA-1	68.08928933979249
AGGCGGTTTGTCCCGC-1	71.96442973978898
AGGCTTCCCGAAGAAG-1	126.5985152247803
AGGGAAACGAGGTACT-1	742.7559284969963
AGGGACAGCACGGCGG-1	698.530670642934
AGGGACCGGCTGCGTT-1	661.6137108888157
AGGGACTCTACGCGAC-1	179.8575060372662
AGGGCAGCGGCGTGGT-1	744.7657668793868
AGGGCGAGCAGCTGAT-1	92.6556568786515
AGGGCGTGATCGGCTA-1	455.7819441691859
AGGGCTGCAGTTACAG-1	196.9670152379846
AGGGTCAGAGCACTCG-1	122.43292650486248
AGGGTCGATGCGAACT-1	504.1179210092364
AGGGTGCCGTTCTTTA-1	71.8692681985217
AGGGTGCTCTCGAGGG-1	467.926059684013
AGGGTGGATAGTGCAT-1	173.19960496814102
AGGGTTCAGACGGTCC-1	124.6007935418847
AGGGTTCCCTTTGGTT-1	468.14201178120925
AGGTAACCTCCTATTC-1	501.8363408093628
AGGTACGATATTGCCA-1	679.924413757728
AGGTAGATCGAGATAT-1	110.97296908090259
AGGTAGGTACAAAGCT-1	101.50513663085292
AGGTATAATTGATAGT-1	654.9860853735374
AGGTCAGGTGAGAGTG-1	64.43869322016045
AGGTCGCCACTTCGGT-1	659.8375773199538
AGGTCGCGGAGTTACT-1	675.491207523671
AGGTGGTGACCTTCGC-1	114.6751705893692
AGGTGTATCGCCATGA-1	54.21760553439719
AGGTTCTCCTTTCCGG-1	224.1905749985207
AGGTTGAGGCACGCTT-1	489.29882239991167
AGGTTTCACACACCTT-1	132.65204355399064
AGTAACGTTCATCCTG-1	900.1461130229208
AGTAATGTCTTGCCGC-1	529.7956447555364
AGTACATCATTTATCA-1	698.390662182075
AGTACCTTCGAGTGCT-1	931.7902501879798
AGTACGGCCCGTATCG-1	128.1103935550053
AGTACGGGCACCTGGC-1	465.858989922679
AGTACGTGGCCTGTCT-1	862.5848334954318
AGTAGCGTGAACGAAC-1	853.4971383771984
AGTAGCTAGACGCCGA-1	986.9379949624357
AGTAGGAAGGAAGTTG-1	757.2560859537851
AGTAGGTAACATACAT-1	566.5964244661656
AGTATACACAGCGACA-1	26.822508469653037
AGTATGCTGGAGACCA-1	47.47780232238274
AGTATTTGGCACGACC-1	119.14007794985325
AGTCAAATGATGTGAT-1	66.86317247874146
AGTCAACACCACCATC-1	23.90467439156966
AGTCACTCCGCCTCAT-1	601.7538676907885
AGTCAGCCACCGCCTG-1	390.4700311048334
AGTCCATTGGCTGATG-1	524.3560393350552
AGTCCCGCCTTTAATT-1	702.219443010411
AGTCGGCTCAACTTTA-1	79.55354974993531
AGTCGTGGGCATTACG-1	53.49483024606714
AGTCTAAAGTATACTC-1	720.3637659444752
AGTCTCACAAGACTAC-1	39.847762510378566
AGTCTTCTCCTCAAAT-1	400.85528352802226
AGTGAACAAACTTCTC-1	548.2403554129179
AGTGACCTACTTTACG-1	37.09615577229981
AGTGACTGTGACACAA-1	9.464777184540749
AGTGAGCCTCGCCGCC-1	633.4934108857054
AGTGAGGGTTTCTGAC-1	827.6439101272085
AGTGATATGAGTAGTT-1	0.44580502441168535
AGTGATTCAAGCAGGA-1	423.62114732375426
AGTGCGTAGCTCGTAA-1	83.20046229046818
AGTGGCGGCAATTTGA-1	603.8354699990573
AGTGGCTCCGTCGGCC-1	87.95445450594211
AGTGGTGTTACCCGTG-1	95.60818189867261
AGTGGTTGCGTATAGG-1	98.54148233375297
AGTGTATTGCGCATTG-1	717.6278063353373
AGTTAAACACTTGCGA-1	59.6037873556679
AGTTAAGCGGTCCCGG-1	634.4493792697676
AGTTAAGTCAACCGCT-1	38.772794785468626
AGTTACTCTATCGTGG-1	707.4064556224145
AGTTATTGAAAGGTAA-1	861.6112338696015
AGTTCCTATTTATGTT-1	101.07562853194011
AGTTGACATCGGCTGG-1	512.2456233673067
AGTTTCGCAGGTCGGA-1	617.2191461099408
AGTTTGGCCAGACCTA-1	52.20527374441463
ATAAACCATTGGACGG-1	712.9721768450456
ATAAACGGACCCGTAA-1	94.22001401613433
ATAAAGGCTCGGTCGT-1	135.23464006290516
ATAAAGGTCAAGTACG-1	861.4850651205295
ATAAATATTAGCAGCT-1	95.79748344652083
ATAACGGAGTCCAACG-1	439.36221987689555
ATAAGTAGGATTCAGA-1	654.1997314672194
ATAAGTAGGGCGACTC-1	638.1149939291475
ATAAGTTACCGCGACG-1	37.999665185804275
ATAATAGCTGTTGAAT-1	109.81300855059227
ATAATAGTGTAGGGAC-1	354.92643953992774
ATACCACGGGCAACTT-1	77.44419836461554
ATACCAGCAAATTGCT-1	776.6173707833453
ATACCAGGCTAATAGA-1	662.7718401058304
ATACCAGGTGAGCGAT-1	804.0723211044966
ATACCTAACCAAGAAA-1	232.4938852680211
ATACGAGGTTTGTAAG-1	84.73619991217313
ATACGCCGATCTACCG-1	707.4437533500684
ATACGGAACGTCGTTT-1	17.250136931353353
ATACGGGTTTCGATTG-1	538.2568072140313
ATACGGTGAAGATGCA-1	135.10057095898574
ATACTAGCATGACCCT-1	432.64562531199266
ATACTCTCGCCACTCT-1	532.2290531524784
ATACTTGTTCTCGAGC-1	170.567801185617
ATAGACAACGGGACCT-1	531.9814218659734
ATAGACGAAGAGAAAG-1	163.21769055051155
ATAGAGTTATCAACTT-1	554.2874298800939
ATAGATTTGCAGTCGG-1	856.1986088746539
ATAGGAATCTAAGCTT-1	976.4475908533434
ATAGGCGGCTATAGAA-1	49.51757547015404
ATAGGCTAGCTTCGCA-1	618.2427881392302
ATAGGGATATCCTTGA-1	486.3222550408241
ATAGTCTTTGACGTGC-1	734.8564293790132
ATAGTGAAGCGTTCTC-1	42.22837530117963
ATAGTTCCACCCACTC-1	558.3227887689538
ATATACATGTATGGTA-1	101.47063029973292
ATATAGAGTATTGGTC-1	181.16938282494212
ATATCAACCTACAGAG-1	598.0859042180912
ATATCAATTCCAGCCT-1	157.67314220955
ATATCGTGCCAGACCC-1	865.3643004562642
ATATCTCCCTCGTTAA-1	624.6655546360537
ATATCTTAGGGCCTTC-1	176.57319570141289
ATATGGGATAGCAACT-1	42.80857036803354
ATATGTCTCCCTAGCC-1	516.3692513117916
ATATTCAGTTAAACCT-1	64.7234378363534
ATATTCCCACAGGTCA-1	629.7293074270505
ATATTGCTGTCAAAGT-1	362.1463604174501
ATCAAACGAAGGTTTG-1	74.18637077350591
ATCAATGCCGTGGCTG-1	88.72850147382199
ATCACATTAGAATATC-1	573.1845257941773
ATCACGTGCTAATTAA-1	15.781609302135779
ATCACTTCATCCTCGC-1	461.80701633723567
ATCAGACGGCACGCCG-1	84.8002006263199
ATCAGCTCGTCCACTA-1	19.46998644644197
ATCAGGTCGCCATTGC-1	863.9093077768016
ATCAGTAGGCAGGGAT-1	559.0177381893144
ATCATAGATCGACGAG-1	145.244901167727
ATCATCCAATATTTGT-1	89.18853539795991
ATCATCTGCCCAGTGT-1	910.8506055383551
ATCCAATGGAGGGTCC-1	100.84184252576007
ATCCAATGGTACCGAA-1	74.31568066994376
ATCCACGCTAAATGTT-1	849.5438925273888
ATCCAGAGCAACAACC-1	107.98986381237843
ATCCAGGATTCGTGAA-1	36.11122665145161
ATCCCATCCACAGCGC-1	140.559239979322
ATCCTACCTAAGCTCT-1	20.91202172567146
ATCCTGAATCGCTGCG-1	79.05122611429661
ATCCTGCGTGGAATGG-1	22.363822228722004
ATCCTGCTGCAGATAG-1	650.2956231873384
ATCGACCCAATACAGA-1	76.93559378966154
ATCGACTCTTTCCGTT-1	393.21850979328826
ATCGGCAAGCAGTCCA-1	679.337202484654
ATCGGTTACCTAGTAA-1	122.75999220047159
ATCGTATTCCGAGAAC-1	213.57884067313628
ATCGTGGAAAGTCTGG-1	72.27467039922573
ATCGTTCACTTTCGCC-1	828.392360452439
ATCTCATAAACCTACC-1	1070.5235212201426
ATCTCCCTGCAATCTA-1	582.9708346406765
ATCTGACATGGAAGGA-1	58.58926921436258
ATCTGCACCTCTGCGA-1	612.2375798053044
ATCTGGTTAAGACTGT-1	427.94009137615
ATCTGTAATTGTACCC-1	542.6342377374423
ATCTTGACTTGTCCAA-1	678.6983816555004
ATGAAGTGGACCCAGC-1	192.79451297107852
ATGACGCCGGCTCTAA-1	524.2826705092795
ATGACGCGTTCTATCC-1	50.64864736568152
ATGACTATCAGCTGTG-1	34.44892450150319
ATGATCGGGAATAGAC-1	516.5751995275642
ATGATGCAATGGTACA-1	19.727017008172236
ATGCACGCGCTGTTCA-1	138.52811257617026
ATGCATGATCCAGGAT-1	376.621675179973
ATGCATTCCGTGATGG-1	731.3260842693444
ATGCCAATCGCTCTGC-1	830.5081542792458
ATGCCATTTGCGACCA-1	415.14377226196086
ATGCCGGTTGATGGGA-1	597.3945406107352
ATGCGACAATTGGTCC-1	894.417240283684
ATGCTCAGTGTTGCAT-1	290.9791490039128
ATGGAAATTTAAGGAG-1	145.85964570847696
ATGGACTGCTTAGTTG-1	161.43095523428389
ATGGAGCAGGCCGTGA-1	186.6173250133361
ATGGATCCGGCGTCCG-1	572.9654492901558
ATGGCAGCATTACGAT-1	109.85577688264593
ATGGCAGCCGAGAAAC-1	146.98422241307287
ATGGCTGGAAATGGCC-1	839.6639866405038
ATGGGAACGGAAGCGG-1	898.1003725937476
ATGGGACCTGCTGAAC-1	109.974932787784
ATGGGTGTATACCTCC-1	48.29512005418454
ATGGTATTTACTGATT-1	148.48921596638922
ATGGTGCTCAAAGCCA-1	816.196846204377
ATGTAAGGCTGCTCTT-1	708.2082662969884
ATGTCTTGTTTGACTC-1	128.60929224689164
ATGTGAAAGCCTAATG-1	80.80855186822664
ATGTGTAGTTTAGTCA-1	753.9026275646473
ATGTTACGAGCAATAC-1	413.419428610083
ATGTTCGTCGACCCAC-1	95.71400502343295
ATGTTGTAGTCTGTTT-1	40.999723611064375
ATGTTTGTAAGATCAT-1	1035.319208946186
ATTAAACATGCGGACC-1	28.638889246038808
ATTAATACTACGCGGG-1	437.5857762122716
ATTAATGAACCAGTCG-1	500.54691254240754
ATTAATTCGGTCACTC-1	591.5194337838237
ATTACAACTACCGGCC-1	766.8269454958079
ATTACGCGCTGGCAGG-1	121.67808937152179
ATTACTAGCCTCTTGC-1	431.7204758751772
ATTACTTACTGGGCAT-1	686.1357913355744
ATTAGATTCCTCAGCA-1	697.0098629491225
ATTAGATTGATAGCGG-1	450.0910584043924
ATTATACTTTGCTCGT-1	586.061284008601
ATTATCTCGACAGATC-1	716.8892005856675
ATTATGAGACCCAATT-1	175.90317133374094
ATTATTATGTCCGTCA-1	133.11617778918082
ATTCAGGACCTATTTC-1	696.4656845014382
ATTCAGGATCGCCTCT-1	946.513240219394
ATTCATATACTGTCCA-1	70.1174732240069
ATTCCTAAGACGTGGA-1	847.6977889444822
ATTCCTCCGCCAGTGC-1	311.94744050653077
ATTCCTTCCAGGCGGT-1	510.57758888751056
ATTCGACGCCGGGCCT-1	49.74347330089564
ATTCTCGTCTCTTTAG-1	600.3845301581757
ATTCTGAGTATGAACT-1	849.6510161601414
ATTCTTCGTACTTATG-1	803.46981770723
ATTGACGTAACTCGGT-1	735.3222701275597
ATTGATAGCAACGAGA-1	468.0355750624442
ATTGATCACCACATTT-1	123.9429809409666
ATTGATGAGTCCTAAC-1	553.9331394796009
ATTGCCTATTAGACCG-1	28.134002181622986
ATTGCTGCTCCTCCAT-1	135.02638472254822
ATTGGGAATATCTTGG-1	590.6044258331345
ATTGTACAACTCGGCT-1	585.2944490462083
ATTGTCGCAATACCTT-1	681.7902164098344
ATTGTCTGTTTCATGT-1	62.72836918081627
ATTGTGACTTCGCTGC-1	924.4963119591526
ATTTAACTCGTATTAC-1	556.3070096777457
ATTTACTAAGTCCATT-1	704.1066094655755
ATTTCATTATTTCGCG-1	655.7982382374581
ATTTCCGGGTTCTGCG-1	95.81832799778624
ATTTGCCTAGTTACGA-1	840.8292195902278
ATTTGCGCGAGTAGCT-1	58.48928125981441
ATTTGGAGATTGCGGT-1	136.12339373271365
ATTTGTTCCAGGGCTC-1	522.0685256310844
CAAACCAGGTCTGCAT-1	76.53326992714852
CAAACGAGTATCGCAG-1	45.8390400571155
CAAACGTGGTCTTGCG-1	841.2132211757196
CAAACTACGATAGAGA-1	731.0282047323342
CAAACTATTGAGCTTC-1	692.8992681000352
CAAAGATTATTGGGCC-1	41.06606690474847
CAAATCTCTCACAAGG-1	105.97755247653913
CAAATGCGGAGTGTTC-1	840.4286673159648
CAAATGTCCTTCCGTG-1	44.15643744457046
CAAATTGTCAGCAAGC-1	615.4392088093512
CAACAGAATAACGCTA-1	983.6129183373436
CAACAGTGCCAAACGG-1	886.17707242266
CAACGACCCGTTTACA-1	429.2356206232877
CAACGCGATGAGCCAA-1	139.91038012027
CAACGGTTCTTGATAC-1	391.9440361007252
CAACTATATCGAATGC-1	644.8111598639459
CAACTCCAACGTTTAG-1	885.7204313336669
CAACTCCTTGATCCCG-1	446.8474595194694
CAACTGCTCATCCGAT-1	128.6595120262102
CAACTTGTAGTGGGCA-1	577.9845539648962
CAAGCAACGTCGGAGT-1	193.3912811743402
CAAGCACCAAATGCCT-1	513.4320401335098
CAAGGATCGCATGTTC-1	151.80459860103917
CAAGGTCCTATAGGCT-1	672.3474712565469
CAAGTAAGTGATAGAC-1	90.13487904447219
CAAGTCGTTGAAATCT-1	82.20086731076607
CAAGTGAACTTTGGTT-1	707.7926376175691
CAAGTGTGGTTGCAAA-1	455.9933714914737
CAATAAACCTTGGCCC-1	415.10756781502886
CAATACGCTCTGAGGC-1	81.13070039790051
CAATATGTAGATTTAC-1	990.5315286948525
CAATATTCTTGACCTA-1	157.27683203462763
CAATCCATTATCCGTT-1	1045.4078666822056
CAATCCCTATACCAGC-1	754.516092846922
CAATCCTGCCGTGGAG-1	426.6090170126089
CAATGGAATCTACATA-1	827.2423880842008
CAATGGATCTCTACCA-1	475.7185087416061
CAATGGTCGGCCTGGG-1	721.1569183927169
CAATTGGGCCGCACTC-1	137.3038820720584
CAATTTCGTATAAGGG-1	148.50162845055692
CACAAGCTAAGAAAGG-1	141.3523371194537
CACAATGAGCTGCTAT-1	28.883227813527473
CACACGCGCTGTCTTA-1	444.72097486256376
CACACGTTTCAATGGG-1	886.7849838165782
CACAGAGACGAGGACG-1	87.50412441898361
CACAGCTAGGGAGTGA-1	448.8093038047477
CACAGGGCCGTTGTCA-1	161.82283781692468
CACATAAGGCGACCGT-1	704.1613404310314
CACATCGTGCACGCGC-1	111.30464898198247
CACATGATTCAGCAAC-1	138.79448264984237
CACATTCTTTCGATGG-1	663.2357408799664
CACCAATCATCCGTCT-1	118.22420630370321
CACCACGCCACACAGA-1	57.63294996426348
CACCAGTCAGCATGCA-1	59.86082840369793
CACCATCGGAGGAGAC-1	634.7506359626319
CACCCAAATCTTATGT-1	608.4755039563838
CACCCACACGTCACCC-1	441.6565994924707
CACCCACGAGGCAATT-1	600.583645725458
CACCCGGTTTGTGACT-1	149.38736365635356
CACCCTTGGTGAGACC-1	25.90792732917675
CACCCTTTCCTCGCTC-1	592.8644419439686
CACCGATACACCGAGC-1	765.7611061761529
CACCGCCGACCAGCGA-1	694.7656901559864
CACCGCGTCCACTCTA-1	807.0883176626795
CACCGGAGATATCTCC-1	875.7337394081064
CACCGGTAGAGACATT-1	127.57460055832789
CACCGTTAGGGATCAC-1	126.25748830417393
CACCGTTGCGCGATAT-1	72.972142642315
CACCTAATAGAGTCGT-1	364.620417427358
CACCTAATCAGTTTAC-1	510.52433991540096
CACCTCGATGGTGGAC-1	534.4982934084508
CACCTTGCGAAACTCG-1	519.483947015607
CACCTTGGCGCCTTTG-1	560.1312586887282
CACGAAAGTTAGTCCC-1	83.70860546918716
CACGACCACAGACTTT-1	1021.151579020978
CACGACGTAATAGTAA-1	981.0103649069904
CACGACTAAAGTTCTG-1	733.0338626027311
CACGAGCAAACCAGAC-1	2.28783213298729
CACGATTGGTCGTTAA-1	795.1222840505812
CACGCACAGCGCAGCT-1	440.9542276721884
CACGCGGAACTGTTGC-1	500.2346330065237
CACGGCGCGCCAAAGG-1	813.625384354074
CACGGGATTGAGGGTT-1	149.58525190490045
CACGTCGGCAACCTCT-1	76.7208370971619
CACGTCTATGATGTGG-1	888.1334835978321
CACTAAAGTTGCCTAT-1	116.09075724561406
CACTACTCAGTTCTGT-1	807.4406298520047
CACTCAGCTCTTGAGG-1	672.4881311374498
CACTCCTATGTAAGAT-1	109.87991182023462
CACTCCTCTCGGTCGG-1	694.2967420765754
CACTCGGTTAGGAGGA-1	107.59874565753107
CACTCTCAAGCATCGA-1	124.25749116700207
CACTGACGATTGTGGA-1	67.48448559786317
CACTGTCCAAGTGAGA-1	407.7076114439201
CACTTAATCAGACGGA-1	135.3749015636158
CACTTCGCCACAGGCT-1	298.79664892313133
CAGACACCGATCGCTG-1	167.01303552637384
CAGACCTGTAAGTGTT-1	571.3102882589972
CAGACGAACCTGATAC-1	102.94632037581613
CAGAGACGGTCACCCA-1	155.48256632696126
CAGAGCATGAGCTTGC-1	392.66336520382305
CAGAGGCGATGCATGA-1	183.39960411308684
CAGAGTGATTTAACGT-1	702.6927503177603
CAGATATGAAGATGAC-1	93.91772868677874
CAGATCATTTAAAGTC-1	762.4849751513754
CAGATCCTGGTTTGAA-1	71.88800544413769
CAGATGTTTGTCCCAA-1	88.22861645014532
CAGCAGCCCGTTCCTT-1	408.5049775213073
CAGCCCTCACAGGCAG-1	804.1475283994097
CAGCCGGGCCCTCTAT-1	755.1613392915244
CAGCCTCCTGCAGAGG-1	487.85098162625087
CAGCCTCTCCTCAAGA-1	750.1479650000158
CAGCGATTCCCTTCAA-1	180.38983924880455
CAGCGCCAACACGATA-1	50.137192401623004
CAGCTCGACAAGTTAA-1	512.7774317726798
CAGCTCGTGCTTGTGT-1	488.9185760500442
CAGCTCTGGGCTCACT-1	115.71818611352906
CAGCTGGCGTAACCGT-1	61.16790244498808
CAGCTTAGTAGGTAGC-1	84.27950741336527
CAGGAAGACTTTATAT-1	718.3448740960575
CAGGATATATCGTTGT-1	43.461552813522665
CAGGATCCGCCCGACC-1	770.9563866058421
CAGGCCAGTACCACCT-1	84.46139884046923
CAGGCCGTTTGGGTGT-1	77.4976654062232
CAGGCGCACGGTGGTC-1	23.264772811438466
CAGGGAGATAGGCCAG-1	49.47700037519008
CAGTAACTATTTATTG-1	737.1762377756389
CAGTACATTCTCTAAA-1	731.9244464164753
CAGTACCAGTTTACGT-1	16.779337347890042
CAGTAGCCCACGCGGT-1	562.8473587253153
CAGTAGCGAGGTAGTA-1	643.2699863494672
CAGTCGAGGATGCAAT-1	637.4502589008589
CAGTCGGCCTAGATAT-1	117.742741269677
CAGTCTCTCGGCTAAT-1	598.3786674177019
CAGTCTGTATACTGGG-1	115.42637120895023
CAGTGAATAAATGACT-1	495.60413249039254
CAGTGTCCGCAGAATG-1	443.04951341716963
CAGTGTTAATCTCTCA-1	107.81587573150595
CAGTTCGAGGACCCGA-1	125.90944583701513
CATAACGGACAGTCGT-1	475.2803545727252
CATAAGCTCTCCGTCT-1	82.2006568595288
CATAATGAGCGGGCGA-1	660.4640272342659
CATACAAAGCCGAACC-1	473.32448070146216
CATACACAAAGTCAGC-1	101.40278265375143
CATACACGGTTCCCAC-1	107.57871327098083
CATACCCGTACCCAGT-1	112.66765694191652
CATACGAACTAGCTGG-1	48.70814731047615
CATACGGCGTCTGGGC-1	115.10760876711402
CATACTATGTAATTGT-1	93.5761615802154
CATACTTAGGCAATAC-1	692.8162702820049
CATACTTCTTTCTCCG-1	114.12484983136189
CATAGCGTTGCCCACC-1	181.31855220354365
CATAGGGACACTTGTG-1	26.269144439182252
CATAGTACATTGAGAG-1	631.582760804181
CATAGTAGCATAGTAG-1	422.9753126870958
CATAGTCCACAAGAAC-1	41.00216953592534
CATATACTACTGATAA-1	760.4115938459604
CATATAGGTACAGTCA-1	8.903768559921689
CATATGTCAGGCTACG-1	84.90056343747968
CATATTATTTGCCCTA-1	752.634917671542
CATCATCTACCCGGAC-1	663.3220664829622
CATCCAATATAGTTTG-1	103.39005765850527
CATCGCCCGCGGCCAA-1	501.11005248590226
CATCGGACGGGTTAAT-1	27.767991288178116
CATCTATCCCGTGTCT-1	743.2049444754032
CATCTGCAGGATCATT-1	214.5877110217726
CATCTTACACCACCTC-1	527.5050638124834
CATGAACCGACATTTG-1	550.2442668583756
CATGAACCTCTTATCA-1	782.2203332975411
CATGACTTCGCTGAAT-1	599.8657061376812
CATGAGTCCATCACGG-1	128.20928545498052
CATGATGCACAATTCT-1	473.5785595030931
CATGCACATGAGAGGC-1	20.466761602708267
CATGCACGTGTTACTG-1	935.1783425801941
CATGCATGGAGACCCT-1	766.1264521210786
CATGCCAACTCGCAAA-1	73.23571176878104
CATGCGACCAGTTTAA-1	615.3092928048486
CATGCGTTAGACAGAA-1	559.9362743356386
CATGCGTTGAGAGGAG-1	140.3105889861691
CATGCTGGCTCCAATT-1	611.5759694957591
CATGGAAATGGGACCA-1	966.452249270261
CATGGCAGGAAGATCG-1	501.2922030044967
CATGGGTCGGGTGTGG-1	576.4898148014724
CATGGTATTAGTTTGT-1	185.1797664748995
CATTACGTCGGCCCGT-1	489.35609786037077
CATTATAACAGGGTCC-1	850.4369621295351
CATTATCCCATTAACG-1	28.18287516528429
CATTCACTGACAGCTA-1	775.1437362803091
CATTGCAAAGCATAAT-1	924.1319468492152
CATTGCGAAATGGGCG-1	111.12561223396847
CATTTAGCGGACCATG-1	511.5972425754465
CATTTATCGTTCAAGA-1	817.0855063046936
CATTTCTAGCAGACTA-1	386.82458930506505
CATTTGAGTGGTACGT-1	103.11329722086955
CCAAAGTCCCGCTAAC-1	681.3448015247088
CCAAATCAAAGGGCAA-1	35.95177718897127
CCAACCTTATGTAACT-1	102.05530345892298
CCAACGCTTGCCAGGG-1	870.196976812601
CCAAGAAAGTGGGCGA-1	148.4968945475005
CCAAGACTTCTGCGAA-1	456.5006789341861
CCAAGGAACAGAGAGG-1	528.0246043407665
CCAATAGTGCCGTCGA-1	159.25995394079675
CCAATCGGTAGATCGA-1	694.1143247720188
CCAATGTCACAGCAAG-1	71.7669382369112
CCAATTACGGGTCGAG-1	670.0126942919513
CCACAATGTACGTCTT-1	452.808795034859
CCACACTGAGATATTA-1	29.712911498343445
CCACAGCTGAAATCAT-1	556.6867476728436
CCACATGGCTCTTTAT-1	137.21872426163995
CCACCAACTTTACTGT-1	148.77126845670298
CCACGAATTTAACCTC-1	634.0958610669304
CCACGAGAAGAGAATC-1	583.1346139940625
CCACGGAGCCATAAGA-1	95.31135645368856
CCACGGCAGGTGTAGG-1	56.96421893440624
CCACGGTGCCCGGTAG-1	631.6918566463539
CCACTGGTGGCTGGTT-1	15.462241272111223
CCAGAAAGCAACTCAT-1	120.60662075621875
CCAGATAGTTGAGTGA-1	458.0071129345194
CCAGCCTGGACCAATA-1	162.64319610970847
CCAGCTACGCCTCATA-1	553.41542704659
CCAGCTGATGGTACTT-1	48.96683579397681
CCAGCTTCCGCCCGCA-1	126.75813688756372
CCAGTAGTCTGATCCA-1	535.3307030659859
CCAGTCAAATCTCTTA-1	79.26832192055802
CCAGTCCATTATTCGA-1	510.0899670605351
CCAGTCTAGACGGCGC-1	535.2839509140489
CCAGTCTTGTCATAGA-1	169.13465592013878
CCAGTGTACAGACCGA-1	61.80577142831456
CCATAAACAACCCGAC-1	643.2845626317353
CCATAACCTGTGCAGT-1	126.89048678243817
CCATACCTTTACTTGT-1	613.1430566452727
CCATACTCGCCTCTCC-1	155.27510492008838
CCATAGAGGCTGCCAG-1	197.49315288286553
CCATAGGTTGGCGTGG-1	496.20650386468924
CCATCCATACCAAGTC-1	467.1797274796751
CCATCGCAGTTAAACT-1	155.0815899050413
CCATCTCACCAGTGAA-1	511.0158320634966
CCATCTTGTTCACAAT-1	616.8603611041016
CCATGCCTGTTTAGTA-1	123.13861290462876
CCATGGCAAACGCTCA-1	170.77084105651102
CCATGGCCCTTGTACC-1	47.67728154646581
CCATGTTCATCTATAT-1	15.86911847747322
CCATTAGCGATAATCC-1	196.14872937392695
CCATTCCCTGCCCACA-1	197.31714763310165
CCCAAACATGCTGCTC-1	424.2533676010069
CCCAACATACGTCGCG-1	45.59112280225559
CCCAACCACACTAACA-1	711.2255635912672
CCCAAGAATGCACGGT-1	934.2121203715125
CCCAAGACAGAGTATG-1	719.7975423671626
CCCAATGAGATTTGCA-1	91.62854765437498
CCCAATTTCACAACTT-1	131.05112603932199
CCCACTCCACGGTATC-1	120.62729850992271
CCCAGAGGAGGGCGTA-1	746.1560961649822
CCCAGATTCCCGTGAC-1	142.1147571191449
CCCAGTAAACTTGGGA-1	87.21715495289314
CCCGAAGTTTCGCGAA-1	98.76554025225285
CCCGACCATAGTCCGC-1	524.0101745756243
CCCGCAGGGCCCAAAG-1	716.010748094751
CCCGCCATGCTCCCGT-1	393.3404820898718
CCCGCTAGAGGGTTAA-1	937.8150267293734
CCCGCTTGCCCTCGTC-1	711.7769942102431
CCCGGTGTATCGGAAT-1	87.80498650848094
CCCGTAAGTCTAGGCC-1	97.64515402064143
CCCGTAGCTGGGAAGA-1	146.64374835779725
CCCGTGAGGGCGGTGA-1	97.15120958147601
CCCTAGCTCTAAGGTC-1	20.84858482655602
CCCTAGGCAACAAGAG-1	148.1015283051151
CCCTATGTAGAGCAGA-1	63.777214310487935
CCCTCAGATCGAGAAC-1	55.41932667763452
CCCTCATCACAGAGTA-1	71.4256346000252
CCCTCATTCTGGAATT-1	465.8400854712218
CCCTCGATAATACACA-1	15.413951557604864
CCCTCGGGAGCCTTGT-1	804.670363670687
CCCTGAAATGAGTTGA-1	211.52531876245675
CCCTGACTAACAAATT-1	91.76684507300997
CCCTGCCCAATCCGCT-1	29.91019911528375
CCCTGCGCTACGCATA-1	20.33423694611757
CCCTGGCTGTTCCTTC-1	142.15011507516476
CCCTGGTATGGGCGGC-1	774.4433948337586
CCCTTCTCGTACGCGA-1	698.6594095298191
CCCTTTGACAGGTCTT-1	131.47417674063132
CCGAAAGTGGTGAGCA-1	367.69512392894677
CCGAACACTGGGCCTC-1	94.0804338450506
CCGAAGCATTGACCAA-1	220.8991537622254
CCGACAAAGGGAGTGC-1	29.881812640422027
CCGACGGGCATGAGGT-1	16.04254692173472
CCGACGTAAACACAAC-1	798.0863035536684
CCGACTCGCATAGTCT-1	831.4982878272692
CCGAGGGATGTTAGGC-1	739.9402598529007
CCGATCTCAACCTTAT-1	550.9671634297242
CCGATTCGAGGGACCC-1	26.101591965298695
CCGATTGGTCAATGAA-1	996.9521183355953
CCGCACGTGACCTCGG-1	139.818572777215
CCGCATGTGGTACGAT-1	273.9149600726869
CCGCCACCACAATCCA-1	792.126755427391
CCGCCGGAACTTCTCG-1	122.39663233716412
CCGCCGGTCAACACAC-1	580.5975348363928
CCGCCTGCGAATTGGT-1	765.3530898935629
CCGCCTTGCGATGTCG-1	88.23919402204882
CCGCGATTTGGTAGGT-1	67.74813594285858
CCGCGGAATGCGTCAC-1	132.32138779264963
CCGCGGGTACGAAGAA-1	66.1795538175801
CCGCGTAGGTAAGGGC-1	89.72055218849997
CCGCTATCAGCACCAG-1	85.04553036021896
CCGCTGGTGCCATTCA-1	783.3780259609667
CCGCTTACCTCACTCT-1	29.782929835755507
CCGCTTCGCGGTTAAC-1	704.8289453448828
CCGGAGCGTACTTTCT-1	151.49770437915222
CCGGCACGACCGTTTC-1	678.3695382992681
CCGGCCGCGAGCATAT-1	149.30842933907428
CCGGCGCATATTGGAT-1	561.4341225708242
CCGGCGTGAGACTCTG-1	73.2209837167704
CCGGGACCCGCAGAGA-1	514.3435978078916
CCGGGCTAAGAATTTC-1	82.195583303394
CCGGGTTCGAGGTTAC-1	133.44528770835765
CCGGTTTGTAATTGTG-1	148.84447292513696
CCGTACCCAAGCGCCA-1	489.52415034031185
CCGTATCTCGTCGTAG-1	10.162994348883833
CCGTCAACCTCTGGCG-1	155.32432766759825
CCGTGCCCATGACGGC-1	562.5681618228451
CCGTGGAACGATCCAA-1	718.6684502963566
CCGTGTTAAATTCCAT-1	52.95420011218805
CCGTTACGTTAGAACA-1	615.2208730300705
CCGTTCCGAATCTCGG-1	26.75102724406798
CCGTTTCCTTTCCGTG-1	104.21025523189402
CCTAAACAGGGTCCGT-1	828.3075658927277
CCTAAAGGCTGACGCT-1	682.7596004392124
CCTAAATTAACGGTTC-1	139.17648180112369
CCTAACTAAGGCTCTA-1	638.9801981044749
CCTACAAGTCCGGAAT-1	924.130609670465
CCTACATTCACAGACG-1	92.37922873621334
CCTACGCGACCTTACA-1	948.5078818903589
CCTACGGCTCAGTCGA-1	402.0863140540838
CCTAGGTAAAGGTAGC-1	82.10717688652834
CCTAGTTAGTCGCATG-1	658.186579784292
CCTATACCGTCCTGTC-1	161.95389365983863
CCTATATCGTGTCACG-1	157.01943744494318
CCTATATTTGTCCTGG-1	66.55566858902309
CCTATCTATATCGGAA-1	561.8543197984169
CCTATGAAGTGGTGCC-1	669.0635609812191
CCTATGGCTCCTAGTG-1	84.75344916189168
CCTCAACGATCGCTGT-1	64.11876648737102
CCTCACCAATCTTGAC-1	394.90643335405736
CCTCACCTGAGGGAGC-1	633.0840602185898
CCTCACCTTAGCATCG-1	593.3320934013453
CCTCATGCAGCTACGA-1	518.872295537907
CCTCCCGACAATCCCT-1	681.3157385573679
CCTCCGACAATTCAAG-1	129.57922187228138
CCTCCTAGCTAGAGTC-1	165.29034506612703
CCTCCTGAGCCCACAT-1	61.42389282581642
CCTCGAAGTGGACGGG-1	596.0745537556743
CCTCGACCCACTGCCT-1	837.7117522678567
CCTCGCCAGCAAATTA-1	558.924588946915
CCTCGCGCGATATAGG-1	655.9040458295029
CCTCGCGCTGTGCGAT-1	192.65585676427548
CCTCGGATGCTACCTG-1	152.40601661197599
CCTCGGTTTCCTTGCC-1	104.29846890683721
CCTCGTTACGCCTGTT-1	1019.8897009708323
CCTCTAATCTGCCAAG-1	465.13158860708023
CCTCTACAAGGATTGG-1	19.971023423521512
CCTCTATCGATTAGCA-1	17.348647473991495
CCTCTCTCCCATCTAG-1	162.04429846829632
CCTCTGGCCTAGACGG-1	619.0496021594191
CCTCTGTACTATTCTA-1	210.29365435969373
CCTGAATATTTACATA-1	451.59816722957214
CCTGACCACCGATGGT-1	64.06690605063845
CCTGACGCAACCTTTA-1	909.9558239534819
CCTGAGAATAAATGCA-1	67.32700251026161
CCTGCCCGTTGTCTAG-1	111.75983763352112
CCTGCGTTCTACGCTT-1	107.7222164110226
CCTGTAAGACATGATA-1	120.15977013510027
CCTGTACTCACGCCCA-1	49.86993630374905
CCTGTCGCCCGTAAAT-1	161.32895964341574
CCTGTGAAACCGTAAC-1	109.383659600216
CCTGTGCGGATTGTAA-1	985.0792408495653
CCTGTTCAACCTCGGG-1	84.85502107712225
CCTTCAGTTAAAGTGA-1	35.9367415357622
CCTTCCGCAACGCTGC-1	103.59329163323916
CCTTCTCAGCGTTCCT-1	89.033816098782
CCTTCTTGATCCAGTG-1	534.7169047540399
CCTTGTGAACGTGGTT-1	116.21480296011218
CCTTTAAGGGAGCACT-1	107.36569617918526
CCTTTCAATGAAGAAA-1	599.3660892345664
CCTTTGAATTATGGCT-1	182.4238300991189
CGAAACATAGATGGCA-1	704.1542186825266
CGAAACGCAATTCATG-1	89.72629570597785
CGAACCCGCATGCGTC-1	81.4778035998025
CGAACCTCTTTCCTAG-1	44.415213193886835
CGAACGCCCAGTGCCG-1	609.8968573565
CGAACGGCCGGACAAC-1	35.719351494931665
CGAAGACGGTGAGTGC-1	129.5171930510639
CGAAGACTGCCCGGGA-1	785.1595853031625
CGAAGCTATAAATTCA-1	773.0343450722528
CGAAGGGTTTCAGATT-1	151.71818133735866
CGAAGTTGCTCTGTGT-1	153.07156805178028
CGAATCTGCTCGACGC-1	96.40890712167537
CGAATGAAGTCATTGC-1	104.76807622319728
CGAATGACGCATAATG-1	124.69405765246593
CGAATGGTAGGTCGTC-1	79.16726948127217
CGAATTACATGGTGTT-1	972.6820686716401
CGACAATTTGATCTAA-1	463.4729308471992
CGACAGTTCGCGTTAT-1	125.6875578353686
CGACATGCGATCTTCT-1	704.6904932820198
CGACCCTTAACGCCGG-1	55.07939991874529
CGACCGTTGGTATTCG-1	58.650285568290876
CGACCTACTAGACAAT-1	122.34035153840293
CGACGCATCCGTACCT-1	83.36745868321351
CGACTCAGGATGTTAT-1	575.2507386841665
CGACTTTGTATAGCCT-1	667.1402642918446
CGAGACCCTAGAGTGT-1	52.75898088352993
CGAGAGCGCGTAGATA-1	126.17874923104283
CGAGATGTTGCCTATA-1	688.6497999173092
CGAGCGTTGATCAGCC-1	549.5837582447971
CGAGCTGGGCTTTAGG-1	537.539046352576
CGAGGCCAGGCATTGG-1	426.02276794252015
CGAGTACTAAAGAGGA-1	3.894033493058294
CGAGTGAAGGTACCAG-1	23.34602777200064
CGAGTGCTATAGTTCG-1	544.9710437893109
CGAGTTCTGTCCCACC-1	481.31097283391097
CGAGTTTATCGGACTG-1	457.52800911242144
CGATACCTCGCGGACA-1	14.846950242717115
CGATAGCGATACAGTG-1	200.0467304972244
CGATATTAGCCGCAGG-1	593.8987288671157
CGATCCACCATTGTTG-1	44.2180257218138
CGATCCGACCCAGTGC-1	51.87438597994577
CGATCCTCGCAACATA-1	94.64688251009125
CGATCTGTTGGAGGAC-1	100.24388010610188
CGATGGACCCTACGCC-1	649.9773853829637
CGATGTTGTTATCTAC-1	121.78790770577352
CGATTAAATATCTCCT-1	234.12127194687167
CGATTTGTCATTAATG-1	37.93908924429319
CGCAATTACTTTCGGT-1	270.74611862240084
CGCACGTCTGTTTATG-1	26.06327329212376
CGCACGTGCGCTATCA-1	518.9466209323843
CGCAGAAACATTTGCG-1	689.7528449419448
CGCATCATGGCTTCAG-1	789.9747283897625
CGCATGGTGCGATGCT-1	130.36260489560067
CGCCAAGAAGCCGAGT-1	27.84054916381645
CGCCACAGGTCGCGAT-1	90.67781258743686
CGCCATCCGATTATGA-1	489.972691023803
CGCCCAGCACGCCTAG-1	94.97526341306899
CGCCCGCTTCCGTACA-1	597.1569142988893
CGCCCTAATTGTTCAA-1	189.24516712733458
CGCCCTTACATCCACC-1	1033.465433841518
CGCCGACTATTCGCTA-1	90.01088477910888
CGCCGCGTTCTGAACG-1	148.7493087152933
CGCCTGGCCTACGTAA-1	90.63085143799604
CGCGAGAGGGACTTGT-1	842.0502785782284
CGCGAGTCTGCCGGGT-1	66.27200889928308
CGCGCAAATGTCCAGA-1	26.99121417554281
CGCGCAAGGAACTACA-1	620.7593828190121
CGCGCATGTTTGATTG-1	117.88290721655352
CGCGCCCGACTTAATA-1	513.4906208274409
CGCGGCTCAACTTGAA-1	487.61667096780127
CGCGGGAATTAGGCAG-1	424.27690047272864
CGCGGTCACAAACCAA-1	795.9558331150454
CGCGTCATATTAAACC-1	827.2561878599223
CGCTACCGCCCTATGA-1	719.4966776281633
CGCTACGGGACATTTA-1	52.22053703551799
CGCTAGAGACCGCTGC-1	542.7708325058134
CGCTATACCGCCCACT-1	457.79480923066217
CGCTATTCAATGTATG-1	338.3414341142423
CGCTATTCTTAGGCTC-1	113.14653582906084
CGCTCTCCGTAGATTA-1	176.77276727977093
CGCTGAGGACGTCCAA-1	671.8577908564761
CGCTGTGTGGATGTTG-1	85.90005371864461
CGCTTAGTATTGATAC-1	90.57153880978815
CGCTTATTCCCGGTCG-1	86.48140076682462
CGCTTCCACTGAAATC-1	417.5052717626868
CGCTTTCATACCGGTG-1	542.6002097008161
CGGAAAGAATCAAACG-1	100.15924084936351
CGGAAATTTCACATCC-1	862.4003972483043
CGGAACGTAAACATAG-1	61.72640756005089
CGGACCTCTGTAGTTA-1	44.76833600181468
CGGACGTTACTTGAAG-1	64.02409423443632
CGGAGCAATTTAATCG-1	227.7893742608692
CGGAGCATGGCGATCC-1	151.7681116250734
CGGAGCTTATAACACC-1	779.3245961132585
CGGAGTCCTAACCTGG-1	1057.7824625429048
CGGATGAATGCTGTGA-1	77.97585584806069
CGGATTCTGCCTTATG-1	102.00049876140227
CGGCAAACATCGTGCG-1	215.2362905188851
CGGCACCGTTAGCGCC-1	778.7511674594426
CGGCACTCAAGAAAGT-1	473.3848337905404
CGGCAGGGTCGGGTTG-1	507.94383822831367
CGGCCACGCACAAAGT-1	165.01877887933156
CGGCCAGAGCGACCAT-1	88.44115880693334
CGGCCCAACCTGTAGT-1	740.1348941882154
CGGCCCAGGTATATCC-1	584.2752023044834
CGGCTCTTCGTCGAAC-1	814.1681769873531
CGGCTGCAAGATTAAG-1	798.7266864591567
CGGCTTTGTATGATAA-1	686.3729336073881
CGGGAATTTATGTAAA-1	107.4159906035294
CGGGATCAATGTAAGA-1	385.0653367086349
CGGGCCTTCTTTGTAA-1	43.36070808318037
CGGGTGTACCCATTTA-1	424.3538826550046
CGGGTTCGGCACGTAT-1	971.9672500252633
CGGTACGGCAAACCCA-1	77.71893069517668
CGGTAGAGGTGCAGGT-1	615.4741302195786
CGGTATAGGTATTAGC-1	846.1395399375715
CGGTCAAGTGGGAACC-1	456.356961409648
CGGTCCGTCGCAAGCC-1	52.22389669800904
CGGTCTATCAACCCGT-1	609.0438859035277
CGGTGAAGACTAAAGT-1	8.50859314654135
CGGTGCAGATAGAACG-1	67.99212758023717
CGGTGCGCGTTGGTCC-1	87.59201439670524
CGGTGGGCTCCAGCCT-1	781.0087038937057
CGGTGTACTTGATCCC-1	378.4701571134014
CGGTTATCCAACAGTG-1	570.351541871279
CGGTTCAAGTAGGTGT-1	640.7450966741559
CGGTTCCGGCTTCTTG-1	537.5648023531314
CGGTTGACCTGGCATA-1	61.551844640999406
CGGTTGAGTATCCTTC-1	33.575012971127016
CGGTTGGGTTCAAGTT-1	904.0508788005642
CGGTTTATGAAGGAAC-1	900.2112812447682
CGTAAACGCTTGAGTG-1	489.1677428617161
CGTAAAGCAAGAAATC-1	39.61508542979708
CGTAACTTCGACACTT-1	112.44546665669527
CGTACCTGATAGGCCT-1	449.3443181817998
CGTAGCGAATTGTCAG-1	634.0291942573836
CGTAGCGCCGACGTTG-1	683.5892168997566
CGTCAAGGCTATAAAT-1	132.14311026720978
CGTCACGTCCATTGGT-1	45.15161812990201
CGTCAGTGCGCACAAG-1	586.7794800202337
CGTCAGTTTATCGTCT-1	817.8564559126776
CGTCGCTTGGTTATAC-1	60.7903263617884
CGTCGGATAGTGTTGA-1	512.4200061899927
CGTCGGGTCTAAGCGC-1	43.97642201012923
CGTCTGGAAGGGCCCG-1	536.2917381524495
CGTGAAGTTAATTCAC-1	62.768403917872305
CGTGACATTGGGTCGT-1	669.8642980577321
CGTGACCAGTCCTCTG-1	100.50901649211332
CGTGCATTGTCGACGC-1	133.624935514293
CGTGCCCGACATTTGT-1	828.8826019459761
CGTGCTTCTACCTAAA-1	78.94432296717102
CGTGGTACCCAAAGGC-1	77.9861747982399
CGTGTCTCGTTACGAC-1	134.02315308054185
CGTTAGCTCACAACTG-1	731.6112115893987
CGTTATCATACTTCCA-1	116.63083587291035
CGTTCAAGGAAACGGA-1	144.88826549199834
CGTTCATGGTGCGCGT-1	37.97222701617614
CGTTCTTCGCACACCT-1	810.1569704402511
CGTTGAGTAATTGCGT-1	861.0608557990993
CGTTGCCCGCGTGGGA-1	41.9388356875481
CGTTGTAAGATTGATT-1	716.8961372550706
CGTTGTTTCAATTCCC-1	173.36001710991442
CGTTTAAGCGGAGCAC-1	588.4969243544155
CGTTTCACTTCGGGCG-1	678.2721028463668
CGTTTCGCTCATTACA-1	113.77967225481224
CGTTTGTGTAGAGGGT-1	168.29158776508598
CTAAACGGGTGTAATC-1	680.003982121223
CTAAAGAATGCCTACT-1	164.12495533371407
CTAAAGGGAAATAGGA-1	66.60453624170543
CTAAATCCGGTGTACA-1	136.27344517804255
CTAAATCCTATTCCGG-1	487.9361617567783
CTAACCGCGCGCCCGT-1	157.54176026444492
CTAACGAAACTTGCTG-1	528.5156859850453
CTAACTGGTCCGGTTC-1	93.93113485694707
CTAAGTACAGGGCTAC-1	952.3177334314624
CTAATTCTCAGATATT-1	675.0005125304276
CTACAAGAAATAACCC-1	122.49657919165368
CTACACTAGCTTGTTC-1	664.5044411336494
CTACATATCGCGGGAC-1	171.6546666295428
CTACCCTAAGGTCATA-1	486.66639936559056
CTACGAACTAGGTCGA-1	798.394589897466
CTACGACTAGCTATAA-1	57.34047237364266
CTACGATCCTATCCTA-1	106.0874050379636
CTACGCACGGAGTACC-1	148.49306253058575
CTACGCCATTTCCGAT-1	704.2554014461193
CTACGTGTTGCCACCA-1	594.5741186116406
CTACTATCATAGGTTT-1	2.9989713807758744
CTACTATCTTTCAGAG-1	529.6962822643573
CTACTCAAGGTATAGT-1	74.44795106559619
CTACTCTAGGCCCGGC-1	76.99666566274365
CTAGACATATATGTAG-1	963.4500998193015
CTAGACTGCATTTCGT-1	841.8946729061028
CTAGATAAACTCCTCG-1	574.201915558514
CTAGATGTGAGTGTAA-1	598.8618041934691
CTAGCAACTAATTTAC-1	681.9263882138637
CTAGCCCGGGAGACGA-1	124.47321916907343
CTAGCCGATGTTATGA-1	682.1922227141187
CTAGGCGGCAGAGAAT-1	647.2754002922679
CTAGGGATAGGGACAA-1	168.22095751860488
CTAGGTCTGAAGGAAT-1	591.2228550084866
CTAGTATTCGGAATTA-1	669.0072073811632
CTAGTCACGTCTTAAG-1	196.5922964513497
CTAGTGAAGGACAGGA-1	186.17464813876586
CTATAAGAGCCAATCG-1	635.0889795428741
CTATAGGCGTTGATGT-1	96.23730639828221
CTATATCCAGCCTGGC-1	19.54290821415204
CTATGAACACCTTGCC-1	75.16162346537975
CTATGCCCGAATGCAA-1	148.8375062986547
CTATGTCTATTGAAAC-1	622.3586418940205
CTATGTGAGTCACGGC-1	72.45596916169688
CTATTCATGTGTCCCA-1	193.98869248180603
CTATTGTGTTTGGTCA-1	828.6248643049952
CTCAAACCACTGCCCG-1	73.96359397248304
CTCAAGACATTAGCGC-1	820.816996054101
CTCACCAGTACAAGTG-1	151.18925598514988
CTCACTTGGCTGGTAA-1	73.64960398678281
CTCAGATTGTGATAAG-1	78.62395891576155
CTCAGGACTCACCTGT-1	395.5681695927237
CTCAGTCACGACAAAT-1	622.0821233527405
CTCATGGCTCACAATC-1	600.1959997415656
CTCATGGTAATTTGCG-1	59.337667923511965
CTCATTTGATGGGCGG-1	417.2238905462329
CTCCCTCCTTTCGATC-1	48.3548657619872
CTCCGCCCACATGAGG-1	66.85271147108848
CTCCGGCCTAATATGC-1	465.7123867112461
CTCCTAAGTTATGTCT-1	477.637337847174
CTCCTAGTAATCGTGA-1	47.25439898373533
CTCCTCCAGCTCACAC-1	43.69356593940887
CTCCTTTACGCAAGTC-1	760.4756661144122
CTCGAATGGAACGTAT-1	938.5682571122019
CTCGAGACATACGATA-1	159.4732491939421
CTCGAGGCAAGTTTCA-1	80.60348994794396
CTCGATATTTGCGAGC-1	663.4015983647341
CTCGCACCTATATAGT-1	413.71681559895495
CTCGCATTGCATAGCC-1	134.981860788686
CTCGGGCATCGTCGGG-1	879.6067572030729
CTCGGGTTCTCTGGCC-1	99.15392323761125
CTCGGTCCGTAGCCTG-1	471.2360141282651
CTCGGTTGTCGGCCCT-1	21.661020217994103
CTCGTCGAGGGCTCAT-1	77.05473855688597
CTCGTTACGGCTACCA-1	127.2913018618368
CTCGTTTCTAATGTTT-1	723.6910023716118
CTCTAATGCATTGATC-1	759.2583648221508
CTCTACACTGGCGATT-1	77.1680866454658
CTCTCGATGTGCGCCT-1	781.098929384069
CTCTCTAACTGCCTAG-1	11.274380556373815
CTCTGCAGGCATTCTT-1	57.2462397212013
CTCTGCGAAGCAAGCA-1	576.2381703677605
CTCTGTGCCTGCTATG-1	746.8137380070191
CTCTGTTTGAGGATTC-1	620.2667886702654
CTCTTCTGGAAGTTAG-1	72.51185080649284
CTCTTGTCCCGCTTGG-1	214.83638229217655
CTGAAAGAGATCCGAC-1	510.27321430753784
CTGAATCCGAGACCTC-1	60.54365760506183
CTGAATTTATTGCCAG-1	742.9439582365525
CTGACTGCGCAGCTCG-1	593.0848743626841
CTGAGCAAGTAACAAG-1	406.4602329515682
CTGATAGTGTATCTCA-1	86.86248180270027
CTGATCCCTTTATGCA-1	55.68044275440658
CTGCAAATGGGCTCCA-1	868.3164058674981
CTGCACAACTACATAT-1	273.3844973560026
CTGCACCTGGAACCGC-1	518.6262825249845
CTGCCAAGGTTGGAAG-1	524.4919460746837
CTGCCATGCATCACAT-1	91.63474204028127
CTGCCCACGAAGCGTT-1	154.1487594987944
CTGCCTAGCCACCAAG-1	776.8658431060373
CTGCCTTTAATACCTT-1	37.8232567405155
CTGCGGGTGAAATGTT-1	69.49068453573508
CTGCGGTAGTCACGTG-1	815.4411857698891
CTGCGTTACGATATAA-1	696.9994496812968
CTGCTGAGGCCACGAA-1	71.65819549651762
CTGGACGCAGTCCGGC-1	63.47922066382226
CTGGATTTACACTTGA-1	107.60862925500128
CTGGCATCCGAATGAG-1	101.38851879811465
CTGGCGACATAAGTCC-1	621.3855673857598
CTGGCTCCTGCGGGAT-1	576.1540377827693
CTGGCTGCTAACGTAA-1	616.1421016291227
CTGGCTGGTTGTCAGT-1	203.9506034567573
CTGGGATCGCCCAGAT-1	845.276925090572
CTGGGCACTAGTCGGA-1	1009.2320499109555
CTGGGCCTGCTATATC-1	59.010178589835064
CTGGGCGGCCAAATGT-1	877.3044686570994
CTGGGCTATCCTTTGG-1	995.9345559990819
CTGGGTTGAGTTAAAG-1	111.15372398983868
CTGGTAACGAGCTCTT-1	570.423595070133
CTGGTCCTAACTTGGC-1	728.1215565047709
CTGGTGAATGGGCCTA-1	92.72517358240071
CTGGTTCAACGCATCA-1	584.4772048525656
CTGTACTTCTTAGCAT-1	37.53723152463369
CTGTAGCCATCTCACT-1	140.37893608871377
CTGTAGTGAGGATCGA-1	129.40757972669164
CTGTATGGTGTAGAAA-1	322.7673549169845
CTGTCAAATGGCTCGG-1	528.3971995884034
CTGTCACGCCAGGCGC-1	855.8095251764577
CTGTTACCCAATCTAG-1	99.51790222044721
CTGTTCACTGCCTGTG-1	395.9116378277421
CTGTTCATCTCACGGG-1	294.9762436970803
CTGTTGTTCAGTCGTA-1	70.66349171061587
CTTAACTTCGAAGTAC-1	640.6353825404334
CTTAAGCAGCGAGCCG-1	103.33766073765523
CTTACACTGGGAAATA-1	494.6518089803875
CTTAGCCTTCCACATG-1	512.085077159803
CTTAGGTATAGACCAG-1	149.30817015743094
CTTAGTAGGCCTACAG-1	595.4865103704007
CTTAGTTGAGGAATCG-1	45.35848925913875
CTTATGCGCTCAGGGC-1	120.3276336334832
CTTATGTTGACTACCA-1	450.87874611836435
CTTCACGCCCTGGTAC-1	58.64452387594694
CTTCAGTGGTCGCCTA-1	77.21596112293429
CTTCATAGCTCAAGAA-1	367.7112788756537
CTTCATTGTCAGTGGA-1	152.92878420521137
CTTCCGCTCCGTGAAG-1	146.8637020175413
CTTCCTGCATATTTAC-1	1000.5825722884382
CTTCGTAGATAGGTGA-1	56.3559905635684
CTTCTATGTTGAAGTA-1	78.06018631477804
CTTCTATTAATGCTAG-1	125.70610373046624
CTTCTGGGCGTACCTA-1	67.92929936003333
CTTCTTACGTCGTATA-1	570.5824949340712
CTTGACCCGAAAGATA-1	667.1596999812446
CTTGAGGTTATCCCGA-1	468.6086300464392
CTTGCAACCGCCTCCT-1	95.34062441214843
CTTGCCCAGGCTCTAC-1	36.640465350341465
CTTGGCCAAGCTGGGA-1	130.41995061547993
CTTGTCGTACGTGTCA-1	693.227012520902
CTTGTGAGTCTTTGAC-1	529.8822614651898
CTTGTGCTCACCGATT-1	632.5375204585382
CTTGTTTATGTAGCCA-1	349.2439376821539
CTTTAACTTTCAAAGG-1	425.1102616407862
CTTTAGTGCTATTATT-1	90.30730061711569
CTTTCTGTGCGGGCTT-1	251.8653704313717
CTTTGAAACATATTCC-1	1021.0622505101526
CTTTGACGTCGCTTCT-1	94.6046950708863
CTTTGGCGCTTTATAC-1	68.20532320492667
CTTTGGCTTTAGTAAA-1	207.70781777015569
CTTTGGGATTGTTGCA-1	27.665188441611814
CTTTGTCGAATGCTCC-1	179.07937322287276
GAAACAGCCATGCAGT-1	593.8586472808371
GAAACATAGGAAACAG-1	64.65245964988253
GAAACCATGGTGCGCT-1	717.2282731517095
GAAACCGAATTACCTT-1	19.972796373829127
GAAACCTATACAAATG-1	87.44920289273873
GAAACTCGTGCGATGC-1	133.68472518522495
GAAACTCTAATGAAGG-1	644.4808932380942
GAAAGAACAGCGTTAT-1	574.5170100455608
GAAAGCAGTGCACTTT-1	167.5265928907789
GAAAGCCCTTTGGACC-1	13.72185785793457
GAAATACCTGCTGGCT-1	825.4055117561733
GAAATATCACCATCAG-1	28.689689050305535
GAAATCGCGCGCAACT-1	523.5039632335432
GAAATTAGCACGGATA-1	709.8209246077174
GAAATTCACATCGCTG-1	552.1257364809296
GAAATTGTCTCTATAA-1	32.92984018043498
GAACCATCTGGGAGAC-1	743.481571619357
GAACCTCGACCTACAC-1	76.8036046355028
GAACGACCGAATGATA-1	480.40835394414523
GAACGTCTCATGGTCG-1	446.1434071087643
GAACGTTAGGAAGACG-1	88.4486349683586
GAACTTAGCGCCCGGT-1	962.7631830103277
GAAGAAACGATATTGT-1	86.30854889877843
GAAGAACGGTGCAGGT-1	477.6186356960895
GAAGACTTCAATGCCG-1	809.5186336221773
GAAGCAAGGCAATGTT-1	743.3504757866641
GAAGCTCGGACCCGTC-1	40.44681371696332
GAAGTCAGTTGCACTA-1	179.55767420812717
GAAGTGATTTATCGTG-1	38.44775105834538
GAAGTGCTGGATAGCT-1	553.1919207331937
GAAGTTTCCACTCAAT-1	99.68856855650279
GAATAGACGCGACCCA-1	427.84865136592157
GAATAGTGCTCGATTA-1	132.52265012292642
GAATATTCGGAGTCCC-1	706.9020992164188
GAATCGCCGGACACGG-1	539.6032584456876
GAATCTATACTCGGAC-1	870.3582333483656
GAATCTGAACATTCTC-1	91.83121975148727
GAATGGGCTTATCGAC-1	34.969784708563374
GAATGTATGGCAGGTC-1	721.1443890917931
GAATGTTGGGTAATCT-1	437.9065034748938
GAATTCACCCGGGTGT-1	77.43042683402801
GACAAACATATGCAGG-1	524.1058727283512
GACAACGACCATTGAA-1	452.1304359419422
GACACCCAAAGACGCG-1	164.14613962203578
GACACGAGTTAGAGGA-1	322.7798169660034
GACACTGAGTTCAGTG-1	39.1610877965203
GACAGATTTCTGGCTC-1	112.49234625398661
GACAGGCACACACTAT-1	38.261740733709374
GACATCGATTTATAAC-1	144.86357457387962
GACATTTCGCCCAGCC-1	82.66379064246537
GACCAGGTCATTCATA-1	822.3367002711916
GACCCAATTATGATAC-1	64.43998192024003
GACCCGTCGCCGGCTA-1	671.0302207995477
GACCGACTGAAGCGTC-1	5.829001846028734
GACCGATTAAATATGT-1	134.60834809040276
GACCGTCAGGTCGTGA-1	693.18440491515
GACCGTGCTGACGGTG-1	34.679471160073724
GACCGTTACATGCGAC-1	40.97356241806987
GACGATATCACTGGGT-1	91.50645663284962
GACGCATACCCGTCGG-1	241.13163515536237
GACGCCGTAAAGGCTA-1	195.4386054225896
GACGCCTGTTGCAGGG-1	500.69792672495646
GACGCTTGCTTCTAAA-1	151.27782100693688
GACGGACCGCGTTCCT-1	769.5100021047632
GACGGGTTGGCCCGTA-1	64.73691675654435
GACGGTCAATAGAAGC-1	591.649418961641
GACGTGAGACTCCATG-1	560.2638347934133
GACGTTGCTCGGCGGC-1	98.1614686389173
GACTAACACAGCACCT-1	839.5422752480046
GACTACAAAGCGGTGG-1	47.98196966375023
GACTACAATTGCTCGT-1	788.7373158153209
GACTCCCAGAATAAGG-1	738.6233077608508
GACTCCTTCCAATTGA-1	145.43139098092496
GACTCGCGGGAATGAC-1	571.502987863405
GACTCGGTCGGCGGAT-1	939.6223013565497
GACTGATTGGTCACAA-1	894.240191471072
GACTGCTGGTGAGAAA-1	113.095743294352
GACTGGGCGCCGCAAC-1	899.969000592225
GAGAATCTCACGATCA-1	172.8508079722937
GAGACTTCGCGACCGA-1	190.61598745773944
GAGAGCGCAGTCCCTG-1	234.04344243668692
GAGAGGGCGCGAGGTT-1	119.26292043270661
GAGAGGTGCATTCTGG-1	81.30994651936096
GAGAGTCTCGGGAGAG-1	144.63534399183118
GAGATCTGCTTGGCAT-1	147.8130323603011
GAGCATCAACAACTTG-1	50.654388847843315
GAGCATCATCCCTGGG-1	515.4583433055542
GAGCCACGGTAGTAGG-1	610.1311820786104
GAGCCGAGCGTTTATT-1	877.4068334045235
GAGCGAGGGAGTACCG-1	565.5146748700028
GAGCGCTGTTAGGTAA-1	81.4981054500389
GAGCGGAATGCGGTGT-1	105.16143077868787
GAGCTAAGGGCATATC-1	434.7747406188864
GAGCTCTCGGACCTAA-1	425.7849252242176
GAGCTGTCGTCTCGGA-1	787.6546703056447
GAGGAATATCTCTTTG-1	154.92689522443646
GAGGAGTAATTCCTAC-1	757.2244102177142
GAGGCCCGACTCCGCA-1	39.24970366528532
GAGGCTATCAAAGTCG-1	53.41700440812386
GAGGGAGTCAGATCGC-1	72.23169615537545
GAGGGCATCGCGTATC-1	506.4046249143934
GAGGGCGCAGCTCTGC-1	516.8420676877269
GAGGGTAGTAACAAAG-1	74.3777844438552
GAGGTACATCCATCTT-1	639.3695447917105
GAGGTCCCAAAGATCT-1	345.11927958319967
GAGGTCCGTTCGCTGT-1	145.19443027772357
GAGGTCTTAGTGGGTC-1	960.7455446998008
GAGTAAGGCCACGGGA-1	31.684734911657895
GAGTACGGGTATACAA-1	476.92090590206953
GAGTATACCCTAATCA-1	34.108100662483416
GAGTATGCCCGCCTTG-1	108.50283414454027
GAGTCAGACCAGAATC-1	141.63400163358733
GAGTCCGCTTACCGGA-1	59.01956650111382
GAGTCGACAGACCCTC-1	192.29790641660006
GAGTCTTGTAAAGGAC-1	132.57422701059247
GAGTTCTGTGGGTGCT-1	173.39719338224896
GAGTTGATGGCAATTT-1	52.367895944558924
GATAAATCGGTGGATG-1	464.66444261412454
GATAAGGCAGATGCAA-1	515.005847432134
GATACGATGGGAGTCA-1	46.50581779222021
GATAGGTAACGTTGAC-1	106.84931711367803
GATAGTGCGAGTAAGT-1	105.93782800186447
GATATCAAGCAGGAGC-1	115.79836461066644
GATATCTCATGCAATA-1	606.8522366090833
GATATGCGGTAGCCAA-1	654.3740129014037
GATATGGATTACGCGG-1	140.85005772237255
GATATTGAGATTGGCG-1	557.5671151797848
GATATTTCCTACATGG-1	672.8867880991188
GATCAACATAAAGGGA-1	120.09957967186433
GATCCTAAATCGGGAC-1	573.6284819725236
GATCCTCGACACTGGC-1	94.12773540611737
GATCCTCTTGCGCTTA-1	812.9935113776963
GATCGCGGGCTCTCCA-1	99.15278558210993
GATCGCTATATCTCAG-1	87.7811739415852
GATCGCTGTGGTGCGT-1	92.75862208643807
GATCGGATAGAACCAT-1	81.86552531987392
GATCTAACCGTATTCA-1	136.52351030481339
GATCTGCTATCTAAGG-1	113.92582145359636
GATCTTTGCAGGGTAT-1	161.80900910685054
GATGACAAGTAGGGCA-1	82.94061867475605
GATGATTTGAAACTGG-1	734.4275623810039
GATGCCACACTACAGC-1	745.3908309839173
GATGCCTTCTGCGGCA-1	98.08922101874329
GATGCGTCCTGCATTC-1	119.01106002452525
GATGCTACAAGCGCCT-1	492.66562782555803
GATGGCGCACACATTA-1	331.4959169783847
GATGGTGCCCTAGGCA-1	728.3844266332156
GATGTAACGAACCACC-1	65.28139847877735
GATGTCCGGATCACAT-1	600.6618445700368
GATGTCGGTCAACTGC-1	720.6686885574123
GATGTGTTGTCACAAG-1	803.1842519691227
GATGTTCAATCCACGA-1	71.22138175701797
GATGTTTGTGCGAGAT-1	314.61805191750693
GATTAATCCTGGCTCA-1	640.1584588520443
GATTACTGAATTTGGG-1	100.77164806751546
GATTAGAAACAAGCGT-1	124.06802409185724
GATTCCCTTGTCGCAG-1	389.5098223329795
GATTCCGCGTTTCCGT-1	607.3689094969366
GATTGACACTCTGCTC-1	763.0647445628637
GATTGCTCCAGTTGCA-1	57.099811806751056
GATTTGCGCTAACACC-1	68.92390717955273
GCAAAGGGCGTTAGCC-1	79.24765449592783
GCAAATATTACGCTTT-1	149.4561759740058
GCAAATGAGGACACTT-1	39.7804692529713
GCAACACACTAGAACT-1	51.805601663563976
GCAACCACCAGACCGG-1	745.2726633851966
GCAACCACGGCCGCGT-1	80.37403250539731
GCAACCCAAGTTGTTT-1	171.56783040279777
GCAAGAATTCCTTGGC-1	28.105361012320117
GCAAGATGTGTTCGCG-1	892.005373720582
GCAAGCTGGAAACCGC-1	95.58434176548889
GCAAGTGTAAAGCATG-1	82.90343316181574
GCACAAACCCTAGATG-1	69.0693237270921
GCACAACCTCGGGCGT-1	145.63890979928394
GCACAAGTGTCGGAAG-1	664.1216688189194
GCACACGCCCATGGTC-1	135.77012855368937
GCACAGCACGGGCCGA-1	165.5749354989614
GCACGCCTACTTAGAT-1	144.14770295915287
GCACTAGTCGCGCTAT-1	513.1526966353812
GCACTCCCACAGTCCC-1	761.0791707617628
GCACTGTGCAAATGTA-1	547.1339361189353
GCAGACCCAGCACGTA-1	566.6284275051204
GCAGATTAGGGATATC-1	137.21873007332587
GCAGCACACAGCCCAG-1	98.16726417712461
GCAGCGGTGGGCATTA-1	583.0942032762389
GCAGGAACTTAGATCT-1	89.9968785572212
GCAGGACTATAGAATA-1	173.8658957592224
GCAGGTAGAGTATGGT-1	693.8186284172184
GCATACGAGGTCTTTA-1	68.97139982025782
GCATAGAGCACTCAGG-1	129.49343500670423
GCATCCCTAACTTTGA-1	452.67570634399937
GCATGAGGGACGCGGC-1	487.93914775027076
GCATGGGTACTGACGC-1	33.63376278732598
GCATTCAAGGCAACGC-1	696.7639349403446
GCATTCGAAATGAACA-1	163.89244809354508
GCATTGACTTGCGGAA-1	121.41039106782712
GCATTGTAATTCATAT-1	33.341053315359076
GCATTTCCAAGGCTCC-1	690.0852543518336
GCCAACCATTTCCGGA-1	696.1106198862443
GCCAAGAATACTTCTG-1	94.16209223275501
GCCAATAGGGCATCTC-1	676.8721685170079
GCCACAATTTAAGGAC-1	46.63747987936215
GCCAGGAAAGAACACT-1	83.56156477399328
GCCAGGAGTAACCGAT-1	606.6313355326841
GCCAGGCGTTCGCATG-1	815.310245493964
GCCATATTGCACACAG-1	598.868114369762
GCCATCGAGCTGCGTG-1	167.16784959879118
GCCATCGATGCTGCAT-1	685.4441974820821
GCCATTAGCCTCAAAC-1	115.1580909698822
GCCCACCAAGGCTGTC-1	505.8148140348254
GCCCAGTTGGTATGCC-1	320.97829053874665
GCCCATGGGTGCAATG-1	970.7460131477686
GCCCGACTTCTTCCCG-1	80.58487739203777
GCCCGAGAGTCTAAAT-1	177.35117748586663
GCCCGATCTGTGGTCG-1	217.9155567268808
GCCCGATGCCCAGTTC-1	40.89186232122265
GCCCGCGCGTAAACGG-1	103.04594477360622
GCCCGCGCGTTTGACA-1	369.2117881894915
GCCCGTAATACCTTCT-1	432.4137132873688
GCCCGTTCACACAATT-1	119.59122012574605
GCCCTAGCCGTCGCGA-1	94.24951305630674
GCCGAAATTCCTACGT-1	123.73549380977846
GCCGACCCACGACTGC-1	85.82201667653189
GCCGATTGGCCAAGCT-1	68.5374677781526
GCCGCATTAGTCCGGC-1	59.60221337644112
GCCGCTAGATACGCAG-1	984.9786619136871
GCCGCTTGTGAGAAAC-1	142.90230112576648
GCCGGAAACACATCTT-1	755.5815661812126
GCCGGGTTAGGGTCGC-1	51.722996682545435
GCCGGTCGTATCTCTC-1	66.28192118365884
GCCGGTTTGGGCGGAT-1	684.8936147284393
GCCGTCGGTTTCGGGC-1	145.67322015686952
GCCTATAGTGTCAGGG-1	509.8598293202821
GCCTATTTGCTACACA-1	646.5180850403351
GCCTCAGGTACCGGTC-1	50.492475420252525
GCCTCATCTGGAAATA-1	465.5142161564216
GCCTGCTACACTGAGA-1	948.0408653752191
GCCTTCAGCCCTACCG-1	510.17419953787027
GCCTTTGTCAGTGGAC-1	203.46813095637276
GCGACATGTAAACATC-1	621.7310294092053
GCGACCCAACCATCTG-1	110.19084169067607
GCGACGATAGTTGTAC-1	83.91675341469018
GCGAGAGTTGCGTCCA-1	644.2573639898644
GCGAGCGCATGCTCCC-1	645.3754743909541
GCGAGGCCCGAGCAGA-1	75.7753893210875
GCGAGTTCTGCAAAGA-1	185.47194010174914
GCGATTCTGGAAGCAG-1	706.5040671316768
GCGCAAATATATTCAA-1	63.01684500494969
GCGCAAGAGCGCGCTG-1	527.8738208967695
GCGCATCCAGTCAGCA-1	549.9123766545231
GCGCCGTTCCACGATA-1	110.13633284652953
GCGCGATGGGTCAAGT-1	727.8969219817127
GCGCTAAGTATGCATG-1	922.2605679546009
GCGCTATGCCGAGGCA-1	45.156118784867836
GCGCTGATCCAGACTC-1	659.0892925511642
GCGCTGCTTTGCATTT-1	551.5838695303678
GCGGACCGCGTTGTGG-1	142.78545078078798
GCGGAGAAACTTCGCA-1	71.67455599625299
GCGGCAAAGTATTGCC-1	68.69531710499781
GCGGCTCTGACGTACC-1	141.32880050683605
GCGGGAACCAGGCCCT-1	462.68595951052777
GCGGGCGAGCCTTACC-1	170.58378727448428
GCGGTAACCCAAATGA-1	573.2186112008977
GCGGTCCCTAGACGCA-1	525.3356333845431
GCGGTGAACTGCGCTC-1	662.5388563537314
GCGGTTCCCTATCATG-1	39.42356128914719
GCGTAAATGGCCATAA-1	580.3064616829131
GCGTCCAGCTCGTGGC-1	675.3820378779158
GCGTCCCTAAGACATA-1	51.35016916330442
GCGTCGAAATGTCGGT-1	528.2889600452214
GCGTCGCCAGGGTGAT-1	233.8831377557375
GCGTCTCTGCATTGGG-1	100.06078148673113
GCGTGGTACTGGGTTA-1	493.6235577951543
GCGTGTATGTCGTATT-1	799.4214554068352
GCGTTATATTTGGAAC-1	128.66998622521592
GCGTTCGGAGACCGGG-1	754.9299982930012
GCTACAGTACGGACCG-1	64.09878536355842
GCTAGACCGTCTACTG-1	572.6427326067686
GCTAGCAGGGAGTGGG-1	797.1469720247912
GCTAGCGATAGGTCTT-1	30.92719743202091
GCTAGCTTGAATAGCT-1	156.33079146642635
GCTAGTAGAGCTTGTA-1	132.56188752122702
GCTAGTTTCATTGAGG-1	405.013657066804
GCTATCGCGGCGCAAC-1	300.74064047367597
GCTATGCCAGCTTATG-1	97.4511239193576
GCTCAATCCGTTTATT-1	103.55298626353343
GCTCAATGTAATACCG-1	137.83762313595395
GCTCATTACTGCATGT-1	769.4315148922936
GCTCATTGATCATATC-1	108.16925719333557
GCTCCATGCAAAGCAA-1	77.306809227198
GCTCCGGACGTTGATA-1	1011.1388111726573
GCTCCTGACATACTGG-1	63.07784680360517
GCTCGCTCATGTCCAA-1	513.6473345370963
GCTCGGAATTTAAAGC-1	552.435223847065
GCTCTTTCCGCTAGTG-1	91.08313633132761
GCTGAATCTTCCAATC-1	40.078576387790044
GCTGAGGCGTGAGTAT-1	110.07011409038688
GCTGCGAAGAATTATT-1	125.82555653129852
GCTGCTAAGTAGTCGA-1	181.8569178718205
GCTGGACCCAAAGTGG-1	853.9355337554713
GCTGGCATATTCACCT-1	125.81943099101093
GCTGGCGGCGCATGCT-1	241.8695342679641
GCTGGGAGCGCGTCAA-1	104.54786461380179
GCTGGTTTAGGCCATA-1	113.85526911664526
GCTGTATTACTGGCCC-1	36.15190058953306
GCTGTCTGTGATCGAC-1	970.8218794898992
GCTTACGTAGTTAGTA-1	685.2069047263508
GCTTATGAAGCAGGAA-1	426.2671979347217
GCTTCGACGTTCAATC-1	131.46610933703022
GCTTGATGATAATCAG-1	307.3316242324405
GCTTGGATCGATTAGG-1	549.7933654517016
GCTTTCAGAGGAGGTG-1	509.60987278723337
GGAAACAGAGCTTGGG-1	61.18552119377587
GGAAACCTTGTTGAAT-1	768.7609938940168
GGAAAGTCTTGATTGT-1	145.7414141414764
GGAAAGTGCCCATGCC-1	630.5017097760559
GGAACCGTGTAAATTG-1	84.73742444270529
GGAACCTTGACTCTGC-1	40.75377054524885
GGAACTCGTGAATACG-1	123.38595491294586
GGAAGCTCGCTTACAG-1	741.5732144708985
GGAATAACCTCAAGAA-1	735.2497568013458
GGACAAGTTGCAGTGA-1	137.23630624293557
GGACCTCTAGGCCGCC-1	71.71144201117626
GGACGGCTTGCGCAAC-1	928.1693348319184
GGACTCGACAGCGCAT-1	102.87707015511846
GGACTCGTGAGTGGTC-1	97.30465185796952
GGAGACCATCTACATA-1	106.3675873817004
GGAGACGACACCTTTG-1	125.25814409845695
GGAGCACCAAGAACTA-1	471.78990748584926
GGAGGATTGAAAGGAG-1	759.343538359042
GGAGGCGAAGAACCGC-1	997.8728349339408
GGAGTGCCGCCCTGGA-1	452.5609962470072
GGATACTCATGAATTG-1	598.6815377220996
GGATCAAAGGACGAGG-1	694.9990848019743
GGATCAGAGCCATCAG-1	79.41568256973491
GGATCATCCCGTACGC-1	766.6208311920765
GGATCTACCGTTCGTC-1	121.36877796240206
GGATCTTACTGCCCTT-1	91.2941794443835
GGATCTTGACTCAACC-1	45.758878540772606
GGATGAAGATCGCTGA-1	451.9617735038804
GGATGACGCGAGTTTA-1	86.63226451660468
GGATGCTGGCGTTCCT-1	5.8075319424401775
GGATGTCCTTACCGCA-1	448.5639384535251
GGATTAAGCTAAGGTC-1	838.3867463401984
GGATTCAGTACGGTGG-1	346.79064479990535
GGATTCCGCTATACCC-1	584.8092777562779
GGCAAAGGCGCCAATA-1	85.71115972137527
GGCAAATTACTTTACT-1	45.82985261130329
GGCACTCCACTGGGCA-1	139.68076083607005
GGCAGAGAGATCGGGA-1	87.4693367785364
GGCAGCGGTAATCCTA-1	804.8172713652369
GGCATACAGGTAGCGG-1	113.9322406590039
GGCATATCGGTTCTGC-1	633.2995991911494
GGCATCAACGAGCACG-1	707.0910370030036
GGCCACAAGCGATGGC-1	688.9258093144749
GGCCCTCACCCACTTA-1	47.23497356175333
GGCCGAGACTCTGGTG-1	98.33637506195674
GGCCGTTTGGGTTTCA-1	78.43363663322286
GGCCTTTGCAACTGGC-1	87.87348187619517
GGCGAGCGAAACGGCA-1	124.8596379951518
GGCGCAGGACATCTTC-1	72.41665387706196
GGCGCATGAATTGATG-1	30.79362232710806
GGCGCGTTCGAGTTTA-1	82.82102137903703
GGCGGAGTAATATTAG-1	180.56314337960262
GGCGTACCCTATATAA-1	768.257066105833
GGCGTCCTATCCGCTG-1	145.9454418764806
GGCTAAAGGGCGGGTC-1	719.8237729937329
GGCTACTATACACTCC-1	30.615033987004253
GGCTATTAAGTTGTAT-1	183.49959656803262
GGCTCCTCCACCTGTT-1	127.29151098009514
GGCTCGCGTTGAGGTA-1	507.41235381716564
GGCTCGTGCCACCAGC-1	355.7768236719658
GGCTCTGCTCCAACGC-1	403.33771969398384
GGCTGAGCATCGTAAG-1	879.938874471749
GGCTGGCTAGCTTAAA-1	496.0608756011113
GGCTGTCCTACTGCGG-1	61.79933634681217
GGGAACCACCTGTTTC-1	716.3364005337019
GGGAACGGGAGGTTAG-1	132.17036213789928
GGGAACGGTTTCAGAT-1	69.1562530709832
GGGAATGAGCCCTCAC-1	791.4317584457051
GGGAATTCTGTCCAGT-1	234.7680590712967
GGGACAGAGTTACTCC-1	35.41735465510805
GGGACCCGTATATCTT-1	143.31289388759478
GGGAGGATGCCCGAAA-1	75.3271916249176
GGGAGTAATGGCTGGC-1	563.755978572192
GGGATATTGATCGCCA-1	23.261466463547062
GGGATGGTCGTAACCG-1	81.79788980151346
GGGCAACCGCACGTGC-1	53.49583660177804
GGGCACGAATTGGCCG-1	215.17125803439882
GGGCACGTAGTACTGT-1	126.30325410976484
GGGCAGACGTCACTGC-1	142.7535972954966
GGGCAGAGCAATCGTT-1	190.16326190851746
GGGCAGGATTTCTGTG-1	236.81630495095055
GGGCCCGTCTTAAACA-1	43.63764042150678
GGGCCCTACGAAAGGG-1	47.34944638433215
GGGCCCTTATCTATAC-1	131.21867851702532
GGGCCTAAATGGGCTA-1	116.37161896835438
GGGCGGCAAATGAATT-1	94.3295960361493
GGGCGGGTTCCCTACG-1	52.30823785141802
GGGCGGTCCTATTGTC-1	431.89562600593706
GGGCGTCACCACGTAA-1	61.258678759224914
GGGCGTCCACTGGCTC-1	657.534375949522
GGGCGTTTACATTCAT-1	6.838603844224526
GGGCTACTATTTCGTG-1	129.81518307328585
GGGCTATGATCGATGG-1	131.50388680714204
GGGCTCATCGAACCCA-1	545.2337365458051
GGGTACCCACGGTCCT-1	428.55684397716163
GGGTACTTCATGAACT-1	140.05184569447124
GGGTATTCTAGCAAAC-1	92.91132157221813
GGGTCACCGTGACGGT-1	116.38396004262574
GGGTCACGTGCTTATG-1	1022.1033992032203
GGGTCAGGAGCTAGAT-1	109.25793857873668
GGGTCGTGGCAAGTGT-1	717.3844910978505
GGGTGACACCTTAACT-1	55.35770226585486
GGGTGCATATGAAAGC-1	723.1381706365557
GGGTGGTCCAGCCTGT-1	742.3051103851185
GGGTGTTTCAGCTATG-1	561.6420615384613
GGGTTAACATTTGAGT-1	186.84030999043964
GGGTTTAGGATAGGAT-1	608.419007063023
GGTAAATGTGCGTTAC-1	728.4967211806973
GGTAACCGGGAGGATA-1	40.77938021500113
GGTAACTATGTATCTG-1	537.3869742841871
GGTACAAACATGCTAT-1	58.16213151974386
GGTACATCTGGGACGA-1	30.003194461959403
GGTACCATTAAGACGG-1	654.9677307085092
GGTAGGCCAATATCAC-1	52.46034832863253
GGTATGAAAGAACTGA-1	115.02448741845464
GGTCACGTTAGATTCA-1	624.3503335642345
GGTCAGTGGGTCCCAC-1	118.40525606655602
GGTCCACGTCTATTTG-1	33.30937056427855
GGTCCCATAACATAGA-1	1046.312862899898
GGTCGGATAAACGGCG-1	644.9088164031873
GGTCGGTAATTAGACA-1	497.1757581497311
GGTCGGTCGTCCACAG-1	155.66093501890674
GGTCGTAAGCTCGCAC-1	24.137578471868377
GGTCTCTGAATGGACT-1	96.84724285986898
GGTGAAACCGGGAATG-1	671.3427665840447
GGTGAACGGGCTAGCC-1	564.8599323383663
GGTGAAGTACAGGGAT-1	39.364708239537336
GGTGAGATGCAGATAA-1	418.950495552049
GGTGATGAAGGAAGTG-1	173.50557061654033
GGTGATTTCATCTTGT-1	568.905497899939
GGTGCAGAGCCTATCG-1	868.246983716585
GGTGCATAAATGATTA-1	82.44400621213042
GGTGCGGATAAGTGGC-1	479.83826765300057
GGTGCTGGTACACATT-1	44.788592545145896
GGTGGACCACGTGTTA-1	957.0003428889839
GGTGGGATTAGGTCCC-1	122.45056131878353
GGTGTAGGTAAGTAAA-1	104.58102875890398
GGTGTTCTGTTTCTAC-1	911.0095473728148
GGTTACCACCCTCGGG-1	17.34799014049274
GGTTACCGCTCCCTAC-1	126.99776587205648
GGTTCCACCCGCTTCT-1	946.5736860658612
GGTTCCGTACGACTAA-1	119.23450174713894
GGTTCGGATTATACTA-1	43.72430151178981
GGTTCTACTCGTCTGA-1	590.5443520905159
GGTTGTATCGTGAAAT-1	781.4362942423472
GGTTGTGTAGCCTGGC-1	111.68288134192169
GGTTTAATTACCATCG-1	82.77367156977121
GGTTTACAATCTCAAT-1	427.55779719592124
GGTTTCAATCGGTCAG-1	466.083680775646
GGTTTGAGTGCTGGAA-1	526.0388351436862
GTAACAGGTTAACGGC-1	36.11401735987974
GTAACTACGTAGACCT-1	63.658709541399844
GTAACTGCCCAAGGAG-1	60.82754765774287
GTAACTTGCGGCAGTC-1	553.9171334290708
GTAAGCGGGCAGTCAG-1	402.71143848798386
GTAAGGATTTGTCGGA-1	678.8128079783899
GTAATAAAGGGCTCCC-1	614.9846312572292
GTAATCTGATTCTTCG-1	118.56500902595654
GTACACTTACCTGAAG-1	172.7214923885052
GTACGACGGCGCTGCG-1	470.38455034955587
GTACGAGATTGCGACA-1	419.06479287832457
GTACGTCACGTATTAA-1	908.1040018481501
GTACGTTTGCCCGTCA-1	138.1834018474586
GTACTCCCTTATCGCT-1	70.92466367643956
GTACTCCTGGGTATGC-1	655.1732768190999
GTACTGAGGTCGTAAC-1	573.810996705882
GTACTGCATGAAGCGT-1	529.8650684838051
GTACTTGGGCACTTCT-1	385.9933981595121
GTAGACAACCGATGAA-1	696.9758659822535
GTAGACGTCGTTACAT-1	491.3051607675962
GTAGAGGGAGACAAGT-1	71.59106803180086
GTAGCGCTGTTGTAGT-1	682.8560475649485
GTAGCGGCTATACACT-1	172.2784737151457
GTAGCTAGTAAGCGCG-1	889.5037048741276
GTAGCTCCGGGAGGCT-1	109.1650109009218
GTAGCTTCCTCTTGTT-1	466.21287849208636
GTAGGTGATCCGTGTA-1	610.2536724431956
GTAGTTCGAAGGCGAA-1	93.15331677985546
GTAGTTTAAGCACACG-1	16.062715190071188
GTATAGGACTCAGTAG-1	442.33395788888987
GTATAGTGGCCCATGT-1	924.3136480029232
GTATCAGCTTGGGTTC-1	332.45428490908307
GTATCTCAGTCTTGAC-1	17.848613157644206
GTATCTCCCTAACTGT-1	853.1183511846564
GTATCTCGGGCGCTTT-1	68.54608262552749
GTATCTTGTTGCTCAC-1	816.6837806785136
GTATCTTTCATAACCA-1	126.85811186417419
GTATGAAATTTCACTC-1	43.73906950121202
GTATGACGTGGGAAAC-1	579.1481761587985
GTATTAAGGCGTCTAA-1	303.5450344601553
GTATTAGGGTTCGCGT-1	987.3244540359611
GTATTCTGAGAAACGA-1	63.42389371299107
GTCAAAGAAGTGGTGT-1	51.229622703634625
GTCAAAGTTTACATAG-1	454.69144424652177
GTCAATTGTACTGAAG-1	674.4089046552865
GTCACAAAGTTTCCAA-1	675.735905185802
GTCACCTGTCTATGTC-1	972.6958592058131
GTCAGAATAGTCTATG-1	148.29105419985834
GTCAGTTGTGCTCGTT-1	711.3001290806188
GTCAGTTTGGTAGTCG-1	155.5227225596846
GTCATCCCAAACTCAC-1	64.59307185323486
GTCATTAGAGCGAACG-1	178.9366030909333
GTCATTGCATTGACCC-1	91.87912968064217
GTCCAATATTTAGCCT-1	87.5497976038773
GTCCAGGCACGTGTGC-1	147.11112502210565
GTCCATTACTGCTACG-1	596.7695190189936
GTCCCAATCATCCCGC-1	55.96123712921448
GTCCGAGAGCAATCAT-1	161.12410362684832
GTCCTACTCTACGGGC-1	141.39200026190085
GTCCTATTGTTGTGGT-1	212.42174665007872
GTCCTTCTAGTGGGTT-1	752.7171032515223
GTCCTTTAATGACTTC-1	933.0019992117429
GTCGAATTTGGGCGCT-1	116.98939760878602
GTCGCCGTTGTGTGTT-1	125.10560534495593
GTCGGATATCTCAGAC-1	170.33198040099742
GTCGGATGTAGCGCGC-1	596.480723695774
GTCGGGAACATGGTAG-1	15.57714604336087
GTCGTACCATCTCGGG-1	86.55764490142442
GTCGTACCTACGATTG-1	82.54901312340718
GTCGTATTGGCGTACA-1	686.172859262935
GTCGTCAATTATAAGG-1	561.6416666960166
GTCGTGTCTGGTCATC-1	718.3981190073174
GTCTACTCAATTACAA-1	89.26031319627566
GTCTATACACGCATGG-1	93.09714404667022
GTCTATCTGAGTTTCT-1	83.50484054806725
GTCTCCTGCCAGTATG-1	115.63560582266763
GTCTCGACTAAGTTTG-1	758.791763047336
GTCTCGATCTGCTTTC-1	560.5747780198093
GTCTCGCCAACACGCC-1	893.3807160301575
GTCTGGGCGGTCGAGA-1	62.34390729356747
GTCTGTAGGTTGAACA-1	147.5928822120861
GTCTTAGTACAGCCGG-1	691.7756205438588
GTCTTCCTCACCTAAG-1	196.31465701775954
GTGAAACGGCGCCACC-1	551.6583379681551
GTGAAACGTGCTCCAC-1	521.0501433170512
GTGAACTCCCATTCGA-1	634.8092338182017
GTGAAGATTTCAAGTG-1	727.4150471093752
GTGAAGCCGTATAGTC-1	765.2582548162751
GTGAAGTCACGACTCG-1	114.75163710075456
GTGACTTCAGTAGTGC-1	20.899289872409383
GTGAGATAACCTTATA-1	135.17381751930267
GTGAGCGTGCTGCACT-1	42.85275472146063
GTGAGGAGCGGTTGAG-1	730.2601035701497
GTGAGTGGTACAACGC-1	166.35954338131702
GTGATCAAGCGTGCAC-1	15.048100066267162
GTGATCATAGATCTGC-1	35.35011343262834
GTGATGCACAACATCT-1	807.5982424300357
GTGATTCGCCGCTCAA-1	79.6950475905169
GTGCAACAAATGTGGC-1	576.6575510091018
GTGCACCAGCTTCAAC-1	109.08232461786996
GTGCACGAAAGTGACT-1	558.7439592620581
GTGCCATCACACGGTG-1	66.96164014543264
GTGCCGCTTCAAAGGT-1	61.47055686983594
GTGCCTCAGTGTACGG-1	804.1986364759498
GTGCGAAATCGAACAC-1	70.64940187073071
GTGCGACAGGGAGTGT-1	544.5820954697618
GTGCGCAGCTTGCTCC-1	629.0666172436667
GTGCGCTTACAAATGA-1	775.8771767597383
GTGCGGGACCATCGGC-1	632.1850966379787
GTGCGGGTCTCCAAAT-1	437.11056742807637
GTGCTCAAGTACTGTC-1	139.30052429416932
GTGCTGCAGATAAGGA-1	64.22008933694875
GTGGAACCTACATGCG-1	658.6497729198118
GTGGACCAACCCGATT-1	65.01038797024398
GTGGACGCATTTGTCC-1	253.63056300002265
GTGGACGTGCTGAGAC-1	416.1771549067461
GTGGAGCGTTTACCGA-1	74.63644987180598
GTGGAGTCGGCGGTTG-1	133.3225820104976
GTGGCAAACAGCGGCA-1	44.46860640226856
GTGGCCGGTTTCTCGG-1	189.68613035835676
GTGGCCTAATATCATT-1	91.27866101792686
GTGGCGGGCCGTAGCT-1	862.5977913569079
GTGGCGGTCCCAGCGT-1	9.186225063960592
GTGGCGTGCACCAGAG-1	1033.554866754201
GTGGGAACAAACCGGG-1	131.29062541136474
GTGGGAAGACTGAATC-1	74.8120375060606
GTGGGTACTGAGCGTA-1	99.48896802956872
GTGGTATAGTCTGCCG-1	134.28806994064269
GTGGTCAGCGAAGTAT-1	851.4775855649445
GTGGTTACTTCTTTCG-1	637.0466118735131
GTGGTTTCCGCCTTTC-1	73.66213481537076
GTGTACCTTGGCTACG-1	441.734208836738
GTGTATGACTTTAAAG-1	656.0749701509992
GTGTCAGTGTACGTGG-1	114.1390420916241
GTGTCCGATAAGGCAT-1	960.8312240091329
GTGTGAGCCGAGGTGC-1	711.4898976992921
GTTAATGTCTATCTTA-1	150.6275337760238
GTTACAATTGGTGACG-1	134.78708024016277
GTTACGAAATCCACGC-1	670.2068265481116
GTTACGGCCCGACTGC-1	688.0941387808483
GTTACTTTGGGCCTAG-1	43.96701204913746
GTTAGAGTGTGCCGCT-1	768.8335987669129
GTTAGCCGTAAATCAA-1	700.834814297493
GTTAGGCTACCCGTTT-1	113.39556972103962
GTTATATTATCTCCCT-1	97.41077906701825
GTTATCACCTTCTGAA-1	731.2794673449408
GTTATTAAATACGACC-1	898.0281491608591
GTTCAATCTATGTCAA-1	873.795921354296
GTTCACAGGAGTCTAG-1	147.5660802124256
GTTCATCGTTTGGCTG-1	621.5121840008126
GTTCCAAGACAGCGAC-1	637.9016776007762
GTTCCAGTCTGACCAT-1	494.40504290170827
GTTCCGTCCGCCTGCA-1	150.6543906392957
GTTCGACAATTGTATA-1	32.335038700155074
GTTCGCCATAAGTGCC-1	85.83829483530035
GTTCGGGCGTACCATT-1	662.7924241778989
GTTCGTTGCGGACCAG-1	739.5098707113727
GTTCTTCCCTCGATGT-1	533.9725212506318
GTTGAACCGGTTCCAT-1	90.42709423969934
GTTGGATTCAGTGGCT-1	741.4913777716496
GTTGGATTGAGAACAC-1	444.7836822969533
GTTGGATTTGCGTTGG-1	93.41920446155889
GTTGGTCATGCTATCC-1	256.6974248921885
GTTGTCGTGTTAGTTG-1	503.9117974274979
GTTTACGTTCCATCTG-1	133.33060530026754
GTTTCATATCGTCGCT-1	85.52702673158134
GTTTGAGCGGTTATGT-1	759.2251417426663
GTTTGGCCGCTCAGCG-1	483.01421290682373
GTTTGGGCTTGTGAGC-1	191.03437615024148
GTTTGGTAGGGTCAAC-1	203.6420766816908
GTTTGGTGATCGGTGC-1	108.48148903606472
GTTTGTTAGCCAAGTA-1	101.47361807589317
TAAACCCAGGAGGGCA-1	109.41773095604313
TAAAGAGCCCGAAACC-1	585.8762168310267
TAAAGCGGTATTTCCA-1	28.042849310298156
TAAAGCGTTAGGAGAA-1	494.03378706900423
TAAAGCTGCAATAGGG-1	733.5350829232073
TAAAGGAGAAACTAGT-1	901.1484919794358
TAAAGTGCACGTCTCG-1	92.10648494251998
TAAATGCCGTCTCATG-1	876.3371279375676
TAAATTTAGTAACACC-1	123.72931797035868
TAACAAAGGGAGAAGC-1	319.2272070883187
TAACAATATTTGTTGC-1	150.9693612154444
TAACAGCGTTTGTGCT-1	106.91670815088932
TAACATACAATGTGGG-1	193.5935267926068
TAACATACACGCGATC-1	19.185478014962296
TAACCGCCCGCAGTGC-1	622.289014886414
TAACCTACCGTCCGAG-1	576.3093708819713
TAACTATCGAAGGTCC-1	258.90409829748603
TAACTATTACGCCAAA-1	676.5876719380343
TAACTCATCCGCGCGG-1	38.644913974682645
TAACTCCATGGAGGCT-1	326.2974416699293
TAAGAGGGACAGGGAC-1	108.25956195168642
TAAGATTTAGCGGGAG-1	657.9046185763897
TAAGCAGGCGACACGC-1	35.96564108502393
TAAGCGCGAATCAAAT-1	24.76172299097323
TAAGGAACTTGTGGGA-1	440.43074119041813
TAAGGCAACATAAGAT-1	416.8035480093577
TAAGGCATAACATCAA-1	123.33387784839714
TAAGGGCTGGGAGAGG-1	47.98566986604545
TAAGTAAATGTGCCGC-1	936.6053516742602
TAAGTAACATCTTGAC-1	59.440045435437035
TAAGTCGCCGAGTATC-1	62.32899465513588
TAAGTGAATAGTCTAC-1	40.23280605948201
TAATAAACAAGGAGAT-1	687.2557196366179
TAATACACAGTAGTAT-1	465.29676035771934
TAATAGAACAGAGTTA-1	100.64136625801449
TAATAGGTCACCAGAA-1	81.80748075083262
TAATAGTGACGACCAG-1	464.36519902722034
TAATATTGAAATTCGC-1	470.73257280423263
TAATCGATCCGTACGT-1	580.8754156181895
TAATGTCGGTTCATGG-1	17.452252732580558
TAATTAGATGGATATG-1	523.8646343821976
TAATTAGGACATCCGT-1	620.9376230121865
TAATTGGAATCGGGAA-1	801.1890594090098
TAATTTCCGTCCAGTA-1	38.326280588460754
TACAAATTGCGGAGGT-1	913.6657191039669
TACAACGCACAACTCA-1	5.305573329078884
TACAAGCTGTTCACTG-1	792.4786200411548
TACAAGTCTCGTGCAT-1	89.97299944837677
TACAATGAAACCAGCA-1	751.886460933029
TACATAGGCATACACC-1	75.87998039781134
TACATCCCTATCCCTG-1	98.38120005849517
TACCAAATAGCCCAGA-1	190.72083490540228
TACCAGAAGTAGGTTC-1	84.35832307660331
TACCAGCTAGGTTTAA-1	647.4196482326761
TACCAGGAATCCCGTC-1	74.18946421027948
TACCGCGGACTTGCAG-1	531.6569031677737
TACCGGCTCACTGCCC-1	127.87576258059762
TACCGGTCGTTTCCAT-1	25.625542709332436
TACCGTAGGTTAACTA-1	148.2816487623914
TACCTACTCCCAGTAT-1	211.01486840990069
TACCTATCCCTAGAGG-1	17.430383846177072
TACCTCACGCTTGTAC-1	519.8852210792494
TACCTCAGTTGTCTGT-1	70.89839837999675
TACCTCCACACCAATG-1	27.43824305246418
TACCTGCTGCACTGTG-1	131.7299332525197
TACCTTAAGATTTCCC-1	88.61254849055611
TACGACGCTTGCTGCG-1	59.83135937476913
TACGACTGCCTCTTAG-1	114.17702890108606
TACGAGAACTTCACGT-1	166.07385594542367
TACGATGTTGATCATC-1	149.74669467131636
TACGCAGTTCTTTCCT-1	22.514080622814497
TACGCCATATTCTAAT-1	65.42377084251761
TACGCCGAGGGTACCC-1	86.28876769431211
TACGCCTCCATTCCGA-1	221.59841098765062
TACGCTATAGAAACCT-1	603.2075834492825
TACGCTCCTAGAACTG-1	128.29970709409602
TACGCTGCTGTGTTAA-1	51.951817179927424
TACGGGATGCTAGCAG-1	562.4004743875732
TACGTACTAGTGCTGA-1	49.27535744398056
TACGTGCACTATGCTG-1	308.2737219576322
TACGTTTACCGGCAAT-1	113.0729470861008
TACTATGGTTCCTCAG-1	119.53969661764665
TACTCCTCTAGTTGAC-1	112.65193462116356
TACTCGGCACGCCGGG-1	77.20540295961064
TACTCTCCGAACAAAT-1	548.9767919293763
TACTCTTTCGTCTTCA-1	98.32640267051504
TACTGAACAGATTTAG-1	142.65799180907524
TACTGAGGGAAGAAAG-1	202.500963409372
TACTGCAATCAATTAC-1	704.7654395430808
TACTGCATGATTAAAT-1	40.37258889911449
TACTGGACAGCTCGGC-1	29.698945795793012
TACTTTACTGAGCCGG-1	549.3287850890971
TACTTTCCGCACGCCA-1	40.399861991669574
TAGAAACCACTAAGTA-1	827.3601525485321
TAGAAATTCACGTATA-1	105.00442489647158
TAGAATTAAGGGCAAC-1	717.1028032659441
TAGACGCCCGTACCGG-1	465.51674776737525
TAGACTACCTAGCGTT-1	582.0851817606924
TAGACTCAGTTGGCCT-1	125.69632238921041
TAGAGATCATGCAACT-1	104.42257447927973
TAGAGCTACGAAGAAC-1	578.1467138396096
TAGATATGGACTGGAA-1	93.62669043768119
TAGATCCGAAGTCGCA-1	696.5647606332907
TAGATTCAAAGTGCGG-1	111.19074365379126
TAGATTCCTGGTTATT-1	54.0996864822486
TAGCCGGCGGTCAGCG-1	402.881774034819
TAGCGTCGAATATTGA-1	108.85238547837571
TAGCGTTGGGTCTTAC-1	173.9507702194339
TAGCTAGAAGGCATGA-1	125.444234454495
TAGCTAGTGATGATGG-1	59.40586721608211
TAGCTCGCCTGATAAC-1	140.93213847978313
TAGCTGATGTGAAGCG-1	97.98156063111414
TAGGAACAGCCTCCAG-1	873.8753842814774
TAGGCATGTTACGCCA-1	543.3707943531462
TAGGCGATGAGGTCTC-1	138.08366108706022
TAGGCGGCTGCAAAGA-1	164.58300116030506
TAGGGAGCTTGGGATG-1	498.31539934121594
TAGGTCCAAGTAAGGA-1	111.23540179292992
TAGGTCGCCGGAACTG-1	573.311567226083
TAGTACCACAACTTTC-1	164.23493768540658
TAGTAGCTTATACCAG-1	50.71542909246786
TAGTCCCGGAGACCAC-1	64.66522069319589
TAGTCCGCAGAGAATG-1	55.13384811454593
TAGTCCTGCACTAAGC-1	54.54328666212603
TAGTCTAACAACGAGA-1	108.85605178426565
TAGTCTGCGGCACATT-1	106.87395677598361
TAGTCTGTGACGTTGC-1	701.3438300804253
TAGTGAGAAGTGGTTG-1	695.6692909655129
TAGTGGAACTCATACA-1	886.6345098374403
TAGTTAAGATAGGATA-1	717.388560766107
TAGTTTATTCTTGCTT-1	584.0847776916725
TATAAGTGAGGATAGC-1	345.09811392451905
TATACACAGACGCCTT-1	146.43135458103114
TATACACGCAAAGTAT-1	380.8261312688957
TATAGAGTCGCTTGAA-1	18.800487671615606
TATAGATGGTCGCAGT-1	551.8466222338762
TATAGCGCACGTTATC-1	118.72621453467627
TATAGGGTACTCATGA-1	36.794570072198816
TATATAGGGCTTTACG-1	91.45300634605933
TATATATCGAGAAATG-1	91.4088207231264
TATATCAAAGTGATCT-1	102.76453835842706
TATATCATTGATCAGT-1	195.41873337467297
TATATCCCTGGGAGGA-1	521.4029321909733
TATATTACAAATGTCG-1	818.9530095721209
TATATTCGCGTCGATA-1	698.8882654685937
TATCACAGCACGGGCA-1	786.265662689717
TATCACCATGTAAAGT-1	852.6111437475485
TATCACCCAACCGACC-1	659.7714849535813
TATCACTTCGAGTAAC-1	749.886917003325
TATCAGTGGCGTAGTC-1	150.80117824632356
TATCCATATCATGCGA-1	472.4378373237335
TATCCATCTCGGTTAG-1	101.08015483271747
TATCCGCACCGTCGGG-1	110.80045236231969
TATCCTGCATGGGAAT-1	558.3353097119017
TATCGATCTATGCATA-1	582.8199929077745
TATCTACAGAGGTAAT-1	92.51845923509293
TATCTACCACAGCGGG-1	46.574862571860116
TATCTAGCCTAAAGGA-1	119.74025453308232
TATCTGAGCCGATATT-1	222.23816827880358
TATCTTGCAATACAAC-1	74.21255079956192
TATGAAGACAGGTGCG-1	111.52649341742348
TATGACCTTGCGCTGG-1	108.51282420482106
TATGATAAATCTAACG-1	825.348550176565
TATGATTCTGCTTGGT-1	634.5359667709283
TATGGAGTTTCTCGTT-1	606.0272331800104
TATGGCCCGGCCTCGC-1	130.01512182643495
TATGGGACCGAGCAGG-1	124.70662943908681
TATGGTCTGAGTAACA-1	141.7926506952359
TATGGTTAGTGGGAGA-1	585.8900284722932
TATGTAAAGTGCTTAA-1	65.8712953398752
TATGTAGAAACCCGGC-1	198.6349261007853
TATGTCAAGACCGACT-1	646.267855334341
TATTAACACCAAAGCA-1	135.22162281395816
TATTAACCTGACCGCG-1	120.08876599353398
TATTATGTTTGCCTGC-1	59.60256396017861
TATTCCACTCAGCTCG-1	118.69819542153294
TATTCCGGCAGTCCTA-1	745.3195179905493
TATTCCTCCGCCCACT-1	59.58370264279659
TATTTAGTCTAGATCG-1	483.24219987940944
TATTTATACCGAGTAG-1	620.6431871925013
TCAAAGAGCTATCTGT-1	138.891306300445
TCAAAGTCACGGCGTC-1	74.21410991359643
TCAACAAAGATAATTC-1	34.304058741947856
TCAACACATTGGGTAA-1	513.1974655348089
TCAACATAGCGCCCTA-1	101.55414120265431
TCAACATCGACCGAGA-1	93.61645214228362
TCAACGAGGAGACAAA-1	20.716083242003258
TCAACGCAGGAAATAA-1	83.82959874373663
TCAACGCGACCGGCAG-1	37.88547936384081
TCAACTAACGTATAAC-1	78.27901294317257
TCAAGAAATACTAGCT-1	649.1854186307439
TCAATACAATTGCTGC-1	193.05850601112422
TCACAGCAAACTCGAA-1	123.49069325634643
TCACAGGAGAATAAGA-1	164.341006350858
TCACAGGTTATTGGGC-1	177.29756601298354
TCACATCTTATCTGAT-1	134.20415298068667
TCACCCTCTTAAGATT-1	46.10683380851365
TCACCGCTCGGCACTC-1	508.05884585713136
TCACGATGTCCGTGGA-1	30.100203556191506
TCACGCATTGTAGATC-1	155.8341716079127
TCACGGCCCAAGAGAG-1	111.98506571331565
TCACGTGCCCGATTCA-1	124.28800175725489
TCACTACGACCAATGC-1	783.5179460284445
TCACTATCGTGCAATC-1	652.1851546952471
TCACTCAGCGCATTAG-1	767.2425124900425
TCACTCGTGCAACGGC-1	735.3630974053671
TCAGAACCTCCACAGG-1	656.6860198087782
TCAGCAGTAGGCCCTG-1	69.45174923304351
TCAGGGTGCACGAAAC-1	851.7991978412856
TCAGTAGGGACTATAA-1	21.607696271744366
TCAGTGTATACGTCAT-1	124.85126171297648
TCAGTTACGGAATGAT-1	846.3609403555824
TCATCACTCGAGCTCG-1	372.3133358469571
TCATCCCAGAGGGTGG-1	648.4072099132097
TCATCGATGGTCCCAA-1	47.49281535547063
TCATGCAGGTTCTCAT-1	621.6287819228475
TCATTCGTATAATTTG-1	1011.1904433812947
TCATTTAAGTCTCCGA-1	539.2234333936202
TCCAACTTTAAATTCT-1	107.4959389034982
TCCAATAAAGGCTACC-1	76.36582323821582
TCCACCTCTAGCCTTT-1	85.40096399765501
TCCAGAGCACCGGTTC-1	173.97917074249108
TCCATCAATACTAATC-1	156.19874585717523
TCCATTAGTTGGATAG-1	596.0112979252225
TCCATTGTGACCTCGT-1	754.8261219970344
TCCCAAACAGACAACG-1	782.2514095301665
TCCCAAACATCCTCTA-1	151.98393230977055
TCCCACGGAGGGAGCT-1	885.5436579782861
TCCCACTCTCTTCCGG-1	659.3088983998794
TCCCAGCTTTAGTCTG-1	158.4628408112817
TCCCGGGTGTGCTGCT-1	137.97467561584705
TCCCGGTCAGGAATTT-1	577.0188194778194
TCCCGTCAGTCCCGCA-1	476.02229231916766
TCCCTGGCGTATTAAC-1	51.688749673716394
TCCCTGGCTCGCTGGA-1	62.18192759661458
TCCCTTAGATTACTCG-1	634.8969588359028
TCCGAACTTGGCTTAC-1	45.179782293684404
TCCGACCGCTAATCAA-1	81.91497675931313
TCCGAGAAGGCTAAGC-1	640.8603558461432
TCCGATAATTGCCATA-1	504.33454067523246
TCCGATGACTGAGCTC-1	500.2663575097865
TCCGATTACATTGCCG-1	125.38848292906476
TCCGCTTATCCCATTA-1	166.8028923585866
TCCGGAGGAAGGGCTG-1	871.0184967477865
TCCGGCCTAGCGTACA-1	591.7941460773861
TCCGGCCTGCATCGAT-1	899.943862997785
TCCGGTTCGTCCGGTC-1	131.8486077042849
TCCGTTTAGCCTTGAA-1	490.3847279783879
TCCTAACCGTCGGGCA-1	14.301760920826617
TCCTAGCAAAGAAGCT-1	95.24476479997286
TCCTCCTAAGACATTC-1	58.39474847200965
TCCTCTCCAGTTGTCC-1	93.2760968955996
TCCTCTGGCCCATTAG-1	791.0584619651016
TCCTGCCAACTGGAGA-1	766.9761330751174
TCCTGCGTTGATACTC-1	113.61602615117634
TCCTGGCGCTGCCTGG-1	884.4194376784085
TCCTTCAATCCCTACG-1	41.40258371559836
TCCTTCAGTGGTCGAA-1	585.7730687431713
TCGAATATCCCGCAGG-1	86.54462098114304
TCGAATCGCAGGGTAG-1	58.869216784327975
TCGACAACTGAACCCG-1	83.74646675163228
TCGACATAGCGTAGCG-1	76.10909353465154
TCGAGACCAACACCGT-1	101.10457015993065
TCGAGCCAGGCAGGCC-1	127.04066901065308
TCGAGTCTACGATTCG-1	118.3595524221848
TCGATAGGCTAGTCGC-1	634.3659422106502
TCGCATCCCTAAGTGT-1	418.9260082315204
TCGCATTCAATGACTT-1	560.6803871784708
TCGCCACCCGGATTAC-1	44.18343324521311
TCGCCCAACTGACTCC-1	955.504064108008
TCGCCCACTGCGAGAG-1	67.93554174670626
TCGCCGAAGTTGCGTC-1	23.091307072539667
TCGCCGCACCGCGTGA-1	136.9876902838068
TCGCCGGTCGATCCGT-1	472.4738123972286
TCGCGTCCAGAAGGTC-1	106.9151161872213
TCGCTAAACCGCTATC-1	639.2320594250102
TCGCTCGGCACCAGCG-1	738.8408319968664
TCGCTGTGCGTAAATC-1	428.4536942580684
TCGCTTTAAACGTTTG-1	528.1551149148125
TCGGAATGACCATCAA-1	792.9643874439471
TCGGAATGCGCTCTGA-1	113.97820688032591
TCGGAGAGTATCGGGA-1	104.06508224750606
TCGGCGTACTGCACAA-1	42.71960501717501
TCGGCTAACTTCCCTT-1	855.5660048133911
TCGGGAACGTGCCTAG-1	681.6481792208602
TCGGGATTCAAACATA-1	51.53880583072792
TCGGGCACTTCTGGAT-1	737.04719771166
TCGGGTGAAACTGCTA-1	644.6927913395825
TCGGTCCCGACAATAG-1	6.873343934141989
TCGGTCCCTGACTCCA-1	803.0072307120184
TCGGTGACCGCTCCGG-1	865.1806313620568
TCGGTTAGCCATGTAG-1	924.2252008589716
TCGTAAGACGACATTG-1	417.6493522230067
TCGTAAGCTCCGAGGA-1	824.3998299363584
TCGTACCGACGTCAAG-1	91.69426972468239
TCGTATAGTGCAATTA-1	603.0176824993207
TCGTATTACCCATTGC-1	56.531698686008376
TCGTATTTCGTCCGGA-1	838.1866637045296
TCGTCAAGTACGCGCA-1	133.6621847151086
TCGTCCGCTGGCGTCT-1	335.8348237747696
TCGTGTCACGCTGACA-1	81.73786154181519
TCGTTCGTTATTATGT-1	657.9934771394344
TCGTTGCTATCCGGTC-1	182.43239494386918
TCGTTGGCTCGTCAAT-1	541.8074195322563
TCTAAAGAACAGTCTC-1	104.38907830790157
TCTAATACTGCCTCAG-1	31.057290015280685
TCTACACGTTCATGCA-1	912.2596662267886
TCTACGCACGATCTCC-1	81.25120987324951
TCTAGCAATCTCCGCC-1	54.40501618348162
TCTAGCATGCCCAGAA-1	150.5941328853774
TCTAGGTGGCGACGCT-1	591.2244014059667
TCTAGTGATATCGTGG-1	499.9307669987922
TCTAGTTATCAGAAGA-1	147.2230407485004
TCTATCATGCAGTTAC-1	404.21136674840676
TCTATCGGTCGCAACA-1	426.85270168536215
TCTATTACGCTGGCGA-1	449.52981690356876
TCTATTACTAGAGGAT-1	60.27076597340641
TCTCCAACGTAGGTTA-1	548.71844196008
TCTCGAACGAGGTCAC-1	793.5726044875449
TCTCGGCTCCAGGACT-1	447.16590486676057
TCTCGTGTTACGAGGA-1	119.61012540944073
TCTCTAATAGCTGGTA-1	430.50820191391483
TCTCTTACCGCGAACC-1	54.03898775374919
TCTGAACCGGTCGGCT-1	331.5413714895918
TCTGAATTCCGTACAA-1	490.10136649858407
TCTGCGTCCGGTTTCT-1	405.1248360587102
TCTGGCGCAAGCCGGG-1	113.49618822517154
TCTGGGAACCTTTGAA-1	503.88152064768104
TCTGGGTAGCGCTCAT-1	109.4624822987772
TCTGTCATACAAGAGC-1	574.4712150013316
TCTGTGGCTACATTTC-1	722.677329457958
TCTGTTACCCAGCATA-1	113.67806543257716
TCTTACAGAGGTACCG-1	490.0075456260442
TCTTACCGGAACTCGT-1	622.5608606179213
TCTTAGAGCTCCAATT-1	623.8768955312275
TCTTAGAGTGAACTCT-1	511.8021485134223
TCTTATGGGTAGTACC-1	805.6322705052874
TCTTCCCATGGGCACA-1	529.509064558342
TCTTCGAATAGACGTT-1	193.5833306294469
TCTTGGTAACACCAAA-1	450.9841732399018
TCTTGGTCAATGATAC-1	25.49941277109614
TCTTTAAGACTATGAA-1	534.9120714554816
TCTTTCTCTTAAGGAG-1	789.744286627152
TGAAACTTATGCAAGC-1	682.3334419317899
TGAACAAGCAGGGACT-1	87.21504867318201
TGAACTGCTATGACTT-1	24.481326816016534
TGAATGAGTGTTTCCC-1	75.06965404881596
TGAATTTCACTTGCCT-1	55.42834060297371
TGACAACTTAAAGGTG-1	133.12964497909803
TGACACTTCTCTTTGC-1	790.1150847359926
TGACAGGACAAGTCCA-1	159.3226761267193
TGACATATATGACGAT-1	28.113036773548476
TGACATCGAGCGGACC-1	562.225055915788
TGACCAGCTTCAAAGT-1	901.0322435106725
TGACCCAACTCACATT-1	726.5202498689027
TGACCCACGTTAGACA-1	157.74560146554884
TGACCCAGCATTCCCG-1	1024.7460695776872
TGACGAATATTTCCCT-1	96.5922872897047
TGACGATGCACTAGAA-1	480.7655460383167
TGACTCCGAATCATAC-1	125.17063027718842
TGAGAATGCTTTACCG-1	474.8236141669478
TGAGACGTACCTCTCA-1	19.951994919496045
TGAGATCAAATACTCA-1	722.103484813282
TGAGATTAGGCCCTAA-1	726.1613818524122
TGAGCAGTCGTGAAGT-1	648.0923499178535
TGAGCCATACAGTCTC-1	76.52560595718994
TGAGCGGAAAGTGTTC-1	265.91017723152345
TGAGCTTTAATGACGC-1	610.7331509244912
TGAGGAGTGCCAGCTT-1	170.2047747432836
TGAGGCATGTACTGTG-1	169.3907574164184
TGAGGTGTGTGGCGGA-1	84.21341130912816
TGAGGTTGATCCCAAG-1	721.9909287663005
TGAGTAAATTAGCGTA-1	76.85138873676584
TGAGTGCCTCTTAAAT-1	70.57137426103073
TGATACATTTAGCCGT-1	165.66424376771263
TGATAGCGGGATTCTA-1	179.13568468366162
TGATCACCACACTGAC-1	106.86344123363097
TGATCAGGGAACTGCT-1	71.66431883949812
TGATCCCAGCATTAGT-1	696.0333222820336
TGATCTACGCTGATCT-1	773.4837585125687
TGATTCAGGTCCCGCG-1	102.94957643417801
TGATTCCCGGTTACCT-1	45.647295077498214
TGATTCTGTCGCCGGT-1	84.88877078536568
TGATTTATTAGCTGTG-1	150.80014833693394
TGATTTCCTCCTGACG-1	409.9005733168612
TGCAAACGTACTAGTT-1	63.13470827119403
TGCAATTTGGGCACGG-1	837.2055486155651
TGCACAGTGAAGTTAT-1	837.093312830743
TGCACGAGTCGGCAGC-1	751.6149230534985
TGCAGAACTATATCGT-1	57.549601027753106
TGCAGAGTACCGAGCA-1	62.500324226377046
TGCAGATCGTCCTAGG-1	53.268967000732545
TGCAGCTACGTACTTC-1	65.02124817442485
TGCAGGATCGGCAAAG-1	451.7990254047727
TGCAGTGGTAGGGAAC-1	90.08888788865798
TGCATGGATCGGATCT-1	499.31198164982703
TGCATGGCAGTCTTGC-1	1059.5021412791234
TGCATGTGACCCATAG-1	98.30574133846544
TGCCAAAGTCAGACTT-1	71.7127452240847
TGCCAATGGGTACTCT-1	189.6378360476113
TGCCACACTAGAGGAA-1	75.68820192821696
TGCCACCTGGCGAAAC-1	537.6700383809308
TGCCATGGCTTATAAG-1	948.4605164186203
TGCCATTACTAAAGAA-1	591.2556215724555
TGCCGGATGTACGAGC-1	114.5402610850709
TGCCGTGGATCGTCCT-1	232.0355394858369
TGCCGTTCTTAATCGG-1	125.31691919110918
TGCCTGATCAAACGAT-1	497.83400858403513
TGCGAATATGGGATTT-1	84.18435551637859
TGCGACACCCTAGTGC-1	39.92364451461099
TGCGACGGCCGAACGT-1	120.2227708756441
TGCGAGAATATTACCC-1	111.76366044204391
TGCGAGCCCTTCCGCG-1	852.4833879508573
TGCGGAGTAAAGGTGC-1	462.1010301553805
TGCGGCATAGTTCAAC-1	600.1680007927657
TGCGGGTATTGGGATC-1	869.6726460007081
TGCGGTCTACGAGTAA-1	1007.8211206805514
TGCGGTGAAATTTCAT-1	631.1659290567653
TGCGTAAGAACCTGAT-1	81.02706586749007
TGCGTCATGACTGAGC-1	51.315101156173654
TGCTATACAAACGGAC-1	732.0206165576433
TGCTATGGCAAAGGGA-1	54.389587189461686
TGCTCAAAGGATGCAC-1	74.7239332968517
TGCTCGGCGAAACCCA-1	211.9120714318808
TGCTGGTTGGACAATT-1	359.74551852471694
TGCTGTTGAAGAACTC-1	155.57837908687523
TGCTTAGAGAGAATGC-1	78.6214420797327
TGGAACCACTGACACA-1	679.0926990956299
TGGAAGAAGGGAACGT-1	129.63868063245724
TGGAAGACGAACACCA-1	514.1814449373622
TGGAAGGATAAAGATG-1	486.0297142583906
TGGAATATCCTTGACC-1	740.4867911469914
TGGACGCAATCCAGCC-1	30.169598187558982
TGGAGAATAATCGTCC-1	164.46201211187392
TGGAGCTAAAGTTCCC-1	758.5143136899386
TGGATGGCATCTTGGA-1	86.62240265865582
TGGCAACTCGCGCGCC-1	567.2872492078537
TGGCAAGCACAAGTCG-1	129.42147619891657
TGGCACGAGCTCGAGT-1	949.4381539621554
TGGCAGATTACGATCA-1	22.52796995060635
TGGCAGCAGTAATAGT-1	100.06242093723952
TGGCATGAAGTTTGGG-1	121.53856640006929
TGGCCAATTTGGTACT-1	66.60862906234514
TGGCGACTGCTCCAAA-1	161.54199708849066
TGGCGATCAAGTTATG-1	142.10313623215535
TGGCGGTGTGCGATTG-1	626.1750911006026
TGGCTCTTGTCGCGTA-1	102.18697289484383
TGGCTTATGTATAATG-1	95.62565962118943
TGGCTTTGGGTAGACA-1	450.7011700787626
TGGGATGCACTCATTC-1	822.1191453009367
TGGGCACAAACAGAAC-1	622.9129341421104
TGGGCACGTTCTATGG-1	607.1984272708905
TGGGCCACAAGAGCGC-1	546.3241801294165
TGGGTAAGGTTCCCGC-1	680.037216130636
TGGGTTTCGGGCGTAC-1	64.4483794360675
TGGTAAGCAGGATTGA-1	98.74654199728336
TGGTATCGCATCCCAA-1	718.5260689049854
TGGTATCGGTCTGTAT-1	712.4484309705198
TGGTCGATATACCTCT-1	130.4460965320615
TGGTCGTGCAAGGCAA-1	56.29999725472383
TGGTCGTTTGATAGAT-1	1048.8901768116498
TGGTCTGTTGGGCGTA-1	91.56418584095847
TGGTGCCCTGCCTTAC-1	73.88825252199206
TGGTTAACTTACATTT-1	179.58534360328437
TGGTTGGAGGATCCTG-1	791.2191848327305
TGTAACTTGTCAACCT-1	665.90838208641
TGTAATGACCACAATA-1	93.11043168518222
TGTAATGCCTTCGGAC-1	1038.7363377211389
TGTACGAACAAATCCG-1	106.43391809529997
TGTACGCTATCAGCTT-1	948.322470384444
TGTACTGTGCCAAAGT-1	664.893202351201
TGTAGGAGAAATTTCC-1	402.84421559538487
TGTAGTGATCTATAAT-1	125.63700073606869
TGTATCAGACTGAAGC-1	948.0799280348585
TGTATCCTTATTCCAT-1	610.9716367772265
TGTATGGCGCAGACAG-1	439.3292136685282
TGTATTTACCTAATGC-1	885.0183385242393
TGTCATTTGTTGGGAA-1	784.5828148490135
TGTCCCGACATAGCAC-1	625.568552923554
TGTCCGCAAACAATTC-1	80.15494425611247
TGTCCGTGGCGCCTTT-1	102.51455623749428
TGTCCTAAGTCACCGC-1	89.90840976688773
TGTCGGCATGGTGGAA-1	531.2136953518844
TGTCGTTATCACATAT-1	117.15154295538565
TGTCTACAGTTTCTGT-1	614.6371860421673
TGTGACTACGCCAGTC-1	499.85397381599023
TGTGAGACTAGCCCAA-1	212.91141173334407
TGTGATTCCAGCGCTT-1	959.305077603465
TGTGCCAGAGGCAAAG-1	73.90284404192994
TGTGCTTTACGTAAGA-1	55.593625020942845
TGTGGAGGAAGCTTAA-1	791.9652723890381
TGTGGCAAAGCGTATG-1	471.33567922451317
TGTGGTTGCTAAAGCT-1	50.90853720734302
TGTGTCGAAGTCGAGG-1	65.56130765634849
TGTGTCGCGAGTTGCA-1	272.83659455233914
TGTGTGACCATGAATC-1	124.66758305459079
TGTGTTCGTATCCAAG-1	70.01516555429986
TGTTCCGCTTCCATGA-1	110.83764666278948
TGTTCGTATTGCGGTG-1	130.96179674422106
TGTTCTTCCATTGACT-1	171.96839232418623
TGTTGTCAAGAAGTCT-1	504.35271730375183
TGTTTAATACTTCATC-1	741.3084507672738
TGTTTCGGTACTTCTC-1	478.417474114545
TGTTTCTGAAGCGTGC-1	219.11871187767093
TTAAACAGAGTCCCGC-1	534.380402082508
TTAAACCGGTAGCGAC-1	659.3881793499174
TTAAACTCGAATTCAT-1	528.4670253349553
TTAAAGGCGATGCTCG-1	104.2248724891681
TTAACCAACCCTCCCT-1	455.69215853238893
TTAACGTCGCAAGACC-1	638.7102001472297
TTAACGTTAAAGCCTG-1	67.08241186901087
TTAACTTCAGGTAGGA-1	101.92330177843438
TTAAGACGAACGAACC-1	912.3800099452145
TTAAGATACCCAGAGA-1	41.474377540883765
TTAAGATAGGATTGAC-1	535.9459180826949
TTAAGCCGACAACTTC-1	667.5405463185485
TTAAGGATACGGAGGT-1	608.3086909018522
TTAAGGCCCGTACTTT-1	51.13041903950582
TTAATCAGTACGTCAG-1	572.3008945997173
TTAATGCGAGGTAACT-1	805.9461220887963
TTAATTTCAGACGCGG-1	547.6834408595244
TTACAGACCTAAATGA-1	595.8764681283819
TTACATCGTGGCCTGG-1	343.45893925614945
TTACATGCCACAACTA-1	561.8174227562112
TTACCATTGATTACCC-1	66.04367367953277
TTACCCATTGCCGGGT-1	645.8425416999916
TTACCCTAGGGATTGG-1	149.0449202489002
TTACGGATGGTTCGAG-1	487.7614608911162
TTACGGTGTCACCGAG-1	640.9087105588749
TTACGTAGCGCGTGCT-1	1009.3060371422469
TTACTATCGGCTTCTC-1	71.73182418979314
TTACTCTGGTACGTAC-1	62.525408745472795
TTACTGGGATATTTCA-1	25.84075989377618
TTACTGTTTCTCTACG-1	839.0684043869352
TTAGAAGAACATGACT-1	203.4675375816852
TTAGAATAAGGGTCGG-1	37.700767164413215
TTAGACACGATCGTTG-1	670.0800029030247
TTAGAGGGATATACAG-1	78.86703384225868
TTAGAGTATTGTCGAG-1	43.21719565206209
TTAGCAACATGGATGT-1	308.1899778886063
TTAGCCATAGGGCTCG-1	79.57761021307323
TTAGCTAATACGATCT-1	667.8658979765073
TTAGCTCTGTAATCCG-1	109.17340651777984
TTAGGTCATAACCGAC-1	138.03434822144163
TTAGTAGGGCGGCGGG-1	42.444184489556726
TTATAGATGCACATTA-1	719.2294541613936
TTATAGTCCAAGGTGC-1	1005.0564475601315
TTATCCAATCGAACTC-1	465.92253279568916
TTATCCTCAAGGAATA-1	68.1000754481771
TTATCTGACATTAGGA-1	115.00303943780861
TTATCTGTATCATAAC-1	408.8220110112656
TTATGAATGAAAGGGA-1	88.46789874415421
TTATGCGTCCCGGTCC-1	636.2881306403611
TTATTAGGGAAGCATC-1	547.3896492526529
TTCAAGCCGAGCTGAG-1	655.6752503709422
TTCAATTAGCCATAAT-1	779.0120777023019
TTCACGAAAGGATCAC-1	77.77421188399423
TTCACGGTCGTCACGT-1	63.81972091450753
TTCACTTCCTAGAACG-1	99.29480779229299
TTCAGGCGTCAAAGCC-1	40.57368101976448
TTCAGTTCAAGAGGAG-1	124.82547118924167
TTCATGGCGCAACAGG-1	548.1515406389111
TTCCAATCAGAGCTAG-1	626.8624738846102
TTCCAATCTGGCTATC-1	70.07350895547505
TTCCACACAGATTTGA-1	108.43561009506634
TTCCACATTTCTCGTC-1	894.3840268096674
TTCCAGTGGGTTTCGT-1	103.47050934838916
TTCCATCATGCGGTGA-1	813.1691471423561
TTCCCGACGCTTCACT-1	958.4475543956527
TTCCCGGCGCCAATAG-1	75.29153051895246
TTCCGCAGAGAAATAT-1	709.0008760292515
TTCCGCGTGAGGCGAT-1	105.86477574088366
TTCCGGCCTTGAGGCT-1	184.15613528040203
TTCCGGCTCGACTTCT-1	917.8151850408108
TTCCTCTGCCCGAATA-1	83.57081136288672
TTCCTTTCTGTGTTGC-1	490.3145596117478
TTCGAACGAAACATGC-1	165.92951435171634
TTCGCACTGTACGACA-1	153.66004041451814
TTCGCCGCTCGCGCTA-1	156.21978522093977
TTCGCGCGCCATACGA-1	77.63540196783674
TTCGCTATCTGACGTG-1	714.0074040481136
TTCGGACTGATGCCTT-1	914.3999253780307
TTCGGCAACCCGCTGA-1	683.2285201489202
TTCGGCTAGAGATGGT-1	342.6889550155526
TTCGGGCGCTAGTCTT-1	119.96217118519276
TTCGTAATCCCAGCGG-1	742.5757701643889
TTCGTACTCCAGAACG-1	138.0469070385309
TTCGTTCAACGAAGTT-1	720.7888398160451
TTCTAACCGAAGCTTA-1	445.97951475511064
TTCTACCTCAATCGGT-1	76.02345455925038
TTCTACCTTTATGTTG-1	837.2288247459015
TTCTACTTGCGAGGGC-1	284.1235413024281
TTCTAGAAAGTCTTAT-1	56.319318999715506
TTCTATTAAACGCAGC-1	115.53682305902139
TTCTCTTACAGGTGAT-1	197.62668930574648
TTCTGCGAGCGCCCTT-1	65.95759070154405
TTCTGCTAGACTCCAA-1	675.3590930317908
TTCTTAGTGAACGGTG-1	370.82824720637797
TTCTTAGTGGCTCAGA-1	512.7024278400334
TTCTTCCCTTTGATAT-1	845.982110669362
TTCTTCGCAATAGAGC-1	935.0677254580479
TTCTTGAGCCGCGCTA-1	77.79362222803793
TTCTTGGACGATCTGC-1	73.41833425547723
TTCTTGGAGTAATGAG-1	536.3193323334665
TTCTTGTAACCTAATG-1	283.1038259333083
TTCTTGTGTCCATCAG-1	191.43255889620403
TTCTTTGGTCGCGACG-1	698.7718741730476
TTGAAAGGTGTAAAGG-1	844.546758678572
TTGAAGGATGGGCGCC-1	158.21030050893663
TTGAATCGTTGTATAA-1	78.92125413224299
TTGAATTCACGTGAGG-1	495.1124620495815
TTGACATGAACGTGGA-1	38.943310753038666
TTGACCATGTTCTCCG-1	476.34807939647106
TTGACCGTGTTAATGA-1	92.87669983026787
TTGACGATTCAGCACG-1	635.1671258247392
TTGACGCTCCATGAGC-1	537.7512139398115
TTGACTACCATATGGT-1	85.61949710001316
TTGAGAGTACTGCTAA-1	43.86505840503048
TTGAGGCATTTAACTC-1	863.7745200331817
TTGATGCCGCTCGTCG-1	60.95885308406558
TTGATGTGTAGTCCCG-1	568.6037583324288
TTGATTAGCTGTTTCT-1	51.10755379883712
TTGCACAATTCAGAAA-1	4.751902853322139
TTGCACGGAGCAGCAC-1	425.19750277123757
TTGCAGGTCATGAAGT-1	1083.675701439373
TTGCATGCTGATCACG-1	87.58973470949266
TTGCCATAGCCCGCTC-1	23.224059723485222
TTGCCCTGATCACGGG-1	140.40530888779068
TTGCCGCAGACCTACA-1	112.89080545622572
TTGCCGGTGATCCCTC-1	831.7120200780417
TTGCCTAATCCAAAGT-1	92.14403187663429
TTGCGGAAAGCTGCCC-1	141.4653194657517
TTGCGGCATCAGAAAG-1	172.24316654018142
TTGCGGCGACTCATGC-1	832.8378127638471
TTGCGTCGGCCAACCG-1	135.98772070769107
TTGCGTGAACGCTTAG-1	774.0930341745379
TTGCTAGCTACCAATC-1	662.4573522009263
TTGCTCCCATACCGGA-1	475.7321266286394
TTGCTGAAGGAACCAC-1	460.11140487258825
TTGCTGGCCGGGCTTC-1	765.534937099622
TTGGAAGAATACAGTC-1	62.03402536616594
TTGGACATGTGGCTTA-1	110.5348648065326
TTGGAGTCTCCCTTCT-1	612.0990560259621
TTGGATATCGTCTACG-1	69.40689861785347
TTGGATCGACTTCTGG-1	652.6721136991345
TTGGATTGGGTACCAC-1	497.27077917954375
TTGGCCTAGAATTTCG-1	645.6345910335193
TTGGCTCGCATGAGAC-1	296.90560167561887
TTGGTCACACTCGTAA-1	61.48392134132724
TTGGTTGCGGTGCGCG-1	27.17168070513432
TTGTAAGGACCTAAGT-1	31.36088214887525
TTGTAAGGCCAGTTGG-1	447.993435217289
TTGTAATCCGTACTCG-1	134.24211809497558
TTGTACACCTCGAACA-1	80.08493609330456
TTGTATCACACAGAAT-1	668.6794051369279
TTGTCACCGCGGTATC-1	125.4183272520646
TTGTCGTTCAGTTACC-1	401.6736408534099
TTGTCTCGGCAAGATG-1	161.20615935179723
TTGTGAGGCATGACGC-1	105.17798090877496
TTGTGCGGAAGCGGAT-1	184.59615726590204
TTGTGGCCCTGACAGT-1	489.16517294344374
TTGTGGTAGGAGGGAT-1	64.50108882461512
TTGTGTATGCCACCAA-1	215.52497161335205
TTGTGTTTCCCGAAAG-1	163.74136426103257
TTGTTCAGTGTGCTAC-1	389.1295595627549
TTGTTGGCAATGACTG-1	100.40138316369487
TTGTTTCACATCCAGG-1	110.10976821858485
TTGTTTCATTAGTCTA-1	110.04137500133173
TTGTTTCCATACAACT-1	89.13347341604225
TTGTTTGTATTACACG-1	166.45294227283455
TTGTTTGTGTAAATTC-1	670.7691123081449
