	Activated periportal hepatocytes	B cells	Cholangiocytes	Endothelial cells	Fibroblasts	Inflammatory hepatocytes	Kupffer cells	Mesothelial cells	Midlobular hepatocytes	Monocytes & DCs	Pericentral hepatocytes	Periportal endothelial cells	Periportal hepatocytes	T & NK cells
12x40	1.7171135e-10	1.7059394e-10	1.7028186e-10	1.7093235e-10	1.7092876e-10	0.121241584	1.7016433e-10	1.7031207e-10	0.058271017	1.7060695e-10	0.32745937	1.7129201e-10	0.49302804	1.7030168e-10
13x39	1.5246554e-10	1.5224644e-10	0.026501581	0.023391096	1.5127875e-10	0.083357476	1.5104377e-10	1.5156988e-10	0.16644591	1.5202618e-10	1.5160284e-10	1.5199053e-10	0.70030385	1.5141241e-10
14x38	0.19075395	0.067379594	0.10586489	1.4505117e-10	1.4506418e-10	0.009048888	1.4482752e-10	1.4481867e-10	0.11922604	1.4403853e-10	1.444022e-10	0.012308748	0.4954179	1.4507746e-10
14x40	1.4265854e-10	1.4245188e-10	1.4185457e-10	0.00972551	1.4168719e-10	0.011979342	0.012817789	1.4206929e-10	0.25971252	1.4195146e-10	0.2410094	1.4233699e-10	0.4647555	1.4255817e-10
15x37	1.5199206e-10	1.5142838e-10	1.517826e-10	1.5123443e-10	1.5166078e-10	0.079556435	1.5153645e-10	1.5089817e-10	0.15348677	1.5119057e-10	0.5358637	1.5190281e-10	0.23109314	1.5109171e-10
15x39	0.040499177	0.054301873	1.47712e-10	0.07001756	0.05158567	0.045760885	0.042287007	1.4747523e-10	0.16972534	1.4713752e-10	1.4698016e-10	1.479384e-10	0.5193327	0.006489761
16x36	0.108048916	1.4951484e-10	1.4867933e-10	0.0108192125	1.4929798e-10	0.036103506	0.057826784	1.4865892e-10	0.2078633	1.493501e-10	0.22487943	1.4942816e-10	0.3544588	1.4978659e-10
16x38	1.2847004e-10	1.281216e-10	0.13493171	0.08015829	1.2829325e-10	0.0017063497	1.281453e-10	1.2803682e-10	0.18504088	1.2768735e-10	1.2809276e-10	1.2794893e-10	0.59816283	1.27956e-10
16x40	0.06414492	0.074062355	1.3571261e-10	0.038215343	0.03612855	0.03179569	1.3526165e-10	1.3526863e-10	0.1264414	1.3551808e-10	1.3485876e-10	1.3548837e-10	0.5746301	0.05458164
17x35	0.20737557	1.5202549e-10	1.5173174e-10	1.5204346e-10	1.5289174e-10	0.013439418	1.5194607e-10	1.5235176e-10	0.14933509	1.5224864e-10	0.34540018	1.5184813e-10	0.28444976	1.5157699e-10
17x37	1.2924518e-10	1.2872092e-10	1.2871895e-10	0.0527769	0.08559492	0.023423795	0.12716243	1.2859798e-10	0.080244824	1.2895437e-10	0.26795274	1.2869097e-10	0.3017232	0.061121162
17x39	1.2951558e-10	0.0027222848	0.094390504	0.061806563	0.04959905	0.047478348	0.016650807	1.2870907e-10	0.07110818	1.2907045e-10	1.2864625e-10	0.09284311	0.55134225	0.012058916
17x41	0.11719774	1.5513689e-10	1.5484364e-10	1.546919e-10	1.5466682e-10	0.036247633	1.546742e-10	1.5518749e-10	0.16653396	1.5458602e-10	0.3386125	1.5460783e-10	0.34140813	1.5531039e-10
18x36	1.3115188e-10	1.3085678e-10	0.03719731	0.014464255	1.3122069e-10	0.035506483	1.3071559e-10	1.311141e-10	0.12416127	1.3066224e-10	0.7514826	0.013422549	0.021407256	0.0023582561
18x38	1.2172667e-10	1.2187977e-10	0.06165472	0.068251766	0.022064352	1.219279e-10	0.03713731	0.022324871	0.089805186	0.032879535	0.62756	0.018574752	0.019747451	1.2184001e-10
18x40	0.24840654	1.6485165e-10	1.6519126e-10	1.6440295e-10	1.6502374e-10	0.09780675	1.6424184e-10	1.646204e-10	0.19498093	1.6454631e-10	1.6433396e-10	1.6535077e-10	0.43563873	0.023167035
18x42	1.3433858e-10	1.3400385e-10	0.031017363	0.048291955	0.01790227	0.031911816	1.3350689e-10	1.3390752e-10	0.076325506	1.3324282e-10	0.75766194	1.3386514e-10	0.012557681	0.02433153
19x35	0.14341389	0.015794275	1.4531036e-10	1.4536025e-10	1.4496017e-10	0.06254217	1.4507663e-10	0.045098804	0.10160211	1.4478002e-10	1.454995e-10	0.037115756	0.59443295	1.4560278e-10
19x37	1.2787668e-10	1.2744303e-10	0.042400878	0.060781326	0.017660763	0.022621356	0.030431913	0.021611365	0.10126278	1.2771824e-10	0.4988859	0.04038863	0.16395505	1.2752133e-10
19x39	0.031721354	1.3330198e-10	1.3353177e-10	0.026677785	1.3400915e-10	0.05312699	0.023864714	1.3370406e-10	0.11629864	1.3351954e-10	1.3335336e-10	0.09652799	0.6182673	0.03351527
19x41	1.4595414e-10	1.4552744e-10	1.447675e-10	1.457127e-10	1.4576386e-10	0.028520958	0.03138123	1.4533966e-10	0.2251153	1.4535323e-10	0.40430754	1.4530471e-10	0.310675	1.4574911e-10
19x43	0.074568145	1.498996e-10	1.5031562e-10	0.053359225	1.4958887e-10	0.042495307	1.4975444e-10	0.021450272	0.20196112	1.4941948e-10	1.5020585e-10	1.4980929e-10	0.606166	1.4991076e-10
20x34	0.07191018	0.05247147	1.5520049e-10	1.5526651e-10	0.017370887	0.048705205	1.5542563e-10	1.5566476e-10	0.17964067	1.553213e-10	1.5560894e-10	1.5503301e-10	0.6299016	1.5517118e-10
20x36	0.15045947	1.6306974e-10	1.6285713e-10	1.6292828e-10	1.6263953e-10	0.036441255	1.6343747e-10	1.6311111e-10	0.19902816	0.060575664	1.6312574e-10	1.6316369e-10	0.47460482	0.078890614
20x38	1.29676e-10	1.2929492e-10	1.2988789e-10	0.08192982	0.06525154	1.300386e-10	0.048506364	1.2958304e-10	0.16534114	1.2973489e-10	0.45386437	1.2975518e-10	0.16474587	0.020360887
20x40	1.5033771e-10	1.5037728e-10	0.054704923	1.5042863e-10	1.498939e-10	0.0412455	1.501059e-10	0.043550428	0.25744402	1.4994196e-10	1.5005439e-10	0.0656144	0.48699957	0.050441176
20x42	1.2699933e-10	1.272146e-10	0.062621206	0.06708509	0.074748546	1.2709044e-10	1.2692401e-10	1.2727867e-10	0.16194765	0.042982243	0.20959598	1.268565e-10	0.38101926	1.2675659e-10
21x35	0.20042537	1.3674371e-10	1.3644122e-10	0.0108722765	0.05795959	1.3677189e-10	0.039912965	1.3635798e-10	0.13881056	1.3670565e-10	1.3589556e-10	0.06235253	0.48966667	1.3658158e-10
21x37	1.3262577e-10	1.3261009e-10	1.3228041e-10	0.018156994	0.019431306	0.03778637	1.3218686e-10	1.3226402e-10	0.13596521	1.3220273e-10	0.64845866	1.3225822e-10	0.14020142	1.322446e-10
21x39	0.15098004	1.46756e-10	1.4716973e-10	0.019019155	1.4667932e-10	1.4717058e-10	0.049582507	0.00936485	0.24329728	1.468893e-10	1.4672213e-10	1.4757563e-10	0.5035594	0.024196753
21x41	0.12390499	1.3561909e-10	1.3532013e-10	0.03526612	0.08056537	0.038024828	0.030759726	0.027283106	0.09643642	1.3504863e-10	1.3470158e-10	0.04058985	0.52716964	1.3541566e-10
21x43	0.14249508	1.3676467e-10	0.035751972	0.05619574	0.066340804	0.09667589	0.05787154	1.3717065e-10	1.372722e-10	1.3683721e-10	1.3628579e-10	0.016203547	0.52846533	1.3670703e-10
22x34	0.007821447	1.4138149e-10	1.403776e-10	0.03503359	0.01799076	0.025468443	1.4116701e-10	1.4066708e-10	0.19654524	1.411565e-10	0.27224615	1.4088106e-10	0.37917006	0.06572426
22x36	1.2376983e-10	0.025310425	1.2365892e-10	0.050566122	0.041189563	1.2419879e-10	0.027260857	1.2406502e-10	0.11262773	1.2389076e-10	0.6501169	1.2396026e-10	0.05676374	0.036164623
22x38	1.2851245e-10	0.0027412046	1.28126e-10	0.03826933	0.015864292	0.03149152	1.2759847e-10	1.280698e-10	0.081659764	0.016989402	0.6183884	0.11894631	0.07564969	1.283219e-10
22x40	0.24348293	0.020602213	1.4329918e-10	0.021335833	0.04365928	0.052644774	1.4333226e-10	1.4360836e-10	0.08186151	1.4291132e-10	1.4332761e-10	0.034730095	0.5016834	1.4355471e-10
22x42	0.08554572	1.4177307e-10	0.15008974	0.0052833017	0.032281782	0.04931675	1.4187584e-10	0.01870716	0.09695603	1.4122195e-10	1.4114035e-10	0.093549736	0.4682698	1.4180605e-10
22x44	0.05337219	1.513453e-10	1.5063913e-10	0.035647802	0.057369042	0.051570367	1.5134961e-10	1.5105632e-10	0.20058878	1.5070638e-10	1.5125064e-10	1.5146918e-10	0.6014518	1.5053574e-10
23x33	0.029221032	1.5568224e-10	1.5663328e-10	1.564398e-10	1.55964e-10	0.084454484	1.5582306e-10	0.028314708	0.12709938	1.5559616e-10	0.37006006	1.5589502e-10	0.36085036	1.5578323e-10
23x35	1.2949447e-10	1.295283e-10	0.10048003	0.048597325	0.008407745	6.429608e-05	0.06714215	1.2933303e-10	0.17058414	1.2919472e-10	0.2592889	1.2899282e-10	0.34543538	1.293175e-10
23x37	1.3307895e-10	1.332476e-10	1.3307438e-10	0.03375862	0.014777758	0.05136001	1.3287046e-10	0.04921545	0.043734703	1.3324505e-10	0.78245777	1.3274938e-10	1.3333099e-10	0.024695676
23x39	1.2694974e-10	1.2708129e-10	0.06912438	0.045056038	0.03342193	0.018508703	0.04554985	0.005614826	0.108398266	1.2694974e-10	0.3952738	1.2717974e-10	0.2684388	0.010613485
23x41	0.15239334	1.3489242e-10	0.04555873	0.02522771	1.3464897e-10	0.028821958	1.3514737e-10	1.3474892e-10	0.14346589	0.0089842435	1.3491815e-10	0.021578968	0.57396907	1.353202e-10
23x43	0.10381198	1.3196584e-10	1.3190796e-10	0.044440262	1.3097984e-10	0.087100394	0.017186385	1.3165084e-10	0.011416784	0.018192876	1.3120813e-10	1.3154818e-10	0.66593885	0.051912475
23x45	1.5052495e-10	1.503095e-10	1.4991611e-10	1.4974262e-10	1.5000018e-10	0.078212075	1.4987063e-10	1.5007089e-10	0.13400385	1.4962272e-10	0.3395863	0.009371937	0.43882582	1.4992639e-10
24x34	1.3027732e-10	1.299133e-10	1.3007595e-10	0.07997093	1.3059054e-10	0.013783556	0.057124265	1.3066005e-10	0.1266397	1.3017945e-10	0.53056276	1.3037875e-10	0.19191882	1.3055966e-10
24x36	0.017259935	1.3585123e-10	1.3558306e-10	0.020659396	0.061778195	0.011398656	0.02837265	1.358427e-10	0.20704336	0.027639098	0.34160876	1.3557815e-10	0.28423995	1.3556314e-10
24x38	1.4732739e-10	1.4736362e-10	1.4691123e-10	0.012768597	1.4725435e-10	0.059278496	1.4679669e-10	1.4704468e-10	0.15287532	1.4705141e-10	0.7302848	0.016398318	0.028394572	1.4641582e-10
24x40	1.4828366e-10	1.4818215e-10	1.473538e-10	0.05825881	1.4809146e-10	0.05090438	1.4810558e-10	0.039663423	0.23817363	1.4742972e-10	0.17118418	1.4802679e-10	0.42216748	0.019648122
24x42	1.2420598e-10	0.012245703	1.2363256e-10	0.04202324	0.037795275	0.060290802	0.030704206	0.029713959	1.2402629e-10	0.044069473	0.48504004	0.034503307	0.20168483	0.021929128
24x44	0.05443523	0.0525726	0.044312906	0.08448457	0.019869337	0.09305306	0.042601306	1.3331466e-10	0.006815253	1.3273592e-10	1.3265644e-10	1.334719e-10	0.6018557	1.3341335e-10
24x46	1.2578781e-10	0.034832284	0.06489117	0.058233492	1.2588311e-10	1.2573144e-10	0.034260474	0.023627432	0.115403816	1.2542342e-10	0.21171403	0.017544176	0.38573214	0.05376097
24x50	1.3917097e-10	1.3898077e-10	1.3888829e-10	0.050423343	0.015021041	0.038322322	0.021257054	0.024106383	1.3832227e-10	0.043044675	0.2175249	1.3898581e-10	0.5903002	1.3860328e-10
24x52	0.03735503	1.4390528e-10	1.4363352e-10	0.07951526	0.0049245497	0.045941535	0.018381774	0.020248605	1.4416268e-10	1.4414399e-10	0.34542325	1.4375494e-10	0.43193647	0.016273523
25x33	1.3486627e-10	1.3505316e-10	1.3447327e-10	0.009825512	1.3482974e-10	0.07747639	1.3450355e-10	0.017830925	1.3516062e-10	1.3428898e-10	0.87895274	0.0074476777	1.3431e-10	0.008466775
25x35	0.07749901	0.048427	1.4296819e-10	1.4365759e-10	0.029647052	0.021242505	0.042151652	1.4393926e-10	0.16372195	0.007043	1.4328543e-10	1.4381825e-10	0.5753343	0.03493354
25x37	1.2579954e-10	0.024613857	0.07852757	0.052265268	0.02296841	1.2587803e-10	0.016253138	1.2561852e-10	0.11982539	1.2570432e-10	0.63467115	0.033489365	1.2585691e-10	0.017385893
25x39	1.4400603e-10	1.4397857e-10	0.0450688	1.4451781e-10	0.060486227	0.0031076137	1.43426e-10	0.007375035	0.25195143	1.4404614e-10	0.46149874	1.437744e-10	0.17051218	1.4347662e-10
25x41	1.4319666e-10	1.434903e-10	1.4349906e-10	0.026418287	0.009596566	0.020628067	1.4365871e-10	1.4375465e-10	0.17181185	1.4294588e-10	0.6971919	1.430708e-10	0.053022765	0.021330526
25x43	0.12055184	1.2773259e-10	0.09551496	0.065536685	0.019123577	0.05027782	1.282692e-10	0.0251974	1.2844965e-10	1.278447e-10	1.2828706e-10	0.046023186	0.5777745	1.2862936e-10
25x45	1.4101643e-10	0.026585814	0.032095753	0.03721302	1.4094195e-10	0.046998013	1.4068519e-10	1.4078827e-10	0.16307701	1.4066506e-10	0.46540403	1.4090244e-10	0.2286264	1.403416e-10
25x47	1.2573445e-10	1.2553987e-10	0.05151604	0.05207693	0.034447603	1.2568051e-10	0.038516328	0.032067444	0.10608824	1.2538887e-10	0.13682824	0.077023305	0.41954923	0.05188665
25x49	0.12204892	0.020204186	0.053244848	0.07568768	0.032399774	0.06489018	0.025148347	0.014054573	0.007783404	0.029209709	1.3036301e-10	0.030120444	0.52520794	1.3143962e-10
25x51	1.2571882e-10	1.2569389e-10	0.14766109	0.050408244	1.2554413e-10	1.2569652e-10	0.032676924	1.2574736e-10	1.2588774e-10	0.02523373	1.2600353e-10	1.2569533e-10	0.74402	1.2595211e-10
25x53	0.03603025	1.5602987e-10	1.5563129e-10	1.5618411e-10	0.011682396	0.08024799	0.045887403	0.0282265	0.11390996	1.5565474e-10	1.5615431e-10	0.020298738	0.645923	0.017793747
26x32	1.5418355e-10	1.5322725e-10	1.5312819e-10	1.5324449e-10	0.022178816	0.024558833	1.5379938e-10	1.5316033e-10	0.15538058	1.5286498e-10	0.57845575	0.03713131	0.18229471	1.5340884e-10
26x34	1.4538273e-10	1.4534252e-10	1.4516716e-10	0.025498575	0.03140114	0.046291906	1.4475628e-10	1.4531425e-10	0.173365	1.4469279e-10	0.648659	1.4469886e-10	0.074784406	1.4522919e-10
26x36	1.4503075e-10	1.4440389e-10	0.049119763	0.003034272	1.4476544e-10	0.019848716	1.4394465e-10	0.029119462	0.23097971	1.4450666e-10	0.35075486	0.04428058	0.27286264	1.4407375e-10
26x38	1.4729275e-10	1.4674147e-10	0.014161897	1.4621872e-10	1.4667345e-10	0.050339293	1.4690613e-10	1.47032e-10	0.15061776	1.4611473e-10	0.70430946	1.4707294e-10	0.08057148	1.4620255e-10
26x40	1.2808145e-10	1.28267e-10	1.2831129e-10	0.04724817	1.2859182e-10	0.05244612	0.023172108	1.282802e-10	0.049773294	1.2823202e-10	0.66218334	0.027235035	0.12974599	0.008195948
26x42	1.3036462e-10	0.03496888	0.086204246	0.08518548	0.04211966	0.04423138	0.030284192	1.2988809e-10	0.07190356	1.2984995e-10	1.2989751e-10	1.3018547e-10	0.5704703	0.03463242
26x44	0.13570917	0.026703613	0.09415456	0.06339143	0.012796618	0.03577403	0.017921254	0.045712106	0.041738857	1.2697246e-10	1.264246e-10	0.008100089	0.5179982	1.2707808e-10
26x46	1.3411627e-10	0.043692406	0.028682636	0.029517116	1.33676e-10	0.043123182	0.057538204	0.016505593	0.13878858	0.009083183	1.3350553e-10	1.3416054e-10	0.63306916	1.3441642e-10
26x48	0.10546898	1.8231827e-10	1.8278555e-10	0.009569441	1.8216603e-10	0.17512429	1.8156383e-10	1.8198369e-10	0.14178663	1.8200211e-10	1.8133924e-10	1.8208544e-10	0.5680506	1.8138074e-10
26x50	0.05472166	0.024023188	1.300843e-10	0.05438749	0.032698683	0.041589435	1.3040727e-10	0.020824065	0.092910774	1.3018012e-10	1.2982009e-10	0.030128695	0.5823125	0.06640349
26x52	1.3328993e-10	0.03454182	1.3293651e-10	0.13608456	0.027577039	0.027005408	0.016477041	0.018010408	0.134219	1.3277028e-10	0.13398297	1.331573e-10	0.47210178	1.3316542e-10
26x54	0.19163875	0.04848788	1.4851324e-10	0.03878377	1.4901888e-10	0.0071021155	1.4872698e-10	1.4851947e-10	0.1631934	1.4853307e-10	1.4905044e-10	0.010696186	0.5400979	1.4934867e-10
27x33	1.459279e-10	0.01207585	1.4503661e-10	0.024030939	1.4546632e-10	0.05221213	1.4532932e-10	1.4550848e-10	0.15590367	1.4541304e-10	0.41525874	1.4541443e-10	0.34051862	1.4580716e-10
27x35	0.07535116	1.410901e-10	0.06341038	0.017615573	0.057119485	1.4092656e-10	0.061912365	1.4019494e-10	0.17467496	0.0065705627	1.4109144e-10	1.4059125e-10	0.48440036	0.058945198
27x37	0.08889064	0.044025995	0.09098088	0.011748255	1.4541035e-10	1.4554133e-10	1.4453491e-10	0.041586306	0.15332535	1.4492664e-10	0.27067354	0.03136382	0.2674052	1.4495097e-10
27x39	0.14521782	1.5505877e-10	1.5491926e-10	0.019711422	1.5433971e-10	0.04184227	1.5438889e-10	1.5459603e-10	0.1434638	1.5489592e-10	0.45373604	1.5462641e-10	0.19602865	1.5433764e-10
27x41	0.14756423	0.015051073	0.03077091	0.032357067	0.093407676	0.078876935	0.016492972	1.5246915e-10	0.123537384	1.5280804e-10	1.5216962e-10	1.5237525e-10	0.46194172	1.5223783e-10
27x43	0.062089734	0.042878903	0.12767819	0.017316623	1.3379704e-10	0.01667007	1.3333924e-10	0.023753168	0.13304034	1.3362235e-10	1.3300903e-10	0.04226657	0.5332016	0.0011048034
27x45	0.08257129	0.015199282	0.10373303	0.0047253063	0.009835753	0.0072190105	0.022975013	1.4154308e-10	0.1898311	1.4213285e-10	0.16746686	0.07639365	0.32004973	1.4224051e-10
27x47	1.5169185e-10	1.5094406e-10	1.5086894e-10	0.04395837	1.5092505e-10	0.056539092	1.511045e-10	1.5110507e-10	0.23290089	1.5068201e-10	0.32200676	1.5169013e-10	0.34459487	1.5069293e-10
27x49	0.034921847	1.2700539e-10	0.089288436	0.034627385	0.04106565	0.0041828486	0.023939522	0.020010684	0.12256328	0.037471976	0.169072	0.02665543	0.396201	1.272015e-10
27x51	0.17057514	0.02628547	0.07618318	0.072258756	1.3492159e-10	0.043967944	1.3486808e-10	1.3536237e-10	0.058571026	1.3514362e-10	1.3478295e-10	1.3537631e-10	0.5521585	1.3552823e-10
27x53	0.076512	0.013496757	1.4175248e-10	0.06265175	1.4171354e-10	0.010584704	1.4194619e-10	0.06239093	0.22265717	1.417376e-10	1.4207134e-10	0.013594661	0.53811204	1.4196569e-10
27x55	1.5876211e-10	1.5839462e-10	1.5787584e-10	1.5821344e-10	1.581697e-10	0.06911536	0.00546339	0.013164018	0.2134877	1.584357e-10	0.26082993	1.5834295e-10	0.43793952	1.581724e-10
28x32	1.5063557e-10	1.5066891e-10	1.5041995e-10	0.0029431025	1.5050634e-10	0.04924708	1.5049571e-10	1.5026654e-10	0.124830954	1.5020865e-10	0.7677924	1.4989698e-10	1.5073473e-10	0.055186428
28x34	1.361115e-10	1.3595555e-10	1.3561137e-10	0.06129382	0.06686262	1.3610008e-10	0.043402463	1.3578426e-10	0.19170707	0.036526054	0.20715109	1.3553482e-10	0.39305687	1.3542319e-10
28x36	0.06757348	0.06500443	0.06779732	0.021336673	1.4069991e-10	0.0005651543	1.4023936e-10	1.403745e-10	0.20159023	1.4020726e-10	0.12651658	1.398467e-10	0.44961607	1.4061997e-10
28x38	0.115212895	1.429565e-10	0.08377618	0.040659193	1.4307788e-10	1.431584e-10	1.4241083e-10	0.015978402	0.13561799	1.4298185e-10	0.17098407	1.431139e-10	0.43777132	1.4231798e-10
28x40	1.2560397e-10	1.250933e-10	1.2538592e-10	0.06305182	1.2549167e-10	1.2494689e-10	0.10347679	1.2461107e-10	0.0005480425	0.11504047	0.35729045	0.03444979	0.16403356	0.162109
28x42	0.013877659	0.031965	0.073883794	0.00924389	0.07934647	0.03160503	0.05189144	1.2446093e-10	0.0577526	1.2392605e-10	0.08281426	0.011410081	0.51894546	0.037264276
28x44	1.2914048e-10	0.008246369	1.289955e-10	0.09152078	0.05904624	0.044817843	0.028166344	1.2822375e-10	0.07993458	1.2904076e-10	0.5114957	1.2876368e-10	0.17677209	1.2873691e-10
28x46	1.273438e-10	0.0062048337	0.014799663	0.035134755	1.2706648e-10	0.0141026955	0.028402954	0.04689746	0.14041318	1.2668533e-10	0.62630045	1.2694996e-10	0.08774398	1.2718991e-10
28x48	1.6676971e-10	1.6608846e-10	1.6621429e-10	1.6544127e-10	1.6566264e-10	0.10021956	1.6667334e-10	1.6577546e-10	0.15744801	1.6642429e-10	0.2930455	1.6635827e-10	0.44928697	1.665332e-10
28x50	1.279446e-10	0.03222416	0.18576732	0.04756715	0.008189713	0.0032333548	1.2736633e-10	0.025771946	0.09898671	1.2731412e-10	1.2769277e-10	0.14516385	0.45309582	1.276056e-10
28x52	0.10861645	0.03966755	1.4650624e-10	0.02743469	1.4557197e-10	0.06710779	1.4652915e-10	0.036354415	0.123212196	1.4654704e-10	0.13218157	1.4631299e-10	0.4654254	1.4649926e-10
28x54	0.21849573	0.022118293	1.5156003e-10	0.02114676	0.015058554	1.5205283e-10	0.041187085	1.5135146e-10	0.23069105	1.5076426e-10	1.5072515e-10	1.5135809e-10	0.45130253	1.5112442e-10
29x33	1.4127496e-10	1.412386e-10	1.4072876e-10	0.026424557	0.032128308	0.03494164	0.025707752	1.4097915e-10	0.14203742	1.4082381e-10	0.6880498	0.008376315	0.03246476	0.009869497
29x35	1.2879287e-10	1.2875798e-10	0.08726239	0.0721123	0.03649924	0.05152945	0.055674985	1.2821026e-10	0.06322491	1.2845407e-10	1.2847783e-10	1.2895042e-10	0.59456515	0.039131578
29x37	0.17828299	0.007971602	0.029426942	0.056616914	0.0068428707	0.015315132	1.4306419e-10	0.020568406	0.15182647	0.02855998	0.1503296	1.4329904e-10	0.35236335	0.0018958048
29x39	0.11428937	1.6086983e-10	0.015994165	1.6018306e-10	1.6033773e-10	0.07353553	1.6040687e-10	1.6080726e-10	0.13707104	1.6012472e-10	0.27073565	1.5990771e-10	0.3744445	0.013929722
29x41	1.2615795e-10	0.004141205	0.028468797	0.036811728	0.05049484	0.008886646	0.06115361	1.258448e-10	0.10825563	1.260151e-10	0.47914284	1.2619164e-10	0.20709586	0.015548754
29x43	1.2530053e-10	1.2573818e-10	0.0138268145	0.07314243	1.2593426e-10	0.028401181	0.033101764	0.022733547	0.047008373	0.031631686	0.74656653	1.2584495e-10	1.2560443e-10	0.0035876723
29x45	0.015047188	0.017757993	1.3987886e-10	0.033460163	0.042495213	0.03278907	1.4000512e-10	1.4016302e-10	0.11078278	1.3997653e-10	0.4399041	1.3986978e-10	0.24866682	0.0590967
29x47	1.2290309e-10	0.015615677	1.2215827e-10	0.06646159	0.01699479	1.229589e-10	0.10818502	1.229228e-10	0.10276656	1.2310016e-10	0.58254397	1.2243678e-10	0.06596688	0.04146553
29x49	0.017821632	1.2448023e-10	0.05946854	0.08003186	0.052888807	0.047981806	0.026178509	0.041881878	0.012911746	0.019380286	0.17571038	1.2413075e-10	0.39983267	0.06591194
29x51	0.060857173	0.0041704993	0.099509604	0.062077112	0.06448109	0.038333666	0.010216965	0.019491956	0.016742008	0.058086097	1.244828e-10	0.033679742	0.5323542	1.249762e-10
29x53	0.0073214653	1.3602303e-10	0.078371696	0.02537727	1.3597555e-10	0.047897983	1.3609777e-10	0.056437746	0.10574073	1.3624867e-10	1.3535995e-10	0.09014981	0.5522279	0.036475427
30x32	2.671052e-10	1.4575538e-10	1.4519239e-10	0.022983257	0.055761665	0.06430171	1.4604674e-10	1.45607e-10	0.109308854	1.4563756e-10	0.6105742	0.0029342594	0.13413604	1.4596542e-10
30x34	0.13019183	1.3290909e-10	1.3228314e-10	0.011521566	0.024728775	0.039829046	0.068227105	0.0074443766	0.034108397	1.3199934e-10	1.3198147e-10	0.06413943	0.6031431	0.016666451
30x36	0.26188606	1.4663927e-10	1.4666053e-10	1.4664822e-10	0.031900667	0.031095333	1.4629901e-10	0.038408786	0.10431467	1.4571448e-10	1.4627613e-10	0.03413936	0.460921	0.037334103
30x38	0.07277779	1.3439341e-10	0.097868636	0.04320567	0.00875459	0.033540223	0.010707817	1.345373e-10	0.030361546	1.3351222e-10	0.25187087	0.054496136	0.38693124	0.0094855465
30x40	1.2458592e-10	1.2453247e-10	1.2450802e-10	0.10779133	1.2469836e-10	0.035850003	1.246722e-10	0.06865825	1.245921e-10	0.027218603	0.7317151	0.013960532	1.2436774e-10	0.01480623
30x42	1.264993e-10	0.011762266	1.2624982e-10	0.066636056	0.07304846	0.03477606	0.043877646	1.2674467e-10	0.048187766	1.2642813e-10	0.542458	1.2682472e-10	0.17925371	1.2625126e-10
30x44	0.0984602	1.3667914e-10	1.3665047e-10	0.050249856	1.3596281e-10	0.04048037	0.048187137	1.3676572e-10	0.12314331	1.3572314e-10	0.09438088	1.3673808e-10	0.5195541	0.025544262
30x46	1.3281418e-10	1.3311546e-10	0.013927182	0.038848303	0.022641972	0.020353196	0.025982495	1.3347548e-10	0.13460793	1.3285548e-10	0.6351774	1.3343983e-10	0.108461544	1.3309338e-10
30x48	1.2837914e-10	1.2823231e-10	1.2768148e-10	0.054557584	0.039987754	0.009195918	0.04492628	0.023664135	0.099355616	0.03617205	0.1973692	0.029116705	0.43198365	0.033671107
30x50	0.10449266	0.034032326	1.3423936e-10	0.08716953	1.3440486e-10	0.04256623	0.026376834	1.3462396e-10	0.10578886	1.338543e-10	1.3450026e-10	0.051275242	0.5482983	1.3404541e-10
30x52	0.0757501	1.292916e-10	0.07693648	0.035436075	0.041536655	0.030377995	0.056151666	1.2978006e-10	0.09568333	1.295891e-10	1.2968529e-10	1.2958762e-10	0.5881278	1.2934068e-10
31x31	0.07638728	1.6001121e-10	1.5991906e-10	1.5976936e-10	1.6013363e-10	0.051919468	1.6000999e-10	1.5993096e-10	0.14674284	1.6012722e-10	0.35190925	1.5967827e-10	0.37304112	1.6061143e-10
31x33	0.07447938	1.3873148e-10	0.04334177	0.038812373	0.05244029	0.045534026	0.037838977	0.020627718	0.056388877	1.3783868e-10	1.3740371e-10	0.040737443	0.5897991	1.3814372e-10
31x35	0.1705661	1.2597404e-10	0.12046199	0.057337336	0.020912077	0.008977136	0.00088440673	0.081145644	1.2622707e-10	0.028292097	1.2602115e-10	0.07684567	0.38714468	0.047432788
31x37	0.23674515	0.035899226	1.5908044e-10	0.013659317	1.5889455e-10	0.056775432	1.5830134e-10	0.0655148	0.11656745	1.5853432e-10	0.15383591	1.5896337e-10	0.32100278	1.5881063e-10
31x39	1.2395458e-10	1.2404848e-10	0.052557874	0.07135504	0.07197637	0.024274435	0.0188063	0.031735223	1.2389643e-10	1.2359125e-10	0.68987185	0.021680042	1.2351749e-10	0.017742967
31x41	1.3185315e-10	0.006206297	1.3200716e-10	0.039703786	0.053701382	0.046333227	0.07811596	0.048934184	0.12505776	1.3205777e-10	1.3203863e-10	0.0040971297	0.5775965	0.020253815
31x43	0.088908225	0.035306793	0.04455746	0.038530312	0.0073118736	0.03812714	0.016825223	0.025530625	0.108600736	0.03216613	1.3531268e-10	1.362068e-10	0.5641355	1.3592288e-10
31x45	1.2470382e-10	1.2466031e-10	1.2466837e-10	0.041049063	1.2470858e-10	0.051013112	1.2412245e-10	0.020363823	1.2468385e-10	1.2408906e-10	0.865301	0.022272997	1.245878e-10	1.2424395e-10
31x47	1.3352884e-10	0.059235148	1.3320578e-10	0.07297842	1.3291494e-10	0.011591358	0.058477398	0.070298955	0.05246419	1.32865e-10	0.51138407	0.039874457	0.077853255	0.045842707
31x49	1.208148e-10	1.2047333e-10	0.040897872	0.058370627	0.04642026	0.013092733	0.0768446	0.044369508	1.2070356e-10	0.0101257255	0.51432604	0.012020949	0.1389885	0.044543225
31x51	1.3058524e-10	0.014564386	0.06682637	0.12679277	0.083291836	0.050045576	0.017803866	1.3029787e-10	0.012060131	0.020351712	0.45144233	1.304548e-10	0.15682104	1.3052175e-10
31x53	0.20341472	0.013143974	0.07669646	0.030168107	0.03231933	0.052094672	0.045367535	1.38638e-10	0.017323827	0.010890507	1.3778731e-10	1.3821133e-10	0.5185809	1.3852566e-10
32x32	0.08820788	1.518766e-10	1.5224261e-10	1.5150857e-10	0.03153299	0.04595185	1.5197396e-10	1.5125794e-10	0.15257677	1.5173558e-10	0.1637878	0.058382563	0.44976893	0.0097913295
32x34	0.03426254	1.4483781e-10	0.049357187	0.010245492	0.101817265	0.05701662	1.4477705e-10	0.033488538	0.09820151	0.019015742	1.4422828e-10	1.4472291e-10	0.59659505	1.4481405e-10
32x36	0.072117746	0.03870855	0.052011605	0.0014895481	0.047676377	0.020163225	1.3208461e-10	0.17938876	1.3225099e-10	0.039907005	1.318246e-10	0.10767805	0.37064844	0.07021061
32x38	1.2694065e-10	1.264858e-10	0.058236975	0.07282513	0.014415798	2.2480678e-10	0.012110772	0.0074121193	0.03999611	1.2683368e-10	0.673506	0.09809009	1.2659779e-10	0.023406995
32x40	1.2330145e-10	0.040125944	0.06792753	0.09656622	0.006020067	0.02363885	0.05639452	1.2337202e-10	0.022289628	0.011943715	0.38147822	1.2326029e-10	0.22975428	0.06386097
32x42	0.03780469	0.00835108	0.14754887	0.0030535674	0.0707547	0.035448883	0.07324408	1.2459815e-10	1.2476747e-10	0.02978615	1.2429244e-10	0.064553715	0.4891751	0.040279105
32x44	1.2758501e-10	0.019422697	0.045112032	0.09945763	0.0010127625	0.039073538	0.03694682	0.03598041	0.026004236	0.013967598	0.1619746	1.2737932e-10	0.43977785	0.08126986
32x46	0.08301781	1.2840196e-10	0.12218583	0.07517223	0.0034711468	1.2806833e-10	0.014089247	0.04608762	0.11733732	1.2770952e-10	1.2822647e-10	1.2832288e-10	0.53863883	1.2768736e-10
32x48	0.034304276	0.06204041	0.11952847	0.06016908	0.035491887	0.016406128	0.04610996	0.01980073	0.0077546523	0.035411794	0.112226434	1.2039973e-10	0.4160202	0.034736
32x50	1.2401875e-10	0.0041335165	0.07956068	0.07161338	1.2413424e-10	0.020065174	1.2352463e-10	0.12268643	1.2372178e-10	1.2392157e-10	0.61961037	0.044856437	1.2376757e-10	0.037473984
32x52	1.2547484e-10	1.2527206e-10	0.041509252	0.05694409	0.034861594	0.02089963	0.050370596	1.2551984e-10	0.056754325	1.2526394e-10	0.48049605	0.062592	0.17414208	0.021430362
33x31	0.062348478	0.03516876	1.5037262e-10	1.5045408e-10	1.5002224e-10	0.051175453	1.5054163e-10	1.502694e-10	0.116665296	1.5049197e-10	0.44646478	1.498235e-10	0.28817722	1.505781e-10
33x33	1.2905534e-10	1.2946262e-10	0.2800777	0.038361076	0.088475324	0.0025666296	1.2911097e-10	0.3837067	1.2865399e-10	0.10390077	1.2840981e-10	0.087564826	1.2915875e-10	0.015347056
33x35	0.18639812	0.01643702	0.20812337	0.038048547	0.110790744	0.012506154	1.439787e-10	0.169263	1.4458e-10	1.4418675e-10	1.4392516e-10	1.4453395e-10	0.24237148	0.016061496
33x37	1.2446655e-10	1.2457485e-10	1.2467159e-10	0.085650295	0.072598934	0.0340874	0.0050234995	0.012372291	1.2473748e-10	0.068346456	0.62525713	0.031748448	0.047313027	0.017602466
33x39	1.33792e-10	1.3394955e-10	1.3333525e-10	0.04658362	1.3316827e-10	0.04597478	0.029597215	1.3347748e-10	0.075734094	1.3315403e-10	0.4609609	1.3372313e-10	0.2694408	0.07170867
33x41	0.17191471	0.08801548	0.06324105	0.055126738	0.052978408	0.006623189	1.2702725e-10	0.034718186	1.2710287e-10	0.035630196	1.2611615e-10	0.013039702	0.4156109	0.06310153
33x43	0.16977547	1.5874309e-10	0.034600966	1.586538e-10	1.5827539e-10	0.060075674	1.587334e-10	1.5812121e-10	0.1633836	1.5811909e-10	0.12506895	1.587428e-10	0.44709536	1.5893123e-10
33x45	0.042970892	0.0257526	0.16481894	0.04747933	1.2667599e-10	1.2660135e-10	0.002118572	0.058198344	0.071641505	0.032643173	0.1713154	0.025558867	0.34327656	0.014225708
33x47	1.2154036e-10	0.0093635535	0.049016077	0.08214613	0.01796661	1.2139811e-10	0.01911939	0.04373561	0.0454179	0.030650921	0.53721994	0.1154798	0.049884014	1.213891e-10
33x49	1.3146502e-10	0.022585731	0.04493908	0.08526026	0.03388266	0.026659459	0.023124589	1.3092777e-10	0.13992587	1.3114945e-10	0.15913512	1.3103743e-10	0.43261492	0.03187228
33x51	1.2035542e-10	1.2047945e-10	0.023605349	0.08246948	0.09690186	1.2058221e-10	0.027199216	0.0389679	0.066482514	0.032012567	0.50261796	0.018832074	0.110911176	1.2106086e-10
33x53	0.15796556	1.3963909e-10	0.04152185	0.01429309	0.022097709	1.4017787e-10	1.389682e-10	0.007785248	0.07809126	1.3962924e-10	0.656049	0.02219628	1.3973687e-10	1.3979445e-10
34x32	1.2505601e-10	0.04410857	0.4324187	0.02454233	0.032418784	1.2432966e-10	1.2444806e-10	0.13028865	1.25051e-10	0.031207755	1.2445352e-10	1.2513905e-10	0.29427359	0.010741638
34x34	0.047662463	0.04430854	0.15399747	0.027783452	0.03654992	1.2430729e-10	0.022515276	0.055736203	0.07176976	1.2412958e-10	1.2382502e-10	0.06968212	0.4699948	1.2424353e-10
34x36	0.13052487	1.3741362e-10	0.14200996	0.036449034	1.3771143e-10	0.024324674	0.005465127	0.027973471	0.08849767	0.029507114	1.3714889e-10	0.028688315	0.48433173	0.0022281439
34x38	0.018098695	1.3221879e-10	1.3194848e-10	0.07329333	0.069852926	0.011576026	0.032676473	0.013092929	0.13585821	1.3202878e-10	0.34171763	1.3224805e-10	0.30383378	1.3206529e-10
34x40	1.3230513e-10	1.321533e-10	0.097273394	0.056127276	0.040221546	0.03977615	1.320248e-10	0.057903267	0.10828596	1.3188614e-10	1.3209232e-10	0.04414835	0.5429735	0.013290538
34x42	0.06815519	0.049929615	0.056682136	0.052376013	0.056059744	0.0055868747	0.07643007	1.2891106e-10	0.04348787	1.2910865e-10	1.2858348e-10	0.048706714	0.46222758	0.08035812
34x44	1.2428508e-10	0.016897822	0.041820005	0.079945326	0.050911393	1.2464403e-10	0.04877413	0.032367453	0.081956066	1.2414673e-10	0.50886637	1.2442716e-10	0.08433022	0.054131232
34x46	1.2712492e-10	0.058782496	0.026220538	0.09927474	1.2691487e-10	0.015525738	0.010204966	1.2639162e-10	0.10314735	0.02394901	0.20190746	1.2718046e-10	0.40912357	0.051864114
34x48	0.20043714	0.024444172	1.3115756e-10	0.0747835	0.027767451	0.035941783	0.007619154	0.038094833	1.3127542e-10	0.05316393	1.3025185e-10	1.3109727e-10	0.5184353	0.019312732
34x50	1.3094494e-10	1.3081662e-10	1.310089e-10	0.08387292	0.004773294	0.047532823	0.019745529	1.3042323e-10	0.114178024	1.3056337e-10	0.44598752	1.3125726e-10	0.2281389	0.055771023
34x52	1.4993806e-10	1.4953908e-10	1.4950571e-10	0.044776164	1.49838e-10	0.014878558	1.5020198e-10	1.4915992e-10	0.26917922	1.4892426e-10	0.37649652	0.08441284	0.18867476	0.021581855
35x31	1.2890818e-10	0.029332379	0.10300303	0.094129734	0.017588615	1.2874207e-10	0.016851202	0.014180696	0.1645827	1.2875043e-10	1.2786573e-10	1.284649e-10	0.56033164	1.2861544e-10
35x33	0.021043098	1.2245013e-10	0.14979236	0.06899391	0.040053904	0.02921105	0.04005686	0.031338483	0.036267437	1.2282088e-10	1.2267222e-10	0.03838461	0.54485834	1.2233388e-10
35x35	1.2227995e-10	1.2229791e-10	0.039864626	0.069908254	0.04011036	0.0028701012	1.218783e-10	0.022939334	0.09162153	0.021280667	0.32479855	0.06524706	0.32135952	1.2238657e-10
35x37	0.1170306	1.4231306e-10	1.4249994e-10	0.048678763	1.4264732e-10	0.038386077	1.4258067e-10	0.031101892	0.14863795	1.4187373e-10	1.4227669e-10	0.0548747	0.5612901	1.4230411e-10
35x39	1.366766e-10	1.3622506e-10	0.051564902	0.04865015	0.0077953506	0.059477296	0.023956258	0.06593705	0.10270048	1.3632358e-10	1.3596496e-10	0.01592403	0.56977713	0.054217353
35x41	0.0258246	1.3720584e-10	1.370003e-10	0.026556844	0.013006273	0.099060066	0.034962464	0.02025962	0.043752298	1.3714645e-10	0.112508126	0.026415428	0.5976543	1.3716056e-10
35x43	1.2667711e-10	1.2648783e-10	1.2648976e-10	0.06076663	0.051017847	0.03744624	0.048536327	0.04864067	0.042863477	1.26783e-10	0.6470495	1.2693592e-10	0.019353554	0.044325672
35x45	0.023396943	0.071200974	0.07531306	0.07380053	0.027649282	0.027055075	0.049156398	0.023342406	0.014629596	0.03415877	1.240159e-10	1.2419556e-10	0.5118454	0.068451546
35x47	1.425072e-10	1.4254527e-10	0.019537179	0.02748358	0.021046981	0.06977098	0.011855202	0.022966953	0.06403233	1.418485e-10	0.7456479	0.0024959787	1.4267255e-10	0.015162843
35x49	1.3349306e-10	0.0073041855	0.12791683	0.030787766	0.018177072	0.10694811	0.024467511	0.009874859	1.3359697e-10	1.3287856e-10	1.3312997e-10	0.048741948	0.6257817	1.3318481e-10
35x51	0.21148174	0.039350674	1.475234e-10	0.051005602	1.4744746e-10	0.013393092	0.048631124	1.4764642e-10	0.15748152	1.4782506e-10	1.474556e-10	1.4785215e-10	0.4786562	1.4734625e-10
36x30	0.1058496	0.009975589	1.5236482e-10	0.01947058	1.5215687e-10	0.023213618	0.036755707	0.025497654	0.12138235	0.007208189	0.19849887	1.5246453e-10	0.4521479	1.5259893e-10
36x32	0.25173542	0.04238715	1.462317e-10	0.011904109	1.4582059e-10	0.066657245	1.4562852e-10	0.013865026	0.047954623	1.4635669e-10	1.4601094e-10	1.4628693e-10	0.5654964	1.4565546e-10
36x34	1.2857701e-10	1.284275e-10	0.07654334	0.029107753	0.009508591	0.010317852	1.2841746e-10	0.03541872	0.06657906	1.284792e-10	0.71624345	0.049596798	0.0066844895	1.2876943e-10
36x36	0.07307678	0.014013287	1.3973436e-10	0.026772013	0.04928069	0.04977533	1.3900442e-10	0.029387822	0.08004359	1.3953728e-10	0.21242324	0.033672825	0.3908656	0.040688846
36x38	0.15114617	1.5665452e-10	0.06683923	0.021598374	1.555241e-10	0.032351293	0.027230226	1.5645744e-10	0.20698582	1.56294e-10	0.30679324	1.5649923e-10	0.18705568	1.5651117e-10
36x40	0.042237718	0.026690839	0.04586353	0.094440885	0.0074206297	0.017886259	0.021034142	1.3309989e-10	0.13778141	1.3322358e-10	0.18769711	0.017953863	0.4009936	1.3283284e-10
36x42	1.3105315e-10	1.3073359e-10	0.027128065	0.07354437	0.040179934	0.061388094	0.05808222	1.3073734e-10	0.033021376	0.0138243735	0.4954129	0.0250445	0.17237417	1.3056836e-10
36x44	1.2501895e-10	1.251263e-10	0.048017982	0.06572521	0.054885663	0.011813833	0.062261682	0.01387123	0.09271408	1.2490073e-10	0.65071034	1.2497174e-10	1.2485239e-10	1.2463942e-10
36x46	1.305956e-10	1.304348e-10	1.3001279e-10	0.08478392	1.3000213e-10	0.03753814	0.046883058	0.018703893	0.10876261	1.3002e-10	0.25500867	1.3018252e-10	0.44831967	1.2995033e-10
36x48	1.3708952e-10	1.3689486e-10	1.3731247e-10	0.05482527	1.3699149e-10	0.08911616	1.3656236e-10	1.3701397e-10	1.3689799e-10	1.3644363e-10	0.8182198	0.037838753	1.3686771e-10	1.372156e-10
36x50	0.19373654	1.4259995e-10	1.4196166e-10	0.033502296	1.4241375e-10	0.010040845	0.03431907	0.047515687	0.17260452	1.4197872e-10	1.4272239e-10	0.0035627952	0.5047183	1.420429e-10
36x52	0.052308712	1.4050112e-10	0.14017984	0.061608553	0.044349097	0.029845735	1.4028236e-10	0.07396799	0.116706096	1.3971971e-10	1.4027111e-10	1.4004496e-10	0.46627393	0.014760075
36x54	0.036493193	1.5255669e-10	1.5210545e-10	1.5281384e-10	1.526242e-10	0.06748344	1.5297102e-10	0.055708487	0.13038847	0.039451417	1.5220211e-10	1.5227906e-10	0.67047507	1.5202745e-10
37x31	0.06098756	1.4063938e-10	0.051140517	0.03359059	0.02824691	0.019253222	0.011054965	0.01479223	0.14977227	0.036839396	0.15727568	1.4073626e-10	0.42363274	0.0134139275
37x33	1.4198692e-10	1.4283223e-10	0.06780103	0.027346803	1.4230958e-10	0.035324503	1.42375e-10	1.419826e-10	0.17108147	1.4187891e-10	0.49516883	1.4213895e-10	0.1322991	0.07097816
37x35	1.3001647e-10	1.3031887e-10	0.07660679	0.05770327	0.040333174	0.04246589	1.2964106e-10	0.051119667	0.011213535	1.2972813e-10	0.6873389	0.01872508	1.2983062e-10	0.014493707
37x37	0.06258519	0.004875383	0.12288524	0.04595208	0.014168639	0.054984596	0.030471874	1.348456e-10	0.074690446	1.3432373e-10	1.3378093e-10	1.3491894e-10	0.5893866	1.3402279e-10
37x39	0.32706526	1.7424705e-10	1.742095e-10	1.7426066e-10	1.7446719e-10	0.12258466	1.7376413e-10	1.739933e-10	0.006505213	1.7409588e-10	0.50844824	1.7441894e-10	1.7456804e-10	0.03539666
37x41	1.3017327e-10	1.3007598e-10	0.059782594	0.048977617	0.0024034842	0.0042941514	0.037078366	1.2993266e-10	0.1384763	1.2937353e-10	0.38486814	0.051613316	0.2451025	0.027403565
37x43	0.030096244	0.015494095	0.012461016	0.029380888	0.025246967	0.0065170713	0.03543514	1.4026956e-10	0.21543692	1.4073989e-10	0.3718719	0.032468297	0.22559148	1.4076297e-10
37x45	1.2917058e-10	1.2919645e-10	0.06219945	0.08102744	0.03931058	1.2905482e-10	0.012693486	0.017159883	0.11007541	0.027604284	0.5437136	0.051222052	0.054993834	1.2914693e-10
37x47	1.3162597e-10	0.005796146	0.029264815	0.070913434	0.040755033	0.049757726	0.046263948	1.3151431e-10	0.026879875	1.3195126e-10	0.4999847	1.3170659e-10	0.13082604	0.09955819
37x49	1.3115546e-10	1.3050541e-10	1.3076504e-10	0.06538195	0.024850002	0.030247614	0.072746694	1.3097297e-10	0.085280836	1.3088232e-10	0.4673479	0.07202719	0.18211773	1.3054224e-10
37x51	0.031805668	0.03002833	1.4142157e-10	0.035506435	1.4070856e-10	0.0063991062	1.410318e-10	1.4112811e-10	0.22168261	1.4082616e-10	0.26038867	1.408412e-10	0.37858504	0.035604127
37x53	0.0930867	1.5702524e-10	1.5682232e-10	1.5686749e-10	0.04780177	0.06302098	0.027563306	1.5703033e-10	0.10799756	1.5640082e-10	1.5700337e-10	1.5677326e-10	0.6605297	1.5711092e-10
38x32	0.12576094	0.06341451	1.4809873e-10	0.014221301	1.4811878e-10	0.007851525	1.4819793e-10	1.4773704e-10	0.21663925	1.4794656e-10	1.4841006e-10	0.060778327	0.51133406	1.4810522e-10
38x34	1.4191029e-10	1.4190567e-10	1.4236111e-10	0.0483652	0.05735838	1.4240567e-10	1.419701e-10	0.09561773	0.122861214	0.039578546	0.5493302	0.05417999	1.4215952e-10	0.032708857
38x36	0.08401279	1.4526487e-10	1.452427e-10	1.457347e-10	0.039580043	0.0044900416	0.03522388	1.4508654e-10	0.23331238	1.4476893e-10	1.4537768e-10	1.4537851e-10	0.6033809	1.4485815e-10
38x38	0.1934372	1.3360554e-10	0.057642035	0.020911582	0.02844137	1.3409851e-10	0.029618526	1.3375343e-10	0.113767035	1.3397862e-10	1.3406273e-10	0.058001507	0.49818075	1.3383764e-10
38x40	1.417593e-10	0.008839075	0.0052871644	0.021196084	0.044064738	0.06777381	1.4128423e-10	0.003577063	0.08555368	1.412465e-10	0.76370835	1.4168308e-10	1.4140178e-10	1.417923e-10
38x42	0.24999169	1.3257091e-10	0.06627135	0.05378141	0.058978293	0.042780824	1.3246146e-10	0.029528065	0.007906709	1.322373e-10	1.3244125e-10	1.3278627e-10	0.45409954	0.03666213
38x44	0.06042526	1.4938036e-10	1.5004198e-10	1.4961675e-10	1.4931115e-10	0.033938143	1.4975665e-10	1.495192e-10	0.22240742	1.4937068e-10	0.45371056	1.4950152e-10	0.20169072	0.027827876
38x46	1.4267885e-10	1.4181879e-10	1.4198173e-10	0.039335184	0.025645312	0.10374023	0.02834146	0.06475226	0.0591744	1.4193868e-10	1.419127e-10	0.07872256	0.60028857	1.4215001e-10
38x48	1.2990521e-10	1.3024037e-10	0.10058429	0.087143965	0.0106669925	1.3007134e-10	1.3020958e-10	1.3002618e-10	0.16091216	1.295793e-10	0.47562772	1.3019492e-10	0.16506487	1.3011772e-10
38x50	1.3230815e-10	0.0056814696	0.07670131	0.022556866	0.011191891	0.0005608786	0.061108653	1.3201927e-10	0.18455185	0.026887812	1.3240055e-10	0.037233315	0.57352597	1.3232633e-10
38x52	1.4503057e-10	1.4436848e-10	0.026314057	0.021304453	1.4466092e-10	0.048206404	0.017305188	1.4523376e-10	0.14820386	0.009463157	0.6003073	1.440942e-10	0.12889558	1.4470065e-10
39x33	0.03168671	0.0072101145	1.2575792e-10	0.048097197	0.02162229	1.2624049e-10	0.037283674	0.04941761	0.09789992	1.2544409e-10	0.29000252	0.05964438	0.32155645	0.035579182
39x35	1.3531923e-10	1.3488964e-10	1.3497278e-10	0.050756928	0.039858315	0.037563298	1.3492722e-10	1.3466651e-10	0.12945107	1.3477572e-10	0.1882434	0.061388936	0.492738	1.3439323e-10
39x37	0.15721156	0.012863719	0.17331839	0.054263074	0.03584674	0.03883481	1.3261953e-10	0.023406722	1.3281597e-10	1.3251157e-10	1.3210803e-10	0.03339935	0.46559235	0.00526325
39x39	1.4615545e-10	1.4543883e-10	1.459855e-10	0.034729827	1.4538253e-10	0.030619314	0.016272098	0.009753943	0.2129808	1.4589226e-10	0.37537345	1.4542745e-10	0.3202706	1.4599552e-10
39x41	1.3014254e-10	0.038698755	0.08758134	0.050783254	0.034857173	1.3006785e-10	0.043505296	0.028871017	0.11421632	0.02673775	0.3568805	0.031129522	0.18673912	1.3024958e-10
39x43	0.10723593	0.005248198	0.08257821	0.059708256	0.008915364	1.3007882e-10	0.069120474	0.043536257	0.10027665	0.01799373	1.295613e-10	1.2985447e-10	0.50316304	0.002223824
39x45	1.276489e-10	1.27692e-10	0.051945854	0.05674581	0.021629708	0.020184375	0.05324942	1.2764695e-10	0.0844609	1.2778799e-10	0.5660261	1.2743165e-10	0.07279807	0.072959654
39x47	0.057618946	1.3152492e-10	0.064942315	0.037919793	0.026819522	1.318663e-10	0.05623393	0.033851214	0.15469529	0.013545908	0.10544512	1.3189472e-10	0.42232737	0.026600592
39x49	0.0051917275	0.0047258805	0.02065522	0.090392634	0.055833444	0.040050317	0.049314324	1.2672279e-10	0.01587731	1.2661938e-10	0.4785737	1.2674164e-10	0.1934904	0.04589501
39x51	0.091419555	0.036200818	0.050835613	0.008447281	1.3252391e-10	0.06688986	1.329746e-10	1.3307888e-10	0.034188896	1.3274247e-10	1.3226228e-10	0.11640136	0.5956166	1.324683e-10
40x32	0.05878239	1.3715794e-10	0.065001786	0.030931978	0.05811815	0.023790795	0.032087598	1.3670767e-10	0.11745817	0.02256836	1.3696344e-10	1.3680236e-10	0.5601507	0.031110153
40x34	1.2766643e-10	1.2751554e-10	0.06851447	0.110023916	0.041026406	0.01756028	1.2803392e-10	0.14031447	0.02279253	0.058579538	0.49438712	0.04680139	1.2760411e-10	1.2728785e-10
40x36	0.037398797	1.2385362e-10	0.16446161	0.028598592	0.053823594	0.013990638	0.011566691	0.025819644	0.045401953	0.02014572	1.2392569e-10	0.08949391	0.46460155	0.04469741
40x38	0.106987156	0.08274376	0.14119665	0.005409776	0.0776998	0.022840707	0.037425004	0.010040598	0.008100874	0.050690148	1.2569935e-10	0.013654808	0.44321066	1.2573988e-10
40x40	1.3164049e-10	1.3139942e-10	0.08531993	0.07815907	0.06750302	0.046632074	1.313443e-10	1.3133628e-10	0.013051257	1.309161e-10	0.6823293	0.013816881	1.3144504e-10	0.01318842
40x42	0.03285045	1.4999683e-10	0.025010606	0.027859205	1.5048657e-10	0.022307415	0.00092956267	0.016747918	0.2340046	0.018777734	0.2610653	1.500867e-10	0.36044723	1.4995365e-10
40x44	0.084589265	1.3961064e-10	0.021645939	0.00902405	0.03086582	0.00080391706	0.05836564	0.016388439	0.14313127	1.391924e-10	0.34838265	0.028590366	0.25821263	1.395558e-10
40x46	1.313819e-10	1.3114906e-10	0.07781514	0.054322865	0.05119693	0.013201767	0.037341468	1.3114056e-10	0.16628681	0.011127379	0.20870265	1.3114106e-10	0.380005	1.3139241e-10
40x48	0.01245956	1.5161226e-10	1.518768e-10	0.06390724	1.5134098e-10	0.10980862	1.5184119e-10	1.5151254e-10	0.08303507	1.5189797e-10	0.55386716	1.5205072e-10	0.17692241	1.5165565e-10
40x50	0.045046628	0.024890415	1.2553551e-10	0.07830052	0.12808779	0.035694756	0.098722376	1.2552066e-10	1.2568045e-10	1.2529655e-10	1.2522247e-10	0.033319898	0.50283206	0.053105526
41x29	0.19681206	1.5389845e-10	0.044167005	0.016249107	1.5383478e-10	1.5331572e-10	1.528089e-10	1.5348336e-10	0.17154971	1.5293078e-10	1.5335198e-10	1.541464e-10	0.55136126	0.019860892
41x31	0.13788906	1.5882225e-10	1.5837152e-10	1.5934142e-10	1.5839903e-10	0.03003492	1.5922749e-10	1.590117e-10	0.22773045	1.5912427e-10	0.34709582	1.5942501e-10	0.25724977	1.5942897e-10
41x33	1.2649011e-10	1.2664098e-10	1.2627845e-10	0.10106385	0.022125091	0.04182121	0.006994211	0.051218685	0.0030429417	0.017783996	0.54769427	0.033745244	0.108984336	0.06552625
41x35	1.2724564e-10	1.2715928e-10	1.2668165e-10	0.044017628	0.07263143	0.012944065	0.058544174	0.03817004	0.0942963	1.2685526e-10	0.28553995	1.268901e-10	0.29025212	0.1036043
41x37	0.119005	1.3434234e-10	1.3385944e-10	0.06891575	1.343111e-10	1.3419969e-10	0.06343826	0.029366197	0.16144651	1.337219e-10	1.3440078e-10	1.3446179e-10	0.5354007	0.022427637
41x39	1.3268246e-10	1.3236826e-10	0.05485852	0.06466921	1.3253348e-10	0.035417043	1.3202081e-10	0.0077847927	0.10146601	0.027856609	0.3758105	1.3268346e-10	0.30976105	0.022376275
41x41	1.4054023e-10	0.0030280945	1.3984154e-10	0.028096778	1.3966826e-10	0.054530982	1.4021011e-10	0.014549235	0.0662756	1.4019619e-10	0.7773394	0.05444283	1.3995839e-10	0.0017371131
41x43	0.19179821	1.4890796e-10	0.029730074	1.482768e-10	1.4923893e-10	0.043011617	0.01907072	1.4911061e-10	0.12400386	1.4911801e-10	1.481185e-10	0.03978501	0.55260044	1.4914417e-10
41x45	0.14859606	0.007206901	1.3997027e-10	0.02325676	1.3988967e-10	0.012117314	0.054352257	1.4003088e-10	0.15424313	1.4006643e-10	0.22543143	0.058868982	0.31592715	1.4003008e-10
41x47	0.20637539	1.5979851e-10	1.596072e-10	0.008394295	1.5956307e-10	0.022172274	1.5992321e-10	1.5960021e-10	0.24822986	1.5880008e-10	0.22101206	1.6008984e-10	0.29381615	1.59536e-10
41x49	1.4006184e-10	1.3972698e-10	0.03901147	0.04180863	0.014639241	0.04426338	0.042460937	1.3921807e-10	0.12402503	1.3904532e-10	0.54935557	1.3990031e-10	0.14443576	1.3995397e-10
41x51	0.05449371	1.38701e-10	1.3769538e-10	0.058209196	0.027310664	0.05397108	0.03196595	1.380346e-10	0.13826111	0.025702115	1.3804277e-10	0.03067109	0.57941514	1.3839867e-10
42x30	0.09489072	1.28956e-10	0.06966056	0.067016594	0.0085269315	0.007171621	0.025586573	0.016279237	0.090951055	1.2868302e-10	1.2819917e-10	0.049004488	0.57091224	1.2831049e-10
42x32	0.08005173	0.021287158	0.26638782	0.011299165	1.2898085e-10	0.02654569	0.04925743	0.03447023	1.2914503e-10	1.2889084e-10	1.2877532e-10	0.06088422	0.44981647	1.2856306e-10
42x34	1.3047644e-10	1.3017738e-10	0.07695677	0.026143517	0.0510792	0.028042506	0.02478042	1.3071057e-10	0.116761304	1.3059868e-10	0.5029429	1.29968e-10	0.17329341	1.303896e-10
42x36	0.012630109	1.2807375e-10	0.115798265	0.052883953	0.058822535	0.080581605	0.04490177	0.023404708	1.2830015e-10	1.279912e-10	1.2763503e-10	1.2786407e-10	0.610977	1.2786286e-10
42x38	1.2690786e-10	1.2673683e-10	0.092413805	0.06734933	0.02822579	1.2679074e-10	0.0499392	0.0146780135	0.09525058	0.05379916	0.2805474	1.2662543e-10	0.29176158	0.026035143
42x40	0.04470278	1.3320353e-10	0.032323934	0.035929013	0.09099583	0.052768867	0.01570743	1.3299056e-10	0.06331374	0.010047133	0.38739556	0.014187792	0.25262782	1.3353271e-10
42x42	1.4120807e-10	1.4057146e-10	1.4089922e-10	0.042235088	0.03388481	0.08229339	0.030945567	1.4036008e-10	0.07380957	0.010788534	0.36618453	0.021600699	0.30196312	0.036294688
42x44	0.15596622	0.010474404	0.03507837	0.022528837	0.0013970654	0.0468422	1.5650599e-10	0.019271562	0.1737738	1.5672763e-10	1.5670164e-10	1.5628257e-10	0.5097939	0.024873754
42x46	0.15785056	1.3018324e-10	0.029780189	0.05721831	0.024764776	0.0700724	1.2959583e-10	0.0456487	1.3037607e-10	1.2979424e-10	1.295563e-10	1.3031168e-10	0.55957	0.055095
42x48	1.2287937e-10	1.2346671e-10	0.05528309	0.057443928	0.07697426	0.025020609	0.006631741	1.2303743e-10	0.019407725	0.015163841	0.6841572	0.05051858	1.234408e-10	0.009399133
42x50	0.20388608	1.5833167e-10	0.021251028	1.5884923e-10	1.5880923e-10	0.09058462	1.5905052e-10	0.022595333	0.06204358	1.5808362e-10	0.13482933	1.589926e-10	0.46481	1.588671e-10
43x29	0.15434052	0.043240488	1.4429766e-10	0.029836217	1.4437225e-10	1.447213e-10	0.028277133	0.021672416	0.20697127	1.440782e-10	1.4410045e-10	1.4421647e-10	0.51566195	1.444312e-10
43x31	0.08917381	1.6383654e-10	0.020422924	1.6334353e-10	1.6275671e-10	0.13904303	1.6274958e-10	1.6387937e-10	0.100640304	1.6329775e-10	1.6381749e-10	1.6389093e-10	0.6507199	1.6335071e-10
43x33	0.15574048	0.015074322	0.042609893	0.051614493	0.03362263	1.338204e-10	0.027253447	1.3379614e-10	0.121156424	1.337765e-10	1.3357201e-10	0.024739804	0.52818847	1.3383188e-10
43x35	0.06825259	1.2492501e-10	0.097176366	0.10277901	0.029737167	1.2493266e-10	1.243445e-10	0.06840309	0.10538844	1.2396491e-10	1.2457002e-10	1.2482308e-10	0.47175407	0.056509268
43x37	0.09750504	0.042771462	0.05029219	0.068190634	0.071108565	0.011745931	0.003626399	1.3285244e-10	0.08532682	0.034011703	0.19670656	0.021938855	0.31677583	1.3286713e-10
43x39	0.1205064	0.042709954	0.038263272	0.057887178	0.057976212	0.031344503	0.008437325	0.025248457	1.2826458e-10	0.041957226	1.2788642e-10	0.054895524	0.51658666	0.004187239
43x41	1.271198e-10	1.2712272e-10	0.06157303	0.08013793	0.04015715	0.045247562	0.035288043	0.0075121704	0.024180025	1.2684662e-10	0.57793903	0.011101989	0.08106655	0.035796497
43x43	0.090152726	1.4524054e-10	0.031790566	0.02141006	0.003625097	0.023519725	0.04011478	0.024614155	0.1910538	1.4448347e-10	0.18774779	0.024900306	0.3578655	0.0032053944
43x45	0.03861342	1.2712759e-10	0.11671631	0.046062045	0.065794915	0.04316289	0.027976865	0.0638865	0.041149195	0.011614112	1.2652285e-10	1.2709753e-10	0.5450238	1.2744636e-10
43x47	0.030788956	1.2939635e-10	0.056177475	0.10748928	1.2958258e-10	0.002984014	0.036899284	0.057247058	0.15623367	1.296115e-10	0.16861936	1.2964636e-10	0.35629603	0.0272648
43x49	0.03623049	1.5441379e-10	1.5357345e-10	1.5402637e-10	1.543122e-10	0.040401317	1.541945e-10	1.537754e-10	0.20696385	1.5438609e-10	0.4556233	1.5432103e-10	0.26078105	1.5405958e-10
44x28	0.064586446	1.5141183e-10	1.5035106e-10	1.5112793e-10	1.5103485e-10	0.050652888	0.018462922	1.5057894e-10	0.12026286	1.5032411e-10	0.33984828	1.5113888e-10	0.37056437	0.03562228
44x30	0.25201666	0.006375494	0.0440405	0.0219359	1.3983964e-10	0.043747652	0.036899656	0.024107264	0.044326715	1.3974019e-10	1.3861305e-10	0.03811483	0.48843524	1.3957584e-10
44x32	1.2387324e-10	1.2368578e-10	0.24490269	0.041318078	1.2376249e-10	0.000713416	1.2336418e-10	0.10410055	0.034279034	1.2325575e-10	1.2314555e-10	0.11533047	0.39615187	0.06320387
44x34	0.083005585	1.3432536e-10	0.099708915	0.05746094	1.345433e-10	0.010669128	0.0036451616	1.3399602e-10	0.15378904	0.018524053	0.2881438	1.3440095e-10	0.2850533	1.3466012e-10
44x36	0.16755328	1.2961945e-10	0.2213794	0.049150966	1.2941614e-10	0.0028555577	1.3000274e-10	0.06633199	1.2947096e-10	0.022370825	1.2882188e-10	0.0887717	0.36469436	0.01689189
44x38	0.07990029	1.3498708e-10	0.11809395	0.064506695	1.3484631e-10	0.013344747	0.020326642	1.3497345e-10	0.12098644	1.3482446e-10	1.349603e-10	0.019540941	0.5484145	0.014885785
44x40	0.14778052	1.3124703e-10	0.031867202	0.081275694	0.050887227	0.053476874	1.3099345e-10	0.036748573	1.3165546e-10	1.3135873e-10	1.3083014e-10	0.022371432	0.5296373	0.045955215
44x42	0.14401868	0.04020399	1.4256989e-10	0.07282747	0.012616409	0.06153099	0.028431464	1.4193363e-10	1.4276935e-10	1.4225182e-10	0.33153498	0.018697124	0.29013887	1.4215633e-10
44x44	0.038338263	1.3182234e-10	0.062179167	0.08405289	0.043674447	0.05702582	0.023545317	0.030852117	0.04272811	0.051097386	1.3175247e-10	0.02433471	0.5121202	0.030051535
44x46	0.16424161	1.3817725e-10	0.011176223	0.016099172	0.015495929	0.06156487	0.039364424	0.027891811	0.07635114	0.032321375	1.3746224e-10	0.07811518	0.47737822	1.3827005e-10
44x48	1.2991315e-10	1.3001974e-10	0.018002538	0.029461894	0.021644238	0.050049983	1.295252e-10	0.0063333795	0.031552047	1.2968315e-10	0.79034853	0.052607376	1.2982324e-10	1.2974674e-10
45x29	1.4185188e-10	0.0073974705	1.413862e-10	0.01858164	0.03891673	0.039393827	1.4166235e-10	1.418424e-10	0.15869457	1.4162398e-10	0.25670868	1.4172774e-10	0.43883568	0.041471485
45x31	0.061560612	0.031793687	0.08878108	0.07285561	0.021101436	0.046930786	0.04125129	0.022300456	0.020253316	0.012233333	1.256078e-10	0.004393052	0.5765454	1.2629703e-10
45x33	0.11382279	0.003110698	0.08640267	0.080087386	0.041804615	0.03160331	0.004197323	0.026973285	0.0036783314	0.0363885	1.2575142e-10	0.07434911	0.49758193	1.2611556e-10
45x35	0.0550048	1.2670895e-10	0.12987748	0.10161546	0.029995218	1.2669228e-10	1.2662923e-10	1.2674957e-10	0.09228288	0.024386456	1.2640312e-10	0.03597978	0.4805313	0.050326653
45x37	0.1082145	1.3240521e-10	0.06081941	0.057395756	0.063975655	0.05180123	0.018075913	1.3227801e-10	0.006048521	1.32409e-10	1.3228885e-10	1.3215797e-10	0.54685336	0.08681568
45x39	1.4215726e-10	1.4209084e-10	1.4183332e-10	0.029390734	0.02884394	0.049416266	0.016190825	1.4192723e-10	0.16859029	1.4123915e-10	0.2401289	1.4146238e-10	0.44895893	0.018480087
45x41	0.09970576	1.3551467e-10	0.06683839	0.10032502	0.020436203	0.024084013	0.07119732	0.019128127	1.355033e-10	1.3533542e-10	0.12962696	0.043362968	0.38487867	0.040416602
45x43	0.05381022	1.2581648e-10	0.020799506	0.06000377	0.088975854	0.03965829	0.07422787	0.043880295	0.008583323	1.2510337e-10	1.2552764e-10	1.2579751e-10	0.5377042	0.07235671
45x45	0.09314182	1.5309069e-10	1.5310063e-10	1.5310939e-10	0.05025621	0.0155978585	1.5322771e-10	1.530837e-10	0.3078682	1.5307289e-10	1.5268797e-10	1.5271565e-10	0.53313595	1.5214e-10
45x47	0.080052055	1.3556029e-10	0.05505251	0.012528124	1.3524236e-10	0.056306824	1.3489405e-10	1.349378e-10	0.10696684	1.3465987e-10	1.3441018e-10	0.025771132	0.61532414	0.047998346
46x28	0.24830163	1.4649096e-10	0.06736228	0.032601666	1.4635272e-10	0.056898393	0.059312794	1.4668444e-10	0.022573339	1.462556e-10	1.4670935e-10	1.4667352e-10	0.5129499	1.4653456e-10
46x30	0.1706674	1.4089852e-10	0.05122317	1.4077145e-10	0.061016824	1.40626e-10	0.12051323	1.4041801e-10	0.08624811	0.058134466	1.400596e-10	0.011578192	0.39456114	0.046057515
46x32	0.07448984	0.00820617	0.17241819	0.017974332	1.3582578e-10	0.058344785	0.01827165	1.3555791e-10	0.029804874	0.034654126	1.3480914e-10	0.03166742	0.5245251	0.029643495
46x34	1.4946952e-10	1.4936521e-10	1.4896889e-10	0.046169713	1.4921402e-10	0.089279614	1.4873835e-10	1.4934555e-10	0.13808939	0.021303182	0.37664753	1.492889e-10	0.32851052	1.4952142e-10
46x36	0.27359143	1.5013527e-10	0.031089852	0.023514349	1.4952228e-10	0.07994006	1.4938517e-10	0.020699406	0.06843319	1.4961557e-10	1.4975803e-10	1.4990378e-10	0.50273174	1.4909313e-10
46x38	1.4373577e-10	1.4374124e-10	1.4319287e-10	0.0543717	0.024735942	0.09460591	0.025863597	0.031041397	0.05418199	0.020105092	0.30736822	1.4338172e-10	0.38772625	1.434709e-10
46x40	0.06952149	0.034797784	0.085690424	0.10843569	0.09021086	1.2809262e-10	0.0352205	1.2802887e-10	0.037155535	0.029474262	0.23041798	1.2810801e-10	0.27907544	1.2766505e-10
46x42	0.14919968	1.3588544e-10	0.07790595	0.04928236	1.360042e-10	0.053919453	1.3549334e-10	1.3547784e-10	1.3548095e-10	1.3575824e-10	1.3561667e-10	0.11499856	0.55292886	0.0017652074
46x44	0.15754482	1.624735e-10	0.101625286	1.6271634e-10	1.6301113e-10	0.027534187	1.6175737e-10	1.6294803e-10	0.24319854	1.6224928e-10	1.6251998e-10	1.6301145e-10	0.47009715	1.6249334e-10
46x46	0.18397592	1.5045268e-10	1.5069825e-10	1.5106576e-10	1.5084924e-10	0.04446627	1.5015426e-10	1.5079889e-10	0.15978473	1.5081211e-10	1.5098395e-10	1.5109025e-10	0.6117731	1.5070084e-10
47x27	0.22668184	1.6096498e-10	1.6053114e-10	1.6032367e-10	1.6072138e-10	0.019112967	1.6031725e-10	1.602335e-10	0.14648113	1.6067449e-10	0.30009785	1.6089685e-10	0.3076262	1.601351e-10
47x29	0.21975015	1.552427e-10	1.5519355e-10	1.5537363e-10	1.5531822e-10	0.021127589	1.5521665e-10	1.5470118e-10	0.19205244	0.03799315	1.551314e-10	1.5564117e-10	0.5290767	1.5539052e-10
47x31	0.107124545	0.053896114	0.05940904	0.033388123	0.013120275	0.06939101	0.043304816	0.033399887	1.3482337e-10	1.3506249e-10	1.3434079e-10	0.021129327	0.53527087	0.030565992
47x33	1.2727619e-10	0.025596527	0.100414336	0.08412057	0.091912255	1.2735268e-10	0.02839963	0.046071	0.07593947	0.016741544	1.2631655e-10	0.026616301	0.43468067	0.06950759
47x35	1.3245935e-10	1.3208695e-10	1.3220719e-10	0.007423721	0.025857342	0.02310656	0.021768242	0.009136633	0.124346636	1.3207563e-10	0.15816316	0.09735777	0.44710174	0.08573823
47x37	0.18944724	1.5723736e-10	1.5605181e-10	1.5688296e-10	0.014457141	0.054464146	1.5705662e-10	1.5676571e-10	0.1835002	1.5693086e-10	1.568336e-10	0.01576044	0.5423708	1.5695899e-10
47x39	0.14393705	1.3523925e-10	0.059931632	0.056872748	0.00075161696	0.024098303	0.024368277	1.3449275e-10	0.1267579	1.3512992e-10	1.3471921e-10	0.016419671	0.54686284	1.3518225e-10
47x41	0.054208986	0.005967446	0.10066961	0.09084628	0.030267086	1.2564226e-10	0.0025543822	0.003239644	0.10334493	0.031120455	0.20071623	1.2535883e-10	0.36843705	0.008627958
47x43	0.11540357	1.3239738e-10	0.07208474	0.028366094	0.058511727	0.060401823	0.04355823	0.012083868	0.014294326	1.3255025e-10	1.3207202e-10	1.3251789e-10	0.5576212	0.037674412
47x45	0.28051648	1.543123e-10	1.5351818e-10	0.012813435	0.03157771	1.5413257e-10	0.01647134	1.5375907e-10	0.099619076	1.5320784e-10	0.27137786	1.5377667e-10	0.2876241	1.537928e-10
48x28	0.19301936	1.5057688e-10	1.5066826e-10	0.024399897	1.5065273e-10	0.047183234	1.5103568e-10	1.5043883e-10	0.18021002	1.5016705e-10	1.5027334e-10	1.5042331e-10	0.5551875	1.4990031e-10
48x30	0.20399213	1.396679e-10	0.09577315	0.049436025	0.083159186	0.06332928	1.394563e-10	1.391741e-10	1.3988039e-10	1.3920462e-10	1.3895103e-10	1.3944007e-10	0.5043102	1.3917648e-10
48x32	1.3310457e-10	0.07543939	0.10666106	0.07957129	1.3314697e-10	0.05986974	0.023353327	1.3272607e-10	0.07339385	1.329214e-10	1.3244307e-10	1.3302615e-10	0.5817113	1.3222248e-10
48x34	1.3353024e-10	1.3365255e-10	0.016992223	0.124119274	1.3328824e-10	0.0613789	0.028254746	1.3275189e-10	0.06419939	1.3334572e-10	0.20413712	1.3312869e-10	0.5009183	1.3349839e-10
48x36	1.270662e-10	0.04738085	0.04506854	0.08381653	0.019331796	0.00033033543	0.021189885	1.2631012e-10	0.13977037	1.2648153e-10	0.22946036	1.2699351e-10	0.41365135	1.2661308e-10
48x38	0.12678286	1.5202636e-10	0.0343181	0.057859525	0.021369997	0.029599678	0.055167146	1.5248172e-10	0.18638954	1.5256463e-10	0.18893078	1.5218361e-10	0.2995824	1.5203448e-10
48x40	0.22609767	1.5977099e-10	0.026071077	1.5940635e-10	1.6012398e-10	0.099866584	1.6025994e-10	1.6039144e-10	0.068602555	1.6035809e-10	1.6009985e-10	0.040243167	0.5391189	1.5990301e-10
48x42	1.2569946e-10	1.2553797e-10	0.04202763	0.03833394	1.2516596e-10	1.2555713e-10	0.0120991105	0.07732121	0.0987854	1.2526316e-10	0.4099976	0.050201375	0.23069704	0.040536743
49x27	0.23844272	1.511612e-10	0.09642501	1.5127831e-10	1.5100127e-10	0.066750035	1.5187937e-10	1.518058e-10	0.04995961	1.5196745e-10	1.5119292e-10	0.043038767	0.5053839	1.519518e-10
49x29	0.100942865	1.4649561e-10	0.09268586	0.02474136	0.01566681	0.0625299	1.4584711e-10	1.4623235e-10	0.10733956	0.046223257	1.459445e-10	1.4642437e-10	0.52944344	0.02042698
49x31	0.061884914	1.333941e-10	0.12512346	0.04667713	1.3329261e-10	0.06537275	0.017797632	0.0633755	0.031365678	1.3326108e-10	1.3285757e-10	0.030286675	0.5581162	1.3305664e-10
49x33	0.123693265	0.0267337	0.05527059	0.06066826	0.022916079	0.057678286	0.038912922	1.3497126e-10	0.03320036	0.005350717	1.3483542e-10	1.3539825e-10	0.5755759	1.354166e-10
49x35	0.10762413	1.48548e-10	1.4827568e-10	1.4841488e-10	0.019863633	0.02721601	1.4785516e-10	1.4877398e-10	0.15008584	1.4849275e-10	0.56298065	1.4841318e-10	0.11263404	0.019595716
49x37	1.2806664e-10	0.021225685	0.051388115	0.043464087	0.05044832	3.5540408e-09	0.088081025	0.015833238	0.08866825	1.2787918e-10	0.46737704	0.016614858	0.11971894	0.03718052
49x39	0.110247575	1.3721126e-10	0.09263172	0.08097043	0.035218563	0.026334297	0.029790465	0.03186202	0.1361434	1.36729e-10	1.365661e-10	0.012794225	0.44400725	1.3680751e-10
49x41	1.267676e-10	1.260729e-10	1.2644112e-10	0.10522422	0.07574852	0.023590373	1.26257e-10	1.263483e-10	0.09492985	1.2632421e-10	0.4568024	0.015370574	0.20005508	0.028278982
50x28	0.053928398	1.3925854e-10	0.33645853	1.3895368e-10	1.3915022e-10	0.008079374	1.3896613e-10	0.015462422	0.06222302	0.034080356	1.3828634e-10	0.075664535	0.3458982	0.0682052
50x30	1.3064679e-10	1.3081186e-10	0.08167844	0.059130426	0.0843808	0.070469216	0.071144424	0.010228685	1.3089473e-10	0.034678463	1.3020052e-10	1.3067994e-10	0.53288025	0.055409387
50x32	0.100581124	1.4955508e-10	1.4897486e-10	0.015676875	1.4957248e-10	0.04145605	1.4901493e-10	1.4878347e-10	0.19702171	1.4862321e-10	1.4944301e-10	1.4945356e-10	0.6452642	1.4891378e-10
50x34	0.12436252	0.029254539	0.043055423	0.04815585	1.2414934e-10	0.011091128	0.050039012	0.035587378	1.2435196e-10	0.059320558	1.2393617e-10	0.10206152	0.49707204	1.2441553e-10
50x36	1.4168541e-10	1.4199408e-10	1.4166648e-10	0.039489143	1.4206371e-10	0.031200051	1.4128654e-10	0.022814816	0.12158658	1.4182193e-10	0.76693314	0.017976271	1.4205448e-10	1.4151309e-10
50x38	1.3533209e-10	0.015265447	0.03567756	0.067796364	1.3486878e-10	0.04917812	0.08201124	1.3490584e-10	0.11038342	1.348428e-10	1.3514792e-10	0.028021207	0.58455163	0.027114982
50x40	0.09109077	0.024798326	0.09715297	0.054389346	1.2991401e-10	1.3002979e-10	1.3011513e-10	0.022925885	0.11030713	0.056605447	1.2935324e-10	0.02448099	0.50307786	0.015171248
51x27	0.11052386	0.08261918	0.041184653	1.4524827e-10	0.011039513	0.056218702	1.4482944e-10	0.021433273	0.10033359	1.4517819e-10	1.4448702e-10	0.007484591	0.56916267	1.4468918e-10
51x29	1.2649709e-10	1.2616481e-10	0.3164675	0.008471569	0.05144365	1.2613378e-10	0.051304873	0.08145108	1.2624135e-10	1.2603733e-10	1.2613761e-10	0.11205428	0.29372346	0.0850836
51x31	1.3488016e-10	1.3497202e-10	0.09949981	0.07668566	1.3444967e-10	0.035643686	1.3426618e-10	0.017537555	0.14687252	1.3444224e-10	0.28496343	1.348336e-10	0.33879736	1.3440403e-10
51x33	1.2321573e-10	1.231645e-10	0.07067818	0.10692917	0.04685055	1.2313328e-10	0.104996756	1.2316051e-10	0.05973984	1.2299127e-10	0.14530702	1.2246902e-10	0.44218355	0.02331489
51x35	1.2416215e-10	1.241965e-10	1.2383719e-10	0.14613055	0.0082172	0.005922104	0.017647242	0.008564696	0.12334251	0.055377	0.2824819	1.239303e-10	0.35231683	1.2393242e-10
51x37	1.2362136e-10	1.234934e-10	1.2316433e-10	0.0832788	0.049924668	0.008565515	0.043747656	0.041279696	0.08172413	1.2355701e-10	0.6614482	1.2352332e-10	0.011600662	0.018430728
51x39	1.318118e-10	0.02966518	0.08810161	0.025949834	1.3174445e-10	0.03163799	0.016223492	0.024759317	0.12412578	0.022827992	1.3085914e-10	0.042038362	0.5946704	1.3190007e-10
51x41	0.15726961	1.4547437e-10	1.4560206e-10	1.4488594e-10	1.4556874e-10	1.4597606e-10	1.4584833e-10	0.06318404	0.198143	1.455629e-10	0.1827857	1.4585304e-10	0.37777948	0.020838114
52x28	0.09174576	0.026792936	1.5192306e-10	0.015348087	1.5245775e-10	0.028245365	1.5100754e-10	1.5154393e-10	0.2029667	1.5145753e-10	1.5151792e-10	1.5162142e-10	0.63490117	1.5210137e-10
52x30	0.382392	1.559414e-10	1.5549381e-10	1.5620785e-10	1.5574671e-10	0.047815874	1.5555254e-10	0.017868314	0.084851064	1.5586736e-10	1.5530974e-10	1.5549796e-10	0.46707276	1.5532751e-10
52x32	0.26343644	1.6847344e-10	1.6759047e-10	1.6748118e-10	1.6766306e-10	0.057816606	1.67524e-10	1.6782975e-10	0.17448317	1.6753134e-10	0.14523773	1.6842557e-10	0.35902604	1.6738921e-10
52x34	0.029985286	0.020507656	0.11250793	0.068351395	0.079070896	1.2410979e-10	1.2365706e-10	0.0063071228	0.059115626	1.2356534e-10	1.2336189e-10	0.03014101	0.50845313	0.085559934
52x36	1.3482246e-10	0.053489957	0.04077157	0.045811187	0.038747564	0.044281658	1.3426739e-10	0.048639182	0.13860114	1.349403e-10	1.3503633e-10	1.3443958e-10	0.5896578	1.3476205e-10
52x38	1.2597164e-10	0.024441198	1.2576279e-10	0.07972985	0.029863885	0.040471952	0.065237	0.044244677	0.073098846	1.2536402e-10	0.1291696	1.2578197e-10	0.5137431	1.2556958e-10
52x40	0.1496311	0.042629067	0.060540516	0.030082937	0.083726846	0.012517294	0.05051826	0.06285324	0.0550663	1.2823584e-10	1.281681e-10	0.022197586	0.43023688	1.2799782e-10
53x27	1.4661992e-10	1.4675366e-10	1.4642346e-10	0.06365157	1.4607589e-10	0.021201296	1.4654947e-10	1.4581979e-10	0.22819373	1.4631793e-10	0.28942987	1.4629449e-10	0.39752355	1.4642346e-10
53x29	0.15166807	1.3241279e-10	0.13493542	0.05235188	0.0103399595	0.027488051	0.016118703	1.3202643e-10	0.035183534	0.01822589	1.3142795e-10	0.03335074	0.4975472	0.0227906
53x31	0.0680522	0.024079517	1.3469899e-10	0.094445385	0.028031921	0.030090272	0.035597496	1.3557794e-10	0.11678866	1.3529378e-10	1.3470258e-10	0.037949055	0.54280096	0.022164583
53x33	1.3216102e-10	1.3223186e-10	1.3149946e-10	0.09455026	0.023125764	0.057229456	0.02804006	0.021906566	0.06699524	0.019998359	0.15314361	1.3217086e-10	0.47519284	0.05981786
53x35	1.2058625e-10	0.04689071	0.12924445	0.11405553	0.02526596	0.031274125	0.009656165	0.0018551014	1.2056393e-10	0.061488792	0.15601528	0.00062039937	0.42363355	1.2016081e-10
53x37	0.006791985	1.2288978e-10	0.06788327	0.12729982	0.011204793	0.02586113	0.023087166	0.022138234	0.059325263	0.030369364	0.23107126	1.2335358e-10	0.39496773	1.2284666e-10
53x39	0.07256156	0.023514299	0.02469118	0.062091406	0.022507656	0.020540403	0.04938103	0.060792707	0.079177976	1.295058e-10	0.15668733	0.054150384	0.3739041	1.298236e-10
54x28	0.11645983	0.034811325	0.015197987	0.017626485	0.010646813	0.03629123	0.029250722	0.024995781	0.12380476	0.028247721	0.23696885	1.4900677e-10	0.32569852	1.4866185e-10
54x30	0.09713569	1.4345584e-10	0.02823619	0.029229613	1.4284643e-10	1.435845e-10	0.015447531	1.4356781e-10	0.23159999	1.4325598e-10	1.432434e-10	1.4384025e-10	0.55373514	0.044615757
54x32	1.3181553e-10	0.04578926	0.05463772	0.056081656	1.3117073e-10	0.05119236	0.03292791	0.0040991553	0.059124902	1.3198133e-10	0.32334867	1.3163137e-10	0.37279838	1.3153324e-10
54x34	0.0850568	1.3589202e-10	1.3628113e-10	0.048191287	0.011356175	0.06297137	1.3619665e-10	0.014861354	0.065716825	1.3560152e-10	0.384707	1.3606709e-10	0.3271392	1.3647386e-10
54x36	1.2693245e-10	1.269356e-10	0.05225937	0.08368399	0.058954924	0.036234096	0.012146545	0.055530436	0.018535158	0.017620279	0.4635694	1.2655339e-10	0.20146585	1.2684846e-10
54x38	1.3323022e-10	1.3308393e-10	1.3222393e-10	0.08316424	0.03680486	0.0675724	0.025523914	0.016015876	0.051961243	1.3305981e-10	0.252325	1.3308164e-10	0.44777098	0.01886151
54x40	0.071960896	1.4664163e-10	1.4677398e-10	0.006713042	1.4682577e-10	0.022998258	1.4648843e-10	0.13328849	0.13023578	1.4620231e-10	0.24697246	1.468409e-10	0.3878311	1.4599583e-10
55x27	0.09070346	0.04165385	0.060025316	0.00958709	1.500711e-10	0.105481215	1.5011288e-10	1.5024121e-10	1.5046375e-10	1.5015039e-10	1.4933839e-10	1.5036906e-10	0.6837888	0.008760276
55x29	1.2592868e-10	0.10127205	1.2548777e-10	0.07038091	0.08350989	0.024764214	0.059693463	0.032140553	0.0605652	1.2560966e-10	0.10180408	1.257518e-10	0.4658696	1.2537532e-10
55x31	0.006262986	0.0033328184	0.063058905	0.030569121	0.011953857	0.012561589	1.3693877e-10	1.3701089e-10	0.20519575	1.36718e-10	0.40916973	0.012639335	0.20542042	0.039835446
55x33	1.272028e-10	1.2683721e-10	0.06805197	0.07311575	0.026278138	0.008522777	0.117685266	1.2694443e-10	0.111554004	0.033004753	0.18842061	1.266204e-10	0.36758393	0.0057828575
55x35	1.2135283e-10	1.2137623e-10	1.2152217e-10	0.09562752	0.043238092	0.033557426	0.005572126	0.028084232	1.2156576e-10	0.04710422	0.72915345	0.008075395	1.2119694e-10	0.00958757
55x37	0.009097715	1.2893317e-10	1.2856702e-10	0.07704903	0.053031556	0.03909733	0.004893613	0.031120874	0.05355658	0.03742411	0.42974636	1.2847876e-10	0.2173352	0.047647607
55x39	0.22621772	1.6385476e-10	1.6398108e-10	1.6398265e-10	1.6429823e-10	0.05383139	1.6493026e-10	1.6491988e-10	0.07523437	1.6448826e-10	0.15432046	1.6441924e-10	0.49039602	1.6489e-10
56x28	0.119243294	1.4428979e-10	1.4505912e-10	1.4458429e-10	0.06111926	0.052679665	1.4480203e-10	1.4428482e-10	0.1442922	1.4432282e-10	1.4476999e-10	1.4477469e-10	0.6226656	1.4427244e-10
56x30	0.031353094	1.2756736e-10	0.11510021	0.09322707	0.023763478	0.0520548	0.025412563	0.014135773	1.2756612e-10	1.2736702e-10	0.2839001	1.2763525e-10	0.3144704	0.046582554
56x32	1.3039193e-10	1.305024e-10	0.048668094	0.04150148	0.04776651	0.008714669	0.041601744	0.026217148	0.110212214	1.3031211e-10	0.61463517	1.3025696e-10	0.04184932	0.01883361
56x34	1.2681875e-10	1.2687439e-10	0.04398194	0.1006466	0.09324709	1.2608145e-10	0.022139492	1.2643955e-10	0.121497154	0.042030532	0.22582762	1.267653e-10	0.335111	0.0155185945
56x36	1.2980893e-10	1.2954995e-10	0.06289543	0.071048625	1.2948598e-10	2.351601e-10	0.018916098	0.059011947	0.16610399	0.031431846	0.26413456	0.04478819	0.2655133	0.01615598
56x38	0.08011157	1.3340698e-10	1.3340952e-10	0.044638157	0.098358	0.025461439	0.09586615	0.018137477	0.11827668	1.331736e-10	1.3310046e-10	1.3356484e-10	0.5191505	1.3347035e-10
57x27	1.3509685e-10	1.3456425e-10	1.350139e-10	0.028743444	0.0130550405	0.028773908	1.3513293e-10	1.3502265e-10	0.14341792	1.3490244e-10	0.47588342	1.3474634e-10	0.2796092	0.03051711
57x29	1.2999811e-10	1.2971797e-10	0.07207823	0.026655393	0.038457062	0.0136068575	0.034983534	0.023568189	0.08357886	1.2958246e-10	0.4825848	0.0048445673	0.17356393	0.046078566
57x31	1.4068581e-10	1.4031706e-10	1.4029591e-10	0.017781056	1.4031894e-10	0.025765892	0.07926115	1.4042362e-10	0.14359686	1.4000295e-10	0.50540704	1.4050212e-10	0.14848861	0.079699375
57x33	1.3931448e-10	0.007630438	0.01210582	0.056685306	1.3886771e-10	0.019452106	1.3829757e-10	0.034227993	0.14901382	1.3817048e-10	0.71200144	0.008883099	1.3916734e-10	1.3850293e-10
57x35	0.026296614	1.2551864e-10	0.10578967	0.06841822	0.08586601	0.0076865293	0.07994036	1.2511396e-10	0.06563376	1.2514667e-10	1.2469419e-10	1.2564438e-10	0.49001956	0.070349306
57x37	0.17961411	0.028839903	1.5818671e-10	1.5893221e-10	0.024670811	0.14047237	0.025603127	1.5899013e-10	1.5934806e-10	1.5862633e-10	1.5889402e-10	0.03610004	0.5646996	1.5898012e-10
58x26	0.06722213	1.5532776e-10	1.554386e-10	1.558578e-10	1.5598538e-10	0.03309688	1.5583908e-10	1.551226e-10	0.16488673	1.5565815e-10	0.33848825	1.5568755e-10	0.396306	1.5613928e-10
58x28	1.2832906e-10	1.2852307e-10	0.055029057	0.09791608	1.285287e-10	0.06412902	0.017577413	1.2875837e-10	1.2861502e-10	1.2870509e-10	0.7602647	0.00508372	1.2856155e-10	1.2876819e-10
58x30	0.019355444	0.019375032	0.016259639	0.05128211	1.3771054e-10	0.05247405	0.020879375	0.021852128	0.15324807	1.3759816e-10	0.21568681	1.3765801e-10	0.42958736	1.375378e-10
58x32	1.2504665e-10	0.01813309	0.030150251	0.07026095	0.029426198	0.031338032	0.035511315	0.00504617	0.012641805	1.247641e-10	0.70299596	0.057894316	0.006601886	1.2510058e-10
58x34	1.297924e-10	1.2939691e-10	0.028005289	0.055682443	0.09473439	0.052389417	0.05946471	0.011896806	0.022387456	1.296437e-10	0.60036683	1.2990559e-10	0.07321679	0.0018558605
58x36	0.15122093	0.0076172603	0.056901477	0.03538511	0.027751137	0.03563806	1.2595953e-10	0.035482235	1.2599245e-10	0.094118625	1.2583372e-10	1.2601072e-10	0.5558852	1.2623011e-10
59x27	1.5406851e-10	0.017510517	1.5324261e-10	1.538286e-10	1.5349448e-10	0.08243639	1.5266585e-10	1.5290569e-10	0.14706044	1.5355686e-10	0.52278405	1.5374353e-10	0.23020858	1.5311874e-10
59x29	0.054574832	1.3537821e-10	0.10028584	0.028849103	0.02576089	0.066318825	0.015712343	1.3536298e-10	0.042791884	1.3526387e-10	1.3527858e-10	0.045825902	0.60892767	0.010952767
59x31	1.273677e-10	1.2726159e-10	1.2726013e-10	0.043634836	0.062034663	0.043950118	0.027105492	0.061351895	0.05739439	1.2700165e-10	0.38198453	0.031663135	0.29088095	1.2713543e-10
59x33	1.6163018e-10	1.6083124e-10	1.60765e-10	1.6024393e-10	1.6135174e-10	0.09511943	1.6126496e-10	0.045580648	0.19887415	1.6057039e-10	0.22755712	1.6071103e-10	0.43286866	1.613782e-10
59x35	1.2035964e-10	1.2054849e-10	0.054335665	0.07387925	0.07157838	0.019507263	1.205331e-10	0.0336799	1.2057609e-10	0.022539763	0.67462736	0.028517652	1.2047656e-10	0.02133478
59x37	0.11022563	1.482038e-10	1.4805265e-10	1.4820041e-10	0.019625474	0.043631874	1.4762262e-10	0.068609565	0.1820872	0.03166348	0.27987295	1.4851875e-10	0.26428372	1.4843407e-10
60x28	0.12280946	1.2633028e-10	0.07328839	0.0789257	0.05116418	0.0074153612	0.06901193	1.2633847e-10	0.05796004	1.2599843e-10	1.2593332e-10	0.051696043	0.48772895	1.2615546e-10
60x30	1.2336739e-10	1.2342082e-10	0.082861334	0.044670362	0.15702255	0.015310519	0.028105298	0.047610145	0.057719078	1.2266511e-10	1.2261318e-10	1.2329751e-10	0.52445537	0.04224533
60x32	0.09720838	0.013295763	1.2691707e-10	0.07588384	0.04860419	0.007873976	0.043237347	0.02136937	0.062348608	0.026651822	0.20569715	1.2722538e-10	0.38120583	0.0166237
60x34	0.06944768	0.016273798	0.04692616	0.074315846	0.058071494	0.028701868	0.103638604	0.022075975	0.022533191	1.2551171e-10	1.2524458e-10	1.2517533e-10	0.5199774	0.03803808
60x36	1.36033e-10	1.3602469e-10	0.06552403	0.049455274	0.015373536	0.0075169737	0.015314669	0.01573996	0.18656145	0.019866908	0.26062384	1.357712e-10	0.3615264	0.0024969596
61x27	0.16871007	1.4595422e-10	1.4593753e-10	0.018622415	1.451948e-10	0.02152672	1.4515465e-10	0.020639606	0.15139268	1.4531948e-10	1.4589994e-10	1.4550837e-10	0.6191085	1.453084e-10
61x29	0.08956602	0.062657796	0.15100853	0.045820147	0.03484634	0.015982326	1.2776045e-10	1.2799875e-10	0.053292796	1.2761069e-10	1.2762723e-10	0.06506331	0.48176274	1.279353e-10
61x31	0.02845323	1.304865e-10	0.04195895	0.056749333	0.042895507	0.013789275	1.304188e-10	0.034153197	0.1322691	0.040572315	0.22315249	1.3046858e-10	0.38600662	1.2983628e-10
61x33	0.046070796	0.0032852478	1.234852e-10	0.075910635	0.09735458	0.027350297	0.06621507	0.033271894	1.232781e-10	0.03749669	1.2272654e-10	1.2341361e-10	0.54905695	0.06398792
61x35	1.253516e-10	1.2543842e-10	0.14147358	0.055182658	0.056975175	0.0313888	1.2552338e-10	0.06316347	0.052389428	0.024253536	1.2488362e-10	1.2506621e-10	0.5325552	0.04261814
62x28	0.10446986	0.07186512	1.4112726e-10	0.034194097	0.024762487	1.4162557e-10	1.4078877e-10	1.4088387e-10	0.2133764	1.4107533e-10	1.4096262e-10	0.028693616	0.5226384	1.4127134e-10
62x30	0.27659047	1.47701e-10	1.4764664e-10	1.474578e-10	0.044014502	0.029326463	1.4772975e-10	1.4791866e-10	0.1463462	1.4778218e-10	1.4714033e-10	1.4821631e-10	0.50372237	1.4746962e-10
62x32	1.2867453e-10	1.2892731e-10	0.05167787	0.060925484	0.049565706	0.029589597	0.07352644	0.021984553	0.06008915	0.028990842	0.264793	1.2903902e-10	0.28285995	0.07599746
62x34	0.09324161	0.013121958	1.3481517e-10	0.07114759	1.3499786e-10	0.0963258	1.3513723e-10	0.05072631	1.3515786e-10	0.06277614	1.3451978e-10	0.03400151	0.5786591	1.3467562e-10
62x36	1.3119252e-10	1.3137806e-10	0.14087114	0.07704833	0.036422987	0.0376722	0.01636184	0.105247416	0.073737	0.013920027	1.3116924e-10	1.3106871e-10	0.46736997	0.031349115
63x27	0.07369975	1.502328e-10	1.4965224e-10	0.02161988	1.4940496e-10	0.046528373	1.5026003e-10	1.5010161e-10	0.15525174	1.4965194e-10	0.23850621	1.497656e-10	0.4411297	0.023264399
63x29	0.1281354	1.4294124e-10	1.4245513e-10	0.016349131	0.05161395	1.4351055e-10	1.4243694e-10	0.028194409	0.19574285	1.4277259e-10	1.4248774e-10	1.4316581e-10	0.5413122	0.038652077
63x31	0.15408513	1.3039247e-10	0.08416094	0.05837684	1.3005094e-10	1.3024433e-10	0.02043815	0.06561216	0.10172289	0.021125665	1.2959878e-10	1.3038376e-10	0.49447826	1.2984672e-10
63x33	1.2197447e-10	1.2192307e-10	0.055903353	0.07267645	0.06851182	0.01238356	0.021121573	1.2159632e-10	0.037573047	0.018632593	0.62918115	0.08401644	1.2193493e-10	1.2204311e-10
63x35	0.25366843	1.5658108e-10	1.568902e-10	1.568145e-10	1.5637874e-10	0.0888209	1.5691175e-10	1.5629018e-10	0.063391514	0.0060593835	1.5625558e-10	0.059333734	0.49398318	0.034742884
64x28	1.3088115e-10	1.3084946e-10	1.307175e-10	0.007836787	0.020145148	1.310123e-10	0.05771181	1.3053363e-10	0.17017946	1.3039303e-10	0.6015834	0.048007425	0.09453596	1.3054484e-10
64x30	0.09996422	0.008142968	0.16029516	0.01828686	0.013679564	0.015813332	0.03811261	1.270813e-10	0.055562716	1.271504e-10	1.2624925e-10	0.09089827	0.47382483	0.025419457
64x32	0.038266107	0.0027358674	0.03457384	0.09005719	0.030564375	0.040601898	0.03111159	1.2587749e-10	0.031270232	0.044725407	0.1470307	0.053383425	0.4173179	0.038361594
64x34	1.2672806e-05	1.3144298e-10	0.05070873	0.07493974	0.0862878	0.049274635	0.041405447	0.010353864	0.0794697	1.3161434e-10	0.1773345	1.3178138e-10	0.42040172	0.009811274
65x29	0.12505274	0.009790362	1.2997224e-10	0.07304819	0.049718775	0.070464045	0.08471419	0.0028900742	1.3015955e-10	1.2982061e-10	1.2987982e-10	1.3015757e-10	0.5843216	1.3004937e-10
65x31	1.3897383e-10	0.06861078	0.20423172	0.027876042	1.3852343e-10	0.0061139176	0.019534053	0.04536219	0.16764098	1.3868838e-10	1.3850228e-10	1.3879582e-10	0.46063042	1.386014e-10
65x33	1.4677487e-10	0.048644353	0.031175848	0.023126	0.02964579	0.015975468	1.4661958e-10	1.4616501e-10	0.2711755	1.4606412e-10	1.463e-10	1.4603542e-10	0.58025706	1.467287e-10
65x35	0.161373	0.08176512	1.4423873e-10	0.03471198	0.013944463	1.4447112e-10	1.4445763e-10	0.06598744	0.1622383	1.4428193e-10	1.4423682e-10	1.4479139e-10	0.43956676	0.040413
