	dist_type_ambigious	dist_type_central	dist_type_parasite	dist_type_portal
12x28	785.4954864287889	330.55123536299175	502.84132606618545	794.6809920968286
12x30	736.4067506480368	386.9236906678111	494.51792930084946	838.1529111087069
13x27	715.5687038992132	258.3398730355033	450.03205441390503	716.0799466540032
13x29	707.3443690310964	305.4837088945988	438.79814995052106	773.273856017388
13x31	665.6876796216076	386.90480327853265	448.04817464196867	789.9318241468691
14x26	636.979766397646	199.13468507520204	373.3686955276243	641.8926567581217
14x28	687.6767743642357	224.25027536214984	394.12026844606686	691.6042119594126
14x30	632.7769404774481	299.54080923974277	383.2954166175222	726.9066352703074
14x32	598.2781242866897	400.63099480694206	409.77368631965606	746.6884182843603
14x34	588.6335226607468	513.6800015573897	466.4213374192908	786.0800366374915
15x25	558.8830879531068	158.65391895569414	299.4966210159975	569.0293718253919
15x27	610.5789567287756	147.2977338590108	349.0127539216869	610.6523580565295
15x29	607.3938517963446	213.3207237940095	326.19173993220613	667.4404326979301
15x31	558.2699920289463	316.834758194236	337.1161580227205	678.0755002210298
15x33	532.5210985491559	432.4147088155073	383.674550107249	709.1989286511929
15x35	536.4991351344379	538.31585709507	460.8618469780287	761.801760302508
16x26	532.5908726217527	84.7277852891246	267.26151537398727	532.8068295358084
16x28	577.9946646812581	127.15845390692665	284.24797694970493	591.5618246641681
16x30	527.941256201862	233.29717100727999	269.0356296106522	612.5004244896489
16x32	486.3299377994324	353.75325920760093	303.9677752657343	636.0427724610978
16x34	473.8679394092831	474.319495698838	375.5112568219495	681.682465668584
16x36	494.3217713190469	497.8519595221054	471.87135280709754	746.6982881994576
16x38	544.8338792696356	550.819567553659	579.7845427398009	810.5911645213015
17x25	454.28190807030825	51.780034762444664	190.27068087332842	459.1343724880549
17x27	503.40777785012415	41.04961388368953	259.18454969384265	508.5482777475507
17x29	509.3476977468335	154.58239615169677	212.8069481948367	553.1601912647003
17x31	449.67145517588705	280.025673108735	226.87507046830854	565.2714547896434
17x33	419.334803707014	406.6435264454608	290.74620822978943	603.5273627599663
17x35	423.19868856129483	425.52650916247256	386.52628629887516	663.3078696955131
17x37	465.3000150440574	470.6928765129127	497.6084645582309	741.2740276038276
17x39	532.9662912417632	540.7902621164698	593.532532890995	766.438091172405
18x24	383.1726608201581	34.53705256677218	125.2279840930132	394.4782478160233
18x26	435.3259394982107	0.48332183894405834	182.26440574067098	435.2998892717523
18x28	479.1121342650381	93.49009145358673	181.3746321843271	503.45891312002794
18x30	427.3016419345943	220.6527887881771	161.51251716198357	504.2171488555304
18x32	375.90712150742746	348.38393189123974	212.7306371917311	532.0957094358117
18x34	364.3548407802481	365.15099616460026	309.08453536209163	588.0862606795027
18x36	391.6433939184985	396.2787756113115	421.6764494253862	661.9455476094695
18x38	455.7937305404715	463.1192554839411	516.0148493987358	702.1206483219247
18x40	536.9495268644904	551.4484875307938	602.3497940565766	735.2437380896215
18x42	524.6924356230037	629.1809533035785	564.1347994938797	787.9643088363838
19x23	305.72857635490993	61.670433758811704	78.56642030791514	329.8964116203751
19x25	356.24099034221194	0.2884441020372352	96.48918695895416	356.407075126182
19x27	399.8173107808112	66.70503729104757	181.06021650268698	420.8274729624955
19x29	418.33492849629454	171.64717416840878	103.59455777211453	443.10011554952223
19x31	346.00182427264735	293.05095529617387	129.97762268944615	459.4949644990683
19x33	307.55401541843	307.44539742855136	224.80309695375624	506.2397380688322
19x35	316.32612348650554	319.66278544741476	341.1225826590788	576.701635510079
19x37	371.7097039357459	378.6161433430961	431.74157084997023	637.1314338501905
19x39	451.75928811702386	466.0491115751646	516.964654884645	661.453168712646
19x41	486.16079521080235	568.3907800096691	553.1730279035662	707.8258816969043
19x43	460.23342816444773	570.1828552315476	484.09983309230734	772.721455894684
19x45	465.48015854599015	584.5937546707116	439.71861229654587	850.4734552001023
19x47	506.47438355755	628.5565537006199	433.5803284283088	940.7030037158383
19x49	572.840638223232	694.0802236053117	461.8626168028755	1040.7214213227282
20x24	278.96601154979425	0.524976189936431	13.402820598664936	282.57026665946285
20x26	327.87168526727027	68.74010474242834	128.43364823908107	337.7308425358868
20x28	377.6899813338978	150.46475334775238	96.91853279946012	389.66863101871587
20x30	333.3699182589813	230.40751376636993	50.27745419171489	390.578625119194
20x32	268.183414848868	268.3200029815146	142.27840313975952	427.63024214851765
20x34	249.8370068664767	251.005278828952	264.20228992194603	492.9600896624391
20x36	288.1295465584881	294.40583486065617	347.7133238747114	576.2650740761579
20x38	365.4585689240304	379.504473754922	430.4152943379224	589.4966374798081
20x40	459.64546554926415	483.51648782642377	531.0411603633002	628.7723864801952
20x42	412.2813369532995	514.7728244575466	468.0087828235705	688.8588685645269
20x44	401.3351198188366	516.9642912232913	404.15853127207384	766.102159245097
20x46	428.8167893168362	550.4624953618547	375.76843773792376	855.0088179662242
20x48	490.540000407714	612.1178089224329	389.21733260480573	956.2836671197518
20x50	569.5494710734092	688.0321213431829	436.6263849104863	1059.3524437126675
21x23	198.9519308777878	70.66251339996322	48.85315547638644	215.50691589830717
21x25	253.97628235723116	73.85114758756295	71.78322923914753	253.7600283732645
21x27	294.52737258190444	154.70207884834642	137.9378599225029	338.4669159607774
21x31	248.51450259491884	213.89235142940495	65.51715805802348	349.2840935399149
21x33	194.75079666075808	194.57469722448482	185.35445179439316	408.69591727835996
21x35	208.00895461493977	213.10627677288176	266.35075595913014	492.85694192128443
21x37	280.34612321200404	293.9722245383059	344.88552999509875	522.8929802550423
21x39	377.1842653133878	399.70955705361877	446.3647947587266	551.8636153978626
21x41	379.25106090820617	469.77314440057125	468.4412526667564	606.0303682159831
21x43	344.661281260312	454.2918432021423	383.69857805313785	680.7190894928684
21x45	352.5574409936624	472.9670910327691	327.4291208796183	768.1260763702792
21x47	405.33372127174385	527.3172343096702	319.2279210846066	868.408513085863
21x49	484.11048408395345	603.0219903121276	356.2435133444535	974.5578693951425
21x51	576.5539697200946	672.2420992469897	426.42124712542153	1083.768776077259
22x22	119.98600085009922	144.25408278450914	41.87266889033943	164.651633456823
22x24	170.10319808868934	110.04080152379885	88.77757599754611	170.14211118944036
22x26	214.2250975026035	142.69419189301283	160.45545300799233	252.92922409243263
22x28	286.6475920010493	98.97980602122807	81.65489575034658	272.63132982106043
22x30	249.23497748109116	128.5794462579459	39.43544091296554	273.9853171248416
22x32	159.1300160246331	160.83843446141844	102.17202161061492	324.57893030817615
22x34	132.0226601761983	134.48829986285028	186.3340623718592	406.3563249169378
22x36	194.0587230711366	207.71246471986242	258.33557246341456	458.85490953023503
22x38	293.7393572540119	318.580366626696	363.5156805421191	476.19799453588627
22x40	357.5929630180099	432.3124879066066	477.61499892695963	523.9424464576241
22x42	297.61361931202015	397.11382045957566	377.2021558793111	595.6767801417142
22x44	283.93622452938257	401.1195078776398	296.7074309821037	683.6710755911795
22x46	322.627734083727	444.74039034025236	258.2715137215097	783.3021988989947
22x48	397.9828539020242	517.1240006033369	275.8528448285426	890.7264855161768
22x50	491.32998320884116	598.3118855580256	340.8566742782075	1001.6718586443369
22x52	596.334991091417	636.8933204234444	432.9572514694728	1116.4801393665723
23x21	50.840806445217055	66.68723715974468	65.88070734289359	154.6128959692562
23x23	94.35254739539361	153.4277784496667	42.90598093506316	97.36592422403227
23x25	143.15255079809072	142.42167250808407	162.65267535457286	166.98327101838672
23x27	199.13255183419923	61.88031350922511	167.9806334075448	231.5994240061921
23x29	281.3488603140234	43.31906277841206	91.19836182739249	209.56016129026045
23x31	164.33730312987367	150.32268358434789	27.23801020632733	242.23127213470997
23x33	78.4526812798641	78.63296509734283	110.37727664696197	320.26280333501086
23x35	109.61732162391081	121.90421321677077	172.31249867609682	406.9114857066579
23x37	209.5644626362017	237.53859475883067	279.8249166889896	406.7178678150248
23x39	312.9182928497472	361.4083258587165	399.2480156494209	443.53906028669024
23x41	273.4912276472501	354.98649495438553	392.8778583733117	510.3813197992262
23x43	227.18367899125164	336.5696124132422	291.61060337374573	597.6537659883021
23x45	242.77037381031488	364.6000197476682	217.29135831873276	697.1257665586606
23x47	311.0388843858592	430.7764009320843	201.97412606569165	805.2500404222279
23x49	406.2805040855395	521.302837130204	256.6297878267447	919.3061122390084
23x51	512.6507977171207	560.8440785102399	347.93166053120274	1035.17003453539
23x53	594.824231180943	615.5199964257863	455.06463936456333	1152.930347419132
24x20	47.40108015646887	52.90881212047751	142.99476354048753	187.56764753016432
24x22	13.541816717117378	75.55329774404302	56.132528893681666	68.7675853873028
24x24	73.54858258321502	97.37244990242353	125.36360715933488	82.62489939479516
24x26	113.60530973506488	75.18966950319701	243.21621327534893	203.76546910602895
24x28	217.73169911613684	0.5768882040743443	165.32069682892114	159.58362321992823
24x30	202.48545626785156	75.56004235043805	37.44008546998797	163.04465645951117
24x32	80.53794385257174	95.3553375538045	39.619697121507635	235.48171988500508
24x34	26.360371772795474	37.08246485874407	86.42493390220194	335.7153395363398
24x36	127.8392881707341	162.2478462106662	198.29746241442425	343.6040215131365
24x38	232.93030116324528	289.72401557344216	322.3249993407278	365.7708096609135
24x40	273.0409383224425	331.1534900918302	425.1137659497745	426.3142901663047
24x42	190.01930112491212	281.82337518381985	307.73432502728707	511.2467259552869
24x44	169.8454097113021	289.08950724645837	205.82483620787875	611.9948555339333
24x46	225.87754912784044	346.40812230662254	143.65426272826014	721.6716616301348
24x48	321.0068690853827	435.71207235971787	173.0332049058793	837.3105337925708
24x50	428.03310946701333	486.6637266121239	261.75809977916657	953.3688178244558
24x52	514.6892394445406	534.3062915594385	372.7013458521446	1074.034567972558
25x19	125.2213719777898	126.80596200494676	226.42877908958482	248.34160344171093
25x21	43.69978489649595	50.9547956526177	133.00192179062688	121.2448398901989
25x23	0.4604345773286224	73.13092369169124	125.00964762769338	19.72338713304615
25x25	30.32399050257086	30.741249161346847	210.25685339603086	138.07151914859207
25x27	136.3123618752166	25.46095049286254	236.25719036676955	131.74164110105818
25x29	251.5798251052733	50.780393854321346	114.28634389112266	93.90041746446082
25x31	128.13948649811292	148.27369287908064	43.52663552355038	149.3693676762406
25x33	5.240954111610066	52.42468502528182	5.07026626519774	250.43072415340717
25x35	60.79695058142323	107.10699883761114	123.97785770047825	293.6983302642355
25x37	159.44589678006764	220.65464871604217	251.87273373670283	293.1574900970466
25x39	219.23717203065735	268.35449986910976	379.52093170206064	343.18009499386767
25x41	187.0291635013107	249.3429525773688	345.7590895406801	426.1922430077769
25x43	113.6723097328454	221.62516553857313	225.14687206354833	527.974236113847
25x45	139.9887324037188	261.49058338685927	119.71317889021222	637.4249173039913
25x47	233.38722501456712	347.63054641386196	90.25030083052354	753.5988301477124
25x49	346.7230162536083	417.02936347456375	177.90348506985455	874.9878913447887
25x51	435.9639342881473	454.21716392051945	291.5273434859932	996.339737238258
25x53	498.3094769317557	521.557872915365	412.50359368131564	1118.8176503791847
26x20	121.44443997153594	122.54595872569604	208.26807724661023	202.35007289348812
26x22	69.13250176291898	128.69632007170995	173.23897598404344	96.71723114316289
26x24	18.98269738472394	18.878103718329484	205.7635118285069	103.02865038425018
26x26	67.04569486551695	81.21973405521597	293.4830918468729	128.1812981678684
26x28	192.58247064569514	47.48060656731341	202.53001752826663	50.325023596616354
26x30	188.3800859963703	129.16724352559393	114.9428414473907	60.01547133864745
26x32	60.84032873021001	141.17360093161918	62.545228435109465	163.59873349142998
26x34	18.986921814765072	105.65047657251722	66.92580369334392	265.0238162882724
26x36	102.06426994791047	165.3834187577458	186.41672457159015	227.9690224569994
26x38	129.39247118746917	181.74743904660676	312.5751295288865	257.2970493418066
26x40	212.31346730718676	245.10546383138797	401.26864866321137	335.68039621044306
26x42	102.56911815941471	170.70004100761082	273.4965886441728	438.55004731501316
26x44	55.365407972848786	177.3232314165292	149.51671612231146	550.8958961546185
26x46	144.95932257016085	258.29480289003084	36.048927862004454	669.8865315857603
26x48	261.201755736825	352.97002308977983	88.83488729097364	791.4830871218918
26x50	357.86618337026493	373.88908141319143	208.7811418687047	915.0677598954085
26x52	411.68424599442704	433.8334224100305	333.8570927807288	1038.8183471618127
26x54	491.39128034591744	518.6275256867881	460.07280988991306	1163.26763489749
27x19	204.71664026160647	205.14273762431853	126.79677756157689	284.9376472142634
27x21	152.73794027680228	166.45359233131637	146.86837099934056	182.36962027706264
27x23	90.70483559325828	99.27339623484237	178.61043418568798	135.0348369866088
27x25	70.21970093926629	81.85796479268221	240.1877732108778	118.05086361395239
27x27	148.80178762367075	117.04790472281017	289.0556555405898	59.2254337257228
27x29	257.1053713946872	124.8992073633778	197.09361227599462	0.22803508502005893
27x31	131.6875726862636	213.43518172972324	145.02695197789944	85.67156354357041
27x33	27.696216348086285	162.69824952961233	76.10519298970338	212.9958694435175
27x35	75.45560018978018	133.32271974423543	149.78019762305055	186.64304862490832
27x37	46.795529701029956	105.51048099596515	263.4853726490338	179.67253991637088
27x39	144.8529254105695	181.1673535712215	385.7389402173448	249.84132964743833
27x41	126.23565265011298	158.73323533526298	333.8728500492363	354.40005643340436
27x43	17.7630290209746	105.41975716154919	206.25470952198833	470.15542664102094
27x45	60.66939261274978	171.81703990000506	78.95805975326411	590.693537462532
27x47	183.33911093926497	284.1004568810127	10.864142856203951	713.4573495311408
27x49	288.48833945239454	301.4170565843944	139.1372056640495	839.7591095070062
27x51	328.58636612008115	349.509656518958	266.12027356065903	964.283153435753
27x53	405.7846054250948	432.87493112907316	393.9847027487236	1090.546902246758
28x18	148.3264777441974	171.59843822133072	52.48184447978133	369.7438897399118
28x20	210.44776073885888	226.66102443958022	105.367262467998	268.35964674294826
28x22	173.07185675319957	184.90242724204572	107.0360107627334	200.8382124995143
28x24	129.816861770727	130.83339634818034	154.61519200906483	118.39990540536733
28x26	147.50618292125958	166.26507149729343	255.808666780467	31.77033207254818
28x28	232.52532679258852	163.1245769343175	283.17610704294964	0.25999999999976353
28x30	213.42976830798455	181.51051209227495	224.87148774355563	29.311874726806877
28x32	111.4436826383623	189.8031991300461	146.1899257814985	150.93142283832097
28x34	37.60560064671239	86.87198167418558	148.91320022079958	177.8936232696385
28x36	1.3274034804833066	61.849187545189004	235.4825726035796	112.77677952486465
28x38	64.05446744763422	96.0675533153625	345.16815438275927	163.43859642079647
28x40	167.69561234570187	189.81922558055047	404.28670321938586	270.21306112029475
28x42	41.9445824868955	72.44078961469121	278.88203240797	389.9868561887695
28x44	0.3400000000001455	86.10363290825764	156.49343628408195	514.2683692392524
28x46	118.22345790916498	205.26019097720862	53.34740855936668	638.8160188974604
28x48	229.66702593102008	237.39094927987426	97.78089179384696	766.3043669456671
28x50	248.74290180827285	267.5464654971171	211.5145177050504	891.5705643413763
28x52	319.3253669848355	346.1654084393758	335.88880600579716	1018.8752082566343
28x54	414.9997831324738	447.99207582277654	462.02357082729077	1146.0301653970548
29x17	88.71944544461466	121.3672937821385	56.15567647175103	455.01509865058324
29x19	124.78670762545174	141.7946487001536	49.96921452254381	354.34689556986393
29x21	227.35472988262225	239.97985998829176	30.71047378338556	264.738839613684
29x23	199.9749184272869	202.11177105750184	69.61471108896446	142.04283860863927
29x25	184.91945922482043	191.19394969506757	173.8414403990027	32.44266326921997
29x27	229.29682073679072	228.05024007880365	295.38245039270686	19.115229530403155
29x29	295.976394329007	157.1835423955063	299.3785997695893	63.57976093066092
29x31	196.65068319230423	120.48805417965704	227.3856882039853	114.88346791423058
29x33	88.80841626782893	112.56044953712637	191.4947905296643	209.56921243350595
29x35	0.5462600113498259	22.176979054866933	231.89579211361308	91.49239531239725
29x37	24.54104317261239	24.548376728411714	320.8320164821465	77.3205199154792
29x39	133.08724657156333	149.64964149639687	429.11021334850597	190.45475893240396
29x41	107.33559335094756	120.09117203191903	356.8064035299814	314.3166708909982
29x43	0.46173585522505456	14.46973392982794	238.80421520567862	441.24615941671385
29x45	63.54998347757458	136.42419286915356	138.4216760482259	567.6507732752594
29x47	188.16381161105355	191.0696731561549	106.38806324019664	695.151220958433
29x49	174.72252974359094	189.96473988611686	184.0440229945001	824.1190462548482
29x51	232.80714851567555	259.3741860710117	293.9357895867735	950.7775598950575
29x53	329.3603528052523	363.3677503576787	412.39408579658414	1077.911815502549
30x16	44.12785061613574	59.06764935224683	125.99947301477103	537.6731973978247
30x18	42.44587141289464	61.56599710879359	41.342133471798626	438.2512201922547
30x20	148.83359835736027	160.1515532238137	45.32637201453463	323.2560594946364
30x22	272.1368964326594	277.18327943799204	10.855892409193965	195.13997642717888
30x24	242.85300656981792	244.87274817749733	99.28536045157922	68.30419313629282
30x26	253.4753234537834	241.7015093043483	224.75386448290482	35.18834466126549
30x28	313.3528752062122	154.87848268884866	354.9438609132435	94.73554982159555
30x30	280.3382899284366	72.99422442905993	309.48899301913826	128.09089272856238
30x32	164.01202151061955	87.93374323887251	255.32274320945277	203.70435243263762
30x34	60.54357108727549	61.01675179817406	258.1813393721554	134.86439114903504
30x36	1.9798989873223332	52.167422784722866	318.54469074213137	7.4242844773080385
30x38	90.45209560867053	113.02876448055191	409.36104064749526	120.59080230266362
30x40	186.988959032345	193.85301338901075	435.1132620364495	247.42714240761873
30x42	80.9546663262838	85.64028257776805	319.73748294499313	377.44750363461196
30x44	55.052284239620754	101.1821822259236	221.78195147486616	503.78463057143796
30x46	145.99490402065433	176.4402221717029	161.34122845695745	630.9602142766214
30x48	118.0972158858961	124.80557840096705	182.5579151940557	758.8221348906471
30x50	152.0427834525532	177.52376742284395	269.17742847423153	886.9606575265896
30x52	245.88963377905947	281.342268420513	375.9915318195347	1013.3602281518652
31x17	0.566392090340074	38.28107626491163	115.82642530959876	519.1351276883505
31x19	76.5880538987642	84.2100350314617	114.5815430163168	393.325984394624
31x21	203.41816044788158	211.26227301626784	56.065568756591155	268.96837732343175
31x23	309.89804000670944	310.3812417012344	53.40744517387065	145.36283981816004
31x25	299.42857111504895	270.38111842360564	168.20508077938692	66.81578556000055
31x27	330.24495756937773	154.96674481965465	293.32816434839674	107.49461381855386
31x29	326.54526485619084	69.92031178420152	394.17428886217346	175.03728174306218
31x31	215.85632721789713	21.764052931382256	327.6151309082046	207.28799772297504
31x33	131.06380278322462	95.88576745273512	307.03863014285355	200.08848142759243
31x35	76.91444077674825	77.76008744850995	335.1844733874173	77.30557030382684
31x37	24.610574962808435	69.16184208073149	350.80347831798935	68.62448834053366
31x39	147.37047872623594	190.01299429249553	378.0362654561063	189.81311335100096
31x41	167.02554654902318	170.82052921121604	404.9872259713876	316.919190330911
31x43	101.34913911819874	126.49430026685008	306.8511169932413	444.58898771787
31x45	138.53299101658104	187.48063793362812	237.18876364617296	570.8766150404134
31x47	89.20094169906504	90.602693116706	218.6728332463821	697.1669584826864
31x49	68.47722249040191	91.52207384013987	266.4027965318683	824.796077827726
31x51	163.51335847569166	201.5443832013189	355.71974699192657	952.4542080331215
31x53	283.6914838341117	325.1966451241465	461.3808600278087	1080.3261442731082
32x16	48.40423948374796	49.14560407605158	198.19750351606382	574.1268243167181
32x18	31.339157614715944	61.13446491137392	156.48010352757314	468.03703144088917
32x20	151.85896746652816	158.7008065511958	123.99365306337263	345.974256267717
32x22	276.3253111823094	282.2111223888955	95.07006679286613	230.39912673445608
32x24	349.65726361681675	320.8023721857429	139.60616748553775	141.13044320769336
32x26	364.938447412711	194.27472918524424	247.45486537952738	135.0167041517457
32x28	368.7739627468295	71.73224937223152	367.4912183984809	186.1657207973583
32x30	245.57671958066368	0.21260291625449962	407.8001535065921	240.06858436705141
32x32	129.78875760249784	36.35878985885005	368.20320693877756	261.932131667728
32x34	61.89994507267328	92.76725284279985	338.9612414421447	133.53996854874592
32x36	9.283447635441943	21.477951485186125	295.73302554838176	22.442424111490485
32x38	80.14373088395635	123.55653604726888	302.14158535362174	123.72848338196042
32x40	203.9648253988909	249.06579452024337	354.9699846465894	249.1451183547454
32x42	177.20404510055644	190.74987182171327	393.03881945680644	379.1092634056836
32x44	163.07262676488705	198.8108689181761	316.70705959924567	506.6370708900014
32x46	75.49196778465833	123.96885576627649	275.53024734137676	633.7230918942441
32x48	9.552989061021577	10.189190350562571	287.32709513723216	761.1652511774299
32x50	84.05092266001627	127.07382736031863	350.15973155118826	888.8487371876053
32x52	209.62126037212968	255.0810710342895	442.23698714603285	1017.1541244078996
33x15	132.6183411146439	135.34365297271984	228.18874731239453	582.2975394074747
33x17	74.40087096264406	84.94568617652116	146.60248838270093	489.33016420408813
33x19	115.78391252674128	141.10844907375355	117.98133072651756	418.56726388956855
33x21	227.09872830995792	240.06114304485033	93.41901519498039	317.2993419470011
33x23	283.76204749754646	309.5741907846968	131.84725859872842	224.26149825594246
33x25	315.748620266186	257.41187074414404	224.90956226892624	181.74815322307938
33x27	384.6617178768899	129.06028513838007	329.987268239246	215.37204368255425
33x29	297.82132160072075	14.630775782575528	444.69272492362643	269.21608347199475
33x31	168.7014131535356	54.40962047285418	432.5908075768598	280.2812994118584
33x33	44.789110283638834	61.107318710609015	332.4693435491455	212.400151600699
33x35	28.73312374246853	72.48498051320718	256.2289452813633	106.19713932116998
33x37	17.176227758154482	97.61200131131407	235.3720093808948	98.4137327815584
33x39	139.9510228615712	201.3847283187086	274.0505953286726	201.76513276579794
33x41	258.533133659885	268.42410696507864	353.2004263870588	323.1835719834786
33x43	194.79882751187125	241.43542242181482	354.8931433544465	449.77961625667353
33x45	83.14977330095354	136.1586016379426	346.45768110982925	575.3309002652301
33x47	0.573061951276096	64.71575078757881	332.97250396992246	700.4699054206404
33x49	28.10155867563245	79.635780902808	365.907881303478	828.5870006221437
33x51	146.7862459496799	197.35349502859054	437.28608713289736	955.874888256826
34x14	218.36501551301689	222.20459041162965	259.77813610848773	604.4409648592656
34x16	143.7809723155329	146.66754242162796	145.29820370534506	498.98922633660123
34x18	136.23679385540473	160.81972515832763	77.68001029866032	406.8011111095936
34x20	200.13780552409432	224.59247805748132	87.70599295373127	339.73492784816756
34x22	232.83925785829157	243.3731291658962	47.247857094264006	308.0725239290256
34x24	240.12070631247116	267.3619150140873	158.00162530809612	246.9850878089606
34x26	300.2507858441006	208.32276495860927	283.3138443493365	242.64973603941974
34x28	361.84052288266446	98.29386552577976	385.3723446227035	233.1358488092292
34x30	235.19952465938368	83.68068116357558	464.75629785942664	225.47012307620713
34x32	109.46948433239287	119.25019077552876	351.5977360564199	207.8764248297529
34x34	20.2521011255625	22.483496169412994	249.6571801490993	192.71488681469313
34x36	74.12806216271935	126.41760004050107	184.8215615127194	135.62038784784545
34x38	98.50609321255217	178.38410915773866	193.92496074512948	179.13081923555205
34x40	211.48854531628933	241.9776121875739	265.92308060790816	281.05110709620095
34x42	248.4832259932242	302.92704336192924	312.3755329727341	397.8975667178683
34x44	121.51872612893857	188.6961600033238	298.79036262905123	520.0806099058108
34x46	3.6346113960090896	62.015565787953534	336.0642950389103	643.4007852031268
34x48	22.32137988566122	68.21146531192574	397.90079668178635	769.9344413649779
34x50	82.33407557020374	164.01128009987625	445.75116376740976	896.7133878782006
34x52	209.52817948906076	274.84864562154957	521.233400694929	1023.6317003688389
35x13	304.30287280931145	308.5342094484824	226.1516270116136	636.830965327535
35x15	223.5196886182511	224.81897428820355	183.3764739545397	521.1751060823991
35x17	188.22042503405441	196.9899703030591	61.713275719248415	414.1579027375909
35x19	209.46673721619877	242.72023813435928	3.526187743158329	323.22678416245134
35x21	187.15556096466875	187.64819210426685	24.197603187092383	262.0716009032642
35x23	169.99139978245955	201.5915573629015	89.25399710937332	258.1198868742972
35x25	216.82432797082524	227.5265021926017	198.33615202478842	267.8703962740192
35x27	298.9211454547836	186.45013059797003	298.82130312278593	192.656199484989
35x29	309.993716065342	126.38458766795908	415.0114504444427	162.82672999234478
35x31	189.11259714783685	165.3642476474287	383.68760000813137	181.23303893054344
35x33	93.18623503500959	94.87209494893662	266.51167779292496	141.39276643449588
35x35	88.18535025728518	99.71286777542832	164.3886127443137	191.56955916846456
35x37	117.29492742655196	198.7744953458571	122.36870514964157	199.73607586012142
35x39	174.83843627761007	174.81544210967152	179.8180157826241	265.0699507677176
35x41	219.53251604261303	218.9322397455435	285.1166175444711	364.5484406769561
35x43	185.9222600981386	257.88898154050685	242.21917100015003	478.35096613260885
35x45	62.36147528723185	134.79315116132588	256.84453196437676	597.4991829283118
35x47	36.07681249778065	49.44589366165818	323.31095929460867	718.2997538632465
35x49	69.72867702746149	141.47553993535445	421.47916721944875	845.3773644946974
35x51	162.4940737380908	250.5351153032248	528.6579272081337	969.7786984668205
36x14	306.6879299874712	307.4335804690178	177.01222104702256	555.8824753488816
36x16	253.26080944354598	257.8937719294518	116.35771396860623	438.037712531695
36x18	248.88510602283955	265.76703332053825	0.1897366596099302	328.5767429383886
36x20	165.92995389621473	165.36514022005952	21.14023651712522	238.2476644166736
36x22	118.71640998615145	127.4682156460974	69.50615800056852	195.32103317359346
36x24	134.51333614181175	152.832187709265	113.64610684048985	227.36085327074238
36x26	213.14951841371817	217.98320394012006	215.83548642426723	182.16486269311065
36x28	319.8013014357509	197.8345581540294	336.2807047690962	119.73434093859605
36x30	273.15987479862366	189.7413955888382	430.5548016222786	114.7056982019641
36x32	175.9299917580855	179.24397339938662	306.6718800281495	100.3763019840833
36x34	134.90327497877888	136.33962593464904	183.67082947490593	106.86858097682402
36x36	167.53194919178867	185.17741222946196	78.84030695018865	203.97949406741887
36x38	130.48944938193276	132.21322324185272	94.17248218030561	276.1549861943471
36x40	135.90198968374216	135.40380644575677	203.3679197907083	350.35089667360637
36x42	221.4309147341445	227.63710154542025	205.4684647336419	450.2115613797588
36x44	147.61842838886986	218.1615007282445	183.85059260171022	560.824464872923
36x46	75.6863263740555	124.90100079663115	237.27288087769304	677.0369118445466
36x48	118.38664789578249	125.78552539938757	335.36904806496364	797.9129265778314
36x50	150.44637848748664	222.65837689159633	446.8572398428835	901.8139679556979
36x52	245.16136726654165	335.5413178730753	564.8960045884552	1006.6147306690876
37x13	391.38097501028346	391.90997384603537	111.54294061033158	601.3666000036916
37x15	327.44271254679046	330.29188606443245	160.16706902481548	476.8522307801441
37x17	301.56218463195944	306.89423454995045	64.38253800526978	356.48000112208257
37x19	182.93737726336823	184.92659084079799	10.119486152962512	244.18698573019796
37x21	82.10342745586178	81.82550213716966	55.30219525480004	156.53450993311324
37x23	56.74487818296877	94.40879831880048	31.833648864055508	148.32889536432177
37x25	127.90140734174899	132.61738196782503	136.83994299911126	204.58096196860535
37x27	236.91215671636607	240.82435508062716	261.676460538582	97.08640481550407
37x29	357.12785385629047	240.71174462414584	389.9708501926779	49.41683923522423
37x31	261.4590644823775	265.204453959582	360.24564175018116	105.35559975625378
37x33	200.98344210407026	200.79507962099112	232.37793354791663	26.519125174107405
37x35	200.60849134570586	203.2739206096054	105.75389732771042	119.09713178746178
37x37	105.91627825787653	138.20238058731073	9.428573593073388	237.13198434627114
37x39	60.47239700888308	60.40091721157859	128.40853086925352	357.07185663392767
37x41	135.97535806167255	143.8565187956391	201.97509252380598	436.27479642995655
37x43	232.84852415250543	266.1736936663728	128.78709252095115	535.2632578460808
37x45	151.17664369868777	208.26429746838505	152.91284314929212	625.398990725121
37x47	138.14040683304833	165.19386187143908	248.18938736376313	714.966441170493
37x49	180.95988063656566	209.71151232109352	365.75713034744814	816.561423531629
37x51	235.89424410103786	307.8723995424079	487.4135558229787	922.4128437960954
38x14	404.764216303764	406.6801086849469	76.0969828574035	525.6628870293204
38x16	350.92567703147625	362.6321976879604	141.4073222998017	400.1987891036153
38x18	225.02989845796031	235.3383419674744	35.31650039287584	276.5621362370488
38x20	101.41602437484903	107.91204752019105	56.24597763396077	158.74196042634713
38x22	8.667479449067121	23.550057324771352	44.22539089708499	80.8834049728374
38x24	43.08195445891467	47.32372343761625	72.22918246803047	142.64702871073058
38x26	160.7291610131775	164.2722837243092	198.8519630277759	126.66310907284736
38x28	286.7597300877514	290.094989270756	325.5086216984123	11.959214020996269
38x30	345.4672899132422	302.04848683613716	423.5199740271999	43.76355104421936
38x32	274.9886463110793	275.62023800874977	295.3483292656315	30.80057791665583
38x34	249.96176747654835	251.19833837030058	170.08963872029355	37.59740948522921
38x36	126.05082467005104	166.6003913560827	49.91042376097422	164.33724593043422
38x38	23.02191130206147	59.81110599211466	75.2829887823275	289.33704982252107
38x40	55.20771322922185	68.58871335722812	196.53216428869862	406.75443648471736
38x42	181.34192344849583	196.66197700623303	115.05760817955476	472.05140948841597
38x44	230.79367842295852	291.29627872666	73.94025966954672	542.1827754549198
38x46	188.9702473936046	230.6944177911554	165.66639490252678	629.978471378189
38x48	215.37708420349665	230.8040042980193	288.4785059584163	732.3485020125323
38x50	253.7744163622489	295.6550260015887	411.76504756960617	837.698952130179
39x13	486.43264898647607	487.80701306971827	1.6858232410308234	585.5061075684865
39x15	412.8285697477828	429.5848088561791	101.06427657684003	457.2725970359474
39x17	284.965190856708	302.74457881190875	121.05155926298532	329.64756938281835
39x19	157.40305079635516	177.72191873823542	59.99633655482643	202.6001984204358
39x21	29.687337367975427	63.9147713756372	110.9564689416531	76.99232429275
39x23	0.960832971956735	38.536777239411535	68.92984259375659	59.25911912946397
39x25	89.69213566417083	99.06139106634849	152.8608491406483	183.655218275986
39x27	217.39992364304084	225.53715170676426	272.4596975701177	70.31192501987138
39x29	344.5077195071252	352.0444983237206	395.91186999129	4.276540658055591
39x31	354.4930763780872	355.94749781393375	368.87578017538675	101.70320152286207
39x33	312.96702701722455	313.7003028369595	247.3219763789707	6.791170738540011
39x35	186.06647629274863	216.3828403547748	135.51034499255056	91.61623000320398
39x37	59.76734894572439	88.48195296217163	86.26248315461392	207.2709724008648
39x39	4.42506497127447	40.64506366091694	160.33259556309824	327.1835894417688
39x41	122.38334854055937	142.91733274869094	154.0771365258323	393.58902931865356
39x43	246.8271054807394	265.43025449258806	31.00354818403843	457.4302351178811
39x45	257.6491397229961	306.94931047324405	86.32843795644652	543.5371185116985
39x47	247.8941532186673	277.87160920108425	213.15194392733127	644.9338502513265
39x49	295.01574805423525	307.5154168493021	341.83465535255493	754.3166255625022
40x14	480.4560654211787	501.95349465861875	52.00452672604582	522.0449700935734
40x16	353.6615676038322	377.6696233482381	168.6494126879784	394.30417750766975
40x18	229.0956446552399	257.7071485232801	133.34397024237734	267.8143655594299
40x20	110.03850417013132	149.62697751408342	72.9007023285781	141.83226854281074
40x22	20.777920973957045	52.28500741130302	69.38387420719587	36.76141999433656
40x24	48.90677662655765	87.13961670790162	146.19723937202102	123.53571467393556
40x26	159.77512447186527	179.3622323679098	237.19159007013738	154.55798394130295
40x28	284.13723585619675	298.4518198972825	350.5075873643822	64.07783392094355
40x30	411.3094839655415	416.03284918381155	404.19194895494877	15.599089717031529
40x32	384.26192993842096	384.20670322106554	329.2923788975383	73.6200434664364
40x34	260.37818649034324	283.64773928237105	221.6376321837067	10.089598604503571
40x36	141.9638517369829	158.64342154656157	149.42414530456628	128.03864729057386
40x38	51.83889659319521	52.28375655975749	161.6177935748413	253.1577990108148
40x40	89.21274572615746	112.22011406160678	219.23675330564427	318.54041187893256
40x42	202.66831424768907	224.92213230360426	94.45361612982308	372.86797341686514
40x44	321.9832355884388	342.17878952383955	36.176290578222854	457.76885433589723
40x46	303.4229589203826	342.6783506438657	153.48919180189873	558.9233686293676
40x48	320.5089714812992	342.3563067916236	279.9851438916005	670.7168708180824
40x50	362.0090120425182	387.83100030812415	398.96015440141434	786.3584709278593
41x15	429.1922296593917	457.00027352289413	138.0304676511674	466.50098606541025
41x17	307.77544086557634	340.30792232917514	212.61110507214804	341.7920449630153
41x19	195.4057573358577	231.92216366703744	105.33684065890719	221.68881342999717
41x21	103.20936585407388	133.05552675481053	7.973280378865414	118.62922574138332
41x23	88.3017553619408	119.40385253416264	104.2404911730564	107.93794513515651
41x25	135.00112295829237	168.79746206622883	229.8843691946017	204.91682019785483
41x27	240.10700447925325	262.993409803364	322.0190267670533	145.55938169695546
41x29	359.3791385153013	377.3954493631317	335.32468623708536	27.353339832642057
41x31	459.7049427622026	460.1724833146806	335.98903910693264	64.04743866853714
41x33	340.9824681710192	359.9434450021282	308.80641767942615	37.978462317477025
41x35	227.67878864751506	240.3609593923269	228.07663361247666	63.74786898399078
41x37	134.25302976097066	136.403357729933	201.20784278949012	189.49648017839291
41x39	108.23104914949332	109.9441676488573	235.47645317525897	241.3961060166463
41x41	174.99510507439922	195.6072769607512	136.2740136636475	291.01059568338746
41x43	283.9931132967843	309.4824201792409	84.88444144835975	372.5908860935813
41x45	369.8876050910603	415.1570791881071	123.23165340122662	474.12331771386215
41x47	362.7075891127728	393.96831750789306	231.3339473574944	586.4792879548262
41x49	397.93928783169946	414.4734934829973	313.56395966373384	705.2187722969372
42x18	280.75772117610614	315.2430459185423	174.21405798614543	304.0488414712349
42x22	135.5407805791309	165.87013956707258	65.81749919284427	150.67854259980126
42x24	154.18266569235368	200.08921610121848	178.38557789238473	193.7422370057704
42x26	222.7680425913916	255.08304686905413	295.84685362531735	225.66967186576028
42x28	324.92812866847936	349.57409629433334	271.18062025152193	100.80976539998494
42x30	440.828500439797	461.06993699437845	291.55576962221096	24.79126459057734
42x32	421.57931258542555	437.76678357317144	278.20358876189937	122.04719087303887
42x34	312.50465660530585	323.2680008909018	310.21953581294684	60.563688791222454
42x36	219.308663759552	222.3639584105307	262.89399004161413	146.5663331055261
42x38	164.36927328427322	164.22757990057607	271.09285862965885	169.95592958175922
42x40	186.27125382087317	193.61410072616135	150.96178324330953	207.94177069554783
42x42	265.11959339136035	284.5981707601091	49.736895761596784	286.4574642071661
42x44	369.96136987528877	395.5497126784448	109.36679203487682	390.20360736415546
42x46	419.6601162845957	457.3666507300247	179.46435077752867	505.99151494862036
42x48	432.5492295681499	457.32277004321577	229.07735811293114	626.9167376932924
43x21	204.24716399499934	235.8696758805595	98.87660997425073	220.3805436058278
43x23	200.95628380321924	230.10116905396197	151.64085201554366	216.52895418396125
43x25	230.8704199329145	272.86302571070405	258.6654031756087	278.829680629592
43x27	308.3757188885013	340.08490704528475	220.1070285111314	181.30147269120573
43x29	408.3688749158049	434.15579922419596	223.1509309861823	84.85739802751453
43x31	505.18482360419335	519.6671877269142	220.70284547327404	104.2603759824415
43x33	397.149281756873	406.9248972476372	238.6651042779396	129.0720418990887
43x35	305.26949732981836	309.0852730234813	300.4692097370377	137.5727662002914
43x37	237.16130628751395	237.30774365789247	269.30385292453553	121.0253080971081
43x39	222.60658930049667	223.30735231962245	204.94060993370744	134.4916859883911
43x41	267.11313707865474	277.36630653343633	76.5411523299721	201.01499446558682
43x43	350.9236726127211	369.9018031856566	34.23600443977061	307.73154534431427
43x45	454.0528127872352	478.2581277929316	126.35868312071011	425.6828359236489
43x47	479.1237522811827	510.8799956937051	144.45321041776802	548.2099324164055
44x22	251.2440128639887	281.4717641256404	167.73501125286893	266.3433761143688
44x24	266.6856501576347	304.8218430493464	237.6918088618121	292.6329373122587
44x26	311.63999294057237	351.083131466039	197.2479789503558	265.58374423145716
44x28	393.79587250249347	425.0977642848761	155.66062186693188	168.40923133842762
44x30	492.80323132057515	519.3642891073666	186.233361135968	133.24588098699368
44x32	482.99604677471245	492.117121425378	164.63566199338447	189.3805195895291
44x34	390.702572297649	395.0464529647111	222.59186867448727	175.34200865736634
44x36	316.3727485103608	316.95342875570856	258.7162847599658	113.98436734921094
44x38	278.8598859642595	278.7753862879573	192.1610678571496	55.94457971957646
44x40	292.89178411147043	295.8597593455389	150.24246137493915	115.11853543196209
44x42	351.8504301546328	363.568597653868	50.73583743272579	225.83632391623848
44x44	436.45803326322266	455.06805513021936	89.37681354803335	348.27944929323655
44x46	535.8860363920678	560.9474164304535	64.82595159347775	473.0209339976403
45x21	315.6014885896455	347.043368471435	213.3282437934558	331.5327730406153
45x23	313.6365010645289	342.59249086925456	244.824212037944	328.4379009797746
45x25	337.7749416401402	382.48512546241597	205.19237607669527	350.39211064177806
45x27	395.19934008042094	432.8455133185514	113.2181893513579	254.0824244216828
45x29	479.22137055853426	510.26216986956814	116.93674358387143	193.67912122890237
45x31	568.8442887117703	577.5136230427815	108.32831947371852	205.6812699299573
45x33	477.04752509577094	481.68506433145734	136.60037042409488	240.38390378725472
45x35	398.15182882915434	399.3080500065084	186.48731538632813	157.58933593362173
45x37	346.79259796022234	346.57031898303177	175.03172855228215	32.24013027268925
45x39	337.1279312071308	337.5872657550932	125.89202516442425	28.046425797238655
45x41	369.733448852008	375.31259398000543	132.42667102966828	149.54632459542472
45x43	435.57261989248167	448.3713496645391	67.73261548175991	276.63518792807264
45x45	522.4566860515808	540.8557190231053	22.256432777963024	403.6434426570063
45x47	593.5434706910693	625.8095649636559	66.98247233418604	529.9680477160864
46x22	365.4002413792307	395.5160381071797	279.1762461242003	380.44092366621135
46x24	381.4192365363872	414.2463928629923	198.05401788401008	401.07529716999596
46x26	414.3384857818545	456.79109098142453	123.7501547473778	337.64979016726767
46x28	480.5157500020164	516.8007604483572	39.90621505480035	268.69861555281625
46x30	565.692967253439	596.4568829345508	100.57998409226322	246.2767004813895
46x32	559.1993505003381	564.0083985190291	55.95027792603005	286.27244645616867
46x34	478.90638625936054	480.4359757553548	131.393024167952	223.3813036043973
46x36	419.8237025228569	419.93216261677344	157.58661491383063	100.53845632393595
46x38	392.67667412261704	392.62013499055286	88.82167753425952	2.0421557237390187
46x40	405.4575390839346	406.6121690259655	95.16142075442102	93.31053531086427
46x42	448.9493592823136	456.47458549189776	96.89957275447605	216.0975872146656
46x44	519.8233565356602	533.4641899884191	7.660417743178462	342.892172555747
46x46	606.8217679022403	625.2361297941765	20.80235563584106	468.90226913505137
47x23	426.2240471864534	455.5032144782296	227.0553641735863	441.09742506616385
47x25	448.52349280723297	489.1773539320887	112.00555164812148	423.04473002272465
47x27	494.38717540000977	535.1607975179048	51.06426539175876	348.33472293183723
47x29	563.268868303584	598.547523593574	59.59343923621125	305.8190608840465
47x31	643.1717966453442	648.1654726996803	20.92462663944098	314.29470246887706
47x33	562.1385498255746	564.0531439501069	88.6737232780939	299.7135118742565
47x35	497.4445175092393	497.8057532813375	76.85628146091909	183.16279098113765
47x37	457.61634629894934	457.4301262488075	115.87786846503502	81.44274307757554
47x39	452.9666588171804	453.3449834287349	11.249622215879212	60.87161900261895
47x41	477.9294998218877	481.18396357318454	100.07220793007447	171.8284225615774
47x43	530.6376375644684	539.5492400142921	28.46721623200948	291.5747286717423
47x45	605.0093767868401	619.1054724358368	19.457286552857685	414.8739880975913
48x24	495.2778973465299	524.866607434689	150.00558522935074	509.6203641927978
48x26	521.4366174330298	565.6366908184085	26.999740739495916	430.17088000002946
48x28	573.8312957655763	613.265844475298	49.25886722205488	375.70056694128135
48x30	647.5831847724277	682.0827671184783	99.18639624464632	359.8872895782791
48x32	646.0865409525264	648.3287271130291	53.844762047947285	380.3678987506703
48x34	576.8493962898806	577.5088449539104	30.570999329430055	266.0441053660087
48x36	529.4618339408421	529.3236378625083	85.44093632445777	166.24762735149014
48x38	506.2521782669193	506.20998409750933	57.91431601944376	100.56434755916291
48x40	516.6099205396663	517.4259850452047	19.64001018329644	143.98420052214087
48x42	552.8387634744873	557.7939927966239	98.20783268151257	249.5342429407237
48x44	612.3061799459489	622.3038630765526	27.940257693873075	370.95376800889926
49x25	559.8086405192408	596.2564498602934	89.41741441128778	512.0853385911378
49x27	597.7262102334145	640.4567295297942	37.29855761286224	452.10173899245285
49x29	655.9659363107207	694.2417083408346	124.87893977769068	418.8401480278607
49x31	730.0688433291754	732.6593451256866	104.56249805738197	425.9585378883725
49x33	658.756221982002	659.7484369060685	92.76766678105061	350.8251416304143
49x35	603.8683939402695	603.9693015377524	30.688062825796354	251.6701754280791
49x37	570.847862394176	570.6983809333964	143.28601466995985	177.33900304219597
49x39	564.4846942123409	564.7827989590334	53.26058580226099	161.8969116444164
49x41	586.2038229148633	588.1040401153527	61.940955756268366	229.05493227608133
49x43	631.3919394480739	637.7446677158503	87.99443846062101	333.2597503449825
50x28	674.5026641904388	715.8744051857141	122.20836305261614	485.7489927936029
50x30	739.9967364792902	777.3810970174154	54.55795084128423	475.38192014421423
50x32	738.8038575968592	740.0524981378012	109.9615387305944	433.559799796983
50x34	680.9821448466917	681.2739548815883	82.73355788312296	337.75707483337806
50x36	639.3069400530551	639.0761798095753	115.39394958142337	258.44551379352714
50x38	620.4921714252328	620.4612597092589	96.52199127659944	213.8315570723838
50x40	628.6758213896891	629.3389614508228	5.865867369792653	237.45670847546108
50x42	660.8792945765513	664.2874995060497	106.09600369476696	316.2127163793386
51x29	754.1452976714767	794.4311486843905	81.64000244977936	532.3523363337481
51x31	822.1056988003429	823.5859275145491	29.821133445930755	519.4602005928847
51x33	760.0463083260129	760.4798161687138	158.48000126198892	423.2035807977058
51x35	712.1567613945685	712.0839647120279	134.99871406794992	342.91225233286747
51x37	683.7347851323643	683.6129434116945	130.59853138531045	283.3449071361618
51x39	679.1507196491812	679.3972181279524	11.503912377969057	274.348573898244
52x32	839.1772258587575	839.8687376012994	107.83494980756467	508.2829688274044
52x34	786.0382710784512	786.1449507565387	191.68109870302857	425.62669512144123
52x36	751.387647755804	751.1917978785447	196.9106325214562	359.7927697995057
52x38	735.53429450978	735.505743281451	75.2790701324079	328.7409594194187
