	dist_type_ROI	dist_type_ambigious	dist_type_central	dist_type_portal
12x40	1126.3824750057147	268.85773189551384	1395.6881026934348	535.5984316631257
13x39	1118.2067876739077	213.18072145482557	1351.5105696959974	500.2947331323805
14x38	1112.2953025163777	178.7015388853715	1282.43270388742	470.6506560071916
14x40	1029.7689449580423	154.85373744278826	1291.1051390185075	422.32319377462557
15x37	1110.8727424867348	178.60025195950846	1211.7248243722665	451.5741910251291
15x39	1026.4379766941593	100.65743887065652	1242.5875099967807	391.9873977566113
16x36	1119.5281952679886	211.59343089992163	1148.9106927868675	452.49771270140116
16x38	1030.307730729028	100.79295610309246	1168.0435009022567	372.3691985113696
16x40	939.7102638579614	48.3712724662067	1190.326921479977	312.212395653984
17x35	1137.6365720211352	270.41776938655454	1086.326180297612	471.56226524182324
17x37	1035.5239881335438	141.23855705861607	1100.2566655103708	368.3747141159391
17x39	938.049657534184	10.78702924812935	1127.8412831600021	283.98232339355206
17x41	854.5721561108807	97.26134895219202	1109.2212448380167	240.2289949194308
18x36	1054.9705967466582	204.5999999999999	1041.6370577125222	389.3047135599567
18x38	950.2002420542733	76.32889361179002	1058.802389494848	283.11993924836844
18x40	854.1850970369359	45.81899169558433	1092.7397585884753	206.2682234373484
18x42	771.8743744936734	166.13082194463516	1031.7586200269905	184.41705452587607
19x35	1076.305700068526	273.46546399865565	979.0902716297409	422.43882397336534
19x37	967.799819177499	149.70734784906168	993.4626767020491	303.6591674888145
19x39	866.9121524122265	51.95267076869109	1025.2530809512352	200.1116688251834
19x41	771.6754304757924	121.99987704911875	1013.4392779046998	133.48172159513052
19x43	687.3858668899148	243.26637663269477	951.9758032639273	147.67575968993688
20x34	1102.154349444759	318.98716275110496	920.4164329258793	467.18691120364235
20x36	992.1593269228484	232.21268268550693	927.8086710092766	344.66814474215613
20x38	882.0833350653439	135.48730567842873	949.3976037467127	221.44572698519147
20x40	778.7959232045324	120.14611937137217	990.9915690862359	111.93520447115819
20x42	685.4795766468901	207.01171464436518	931.3416397863889	71.64530689445047
21x35	1019.406028037896	233.51498881228142	866.0711575846408	396.1050996894636
21x37	906.3629570983138	157.74919968101253	881.7063059772227	269.7947553233754
21x39	795.1647124967253	152.5133436785122	916.8282936297286	140.94438619540676
21x41	696.3537750310539	198.72236914851854	919.8233417347049	29.49203282244185
21x43	601.4176917916532	290.8288843976817	851.9845303759921	70.50134750485286
22x34	1053.245977917789	257.72716193680475	807.2075879227101	457.9282585733272
22x36	936.8744046028794	147.77432117928996	816.7724591341213	331.16287533478135
22x38	826.8826397984176	91.30443581776271	841.1352447733954	210.22297686028512
22x40	711.4030151749425	134.08523408638268	886.4223880295443	79.55029855380782
22x42	607.1415403347063	248.49758550134862	834.4727976393236	9.01387818866016
22x44	515.2001940993422	371.2958927863331	771.8450880843901	130.0678284588471
23x33	1094.2653882856753	305.9574153374943	753.7285585673397	504.9407291950213
23x35	973.5461365544004	180.03077514691728	753.0523753365363	400.8140217108177
23x37	855.7241670071024	61.76285291338112	769.9118456031182	278.40950055628457
23x39	738.6634754744541	51.04243332757555	811.0466879286295	155.14615689729467
23x41	626.2448802185928	169.66216431485273	826.9410196622246	56.29253947016422
23x43	521.1379567830384	296.9228350935644	751.2666437424198	94.97036379839778
23x45	432.22000185090883	421.3102538510073	694.5570746886101	202.52834369539525
24x34	1016.4694437119098	240.35334405828405	692.7104229041164	431.13516442062553
24x36	893.8722280057704	113.34354855923651	702.278121544449	353.7017953022009
24x38	773.7691968539456	0.4123105625618322	733.896021245517	237.96590091859787
24x40	655.4435521080362	104.43299287102711	787.3926911014605	138.10231714203783
24x42	545.107879231258	226.81181627066982	743.8714942784135	112.93626521184427
24x44	435.4529595719837	359.71277430750246	669.2993948899099	180.70716643232538
24x46	344.0530482352974	385.7109021015609	614.1111462919395	285.9952796813264
24x50	251.57889418629696	450.26074667907716	578.199567623498	528.1699915746825
24x52	272.83933000943995	525.9670141748437	600.8365002228145	652.0295238714274
25x33	1064.4408344290441	312.4386179715946	638.3786415600068	397.3649330275632
25x35	940.9219733856787	191.09306633156518	638.5849669386213	364.15952548299487
25x37	820.1991282609364	87.06669857069343	657.3116536316697	326.1095061478582
25x39	688.3617435622058	76.02032622923963	702.3118182118252	226.08956189970394
25x41	571.7502689111741	184.0662109133559	740.7261099758803	167.63045665988017
25x43	458.53668337440547	303.24229586256627	657.1884737272861	189.70843418256354
25x45	351.0226345978275	339.51242981664143	588.4420872099478	265.52907562073136
25x47	258.7820897975747	331.0621844910712	539.8284634955812	370.4631830560225
25x49	199.72413474590365	366.2236065575236	517.2553817989715	484.3582661625589
25x51	199.12902852170998	440.28464656401565	528.3808948097953	606.4437071979562
25x53	254.88683763584194	534.1993073750659	568.9960456804599	728.5863709952312
26x32	1126.9485569448143	404.9284504699562	580.9559793994723	378.54253393773325
26x34	1000.8648310336416	289.494058660968	565.6124203021006	313.08818246621837
26x36	874.7144505494349	183.256023093376	576.5682700253285	291.9937841804172
26x38	748.5646598657992	112.27132314175321	613.7221276766874	319.86942648524587
26x40	623.4917321023592	155.45912646094484	672.3689017198816	255.24486282783457
26x42	499.9008401673274	231.8207281500082	657.3173130231697	233.11810311513787
26x44	385.4008951728056	304.5646893518681	575.6921486350146	269.852644974994
26x46	267.0389484700685	262.3440489128731	502.8637986572505	352.28085386520814
26x48	171.1622621958472	275.17216428992253	459.20770899452464	452.08176251647245
26x50	125.50896382330626	340.1301221591525	451.67078718907646	561.4770698790824
26x52	155.32327578312285	433.3602658297137	477.50426176108635	679.3200423953352
26x54	253.27301474890692	543.7852701204769	535.8832148892144	804.0455335365033
27x33	1049.9460176599557	373.33288095210696	514.3036457191411	293.76017429188715
27x35	930.6290883053244	269.24876972792265	510.78459256324464	240.15599097253408
27x37	803.3945792697381	187.06963943943452	537.7622615989335	245.06295109624367
27x39	675.9218445944766	168.61891946042113	589.8538293509673	300.62059144376667
27x41	549.1802800538269	154.77525642039802	665.7790774724	293.43104811863395
27x43	422.82224397493525	220.57844409642578	570.5666043504469	303.16934211757007
27x45	299.3585809693786	222.43776657753054	485.1389079428694	358.14125704810954
27x47	183.25427689415568	206.07554440059096	425.07520511081304	437.3654421647877
27x49	88.20459171721158	255.5457884606986	393.56810084151897	537.1871647759282
27x51	75.97183688709934	346.12673979338877	405.35456084766105	641.5984102224696
27x53	165.470390100465	456.1868586445692	452.7280088529978	758.5636756396924
27x55	286.50870841913337	573.1302120809894	527.6645146302714	878.5697695687008
28x32	1089.5899458053016	427.8682624359979	466.886763573353	296.3043199145095
28x34	971.1114714593788	330.0589189826567	452.4655677507404	211.58660165520863
28x36	850.5999823653885	248.7334517108622	465.7689663341685	178.4884590106596
28x38	735.4057519492214	148.91212173627773	507.9949015492184	215.92873824482015
28x40	607.3081590099046	95.19768904758115	578.4000345781457	305.00163933985687
28x42	478.4239542497844	132.93637575923302	583.1628246039006	350.5422656399655
28x44	351.2089406606838	215.01423208708735	485.15968505225135	378.11389818413204
28x46	224.62299526094804	148.72420784794917	403.022939793754	440.0560077990075
28x48	100.08806122610217	172.06981141385606	348.06151755113626	524.5794696707069
28x50	11.10180165558726	262.3189852069423	337.5681412692851	621.072660805481
28x52	87.11945821686479	374.95946447582855	372.66097193025183	729.581798018564
28x54	215.01778996166834	495.68704844891835	444.5517405207185	844.1679039148553
29x33	1015.1597164978524	346.61686340973085	401.0663910127599	213.99357466989517
29x35	895.8041973556494	247.77602789616245	399.38698025849567	134.09161047582344
29x37	771.4686837454905	163.70073304661742	429.19870689460373	135.37773081271524
29x39	648.3933142776842	62.7063792608056	498.3531779772254	224.51567873981554
29x41	535.0456148778344	46.1238549993384	581.2235456345518	333.63964093015085
29x43	415.248756771167	160.45351351715573	499.1756504478155	416.10206680573003
29x45	285.17498137108726	128.34005610096918	398.47505568102974	457.3206424381042
29x47	159.00345908186995	92.67416036846502	319.9739051860319	524.8463584707437
29x49	35.67197779770568	178.0373275467815	279.31575322562793	610.5594893210654
29x51	32.72323333657609	291.973646071011	293.2582650156683	707.1401629097304
29x53	150.06002132480197	416.07140012262306	358.2691865064588	813.8249258900837
30x32	1058.8511746227607	377.3240119578927	358.1156377484791	190.78419745880416
30x34	933.2738290555454	258.31113022864474	339.114199053947	124.64124517991604
30x36	808.6554890681197	155.2227431789553	360.1451096433212	67.9536606813788
30x38	686.4315333665842	76.68930825088984	418.67081340833874	144.14662673819322
30x40	564.127086745531	0.4123105625619425	504.93521366607	263.67777684135615
30x42	447.8304254960798	102.21296395271986	521.2102167072321	387.9869714307427
30x44	342.94630775093634	156.56107434480631	413.5381119074757	482.6070554809576
30x46	225.5020399020813	41.49180642006295	310.8835312460276	537.738384346887
30x48	115.26634374352295	101.00460385546799	238.8809954768271	612.392627323354
30x50	55.83421889844976	223.87018559870845	227.24757424447907	699.4493977408232
30x52	120.70037282461094	350.64822828584226	283.1801193586866	796.3520452664139
31x31	1111.9685696997017	426.7642206183645	331.0385173963898	168.6359985293767
31x33	985.9615915440114	301.1190130164483	288.2017695990082	119.17826983137458
31x35	860.2319977773437	177.8282598464034	286.0658840197479	41.893794289846696
31x37	734.0844229378524	69.07922987410893	333.4491565441425	61.04703104983912
31x39	607.5361799925992	0.7810249675905956	418.96850716969175	190.0331813131592
31x41	484.8538130199656	79.13545349588918	519.9511707843342	317.25009062252457
31x43	365.64705659966637	180.10210992656408	439.7173751399865	444.8842208934818
31x45	252.67570124568743	82.88793639607641	323.9126579805116	561.6475852347273
31x47	164.9746950292676	25.703112651972987	224.97299837980512	620.4493935850052
31x49	117.35676375906074	152.90327007621528	170.57142199090677	694.5582840914074
31x51	130.7449807832027	277.9022310093967	196.02665635060964	783.745015933116
31x53	206.7986943865947	404.5077255133703	286.9489501636136	882.0333893906743
32x32	1041.6064563932005	358.50022315195287	250.75647548966674	86.3145989969249
32x34	914.1513332047381	230.50002169197296	223.2618641864301	38.557230190977066
32x36	787.1016262211632	102.6039472924896	252.81212391813781	14.288806808128083
32x38	660.6080986485102	0.5099019513592606	331.4927751852219	130.66545067461414
32x40	533.2142627499754	65.29050466951551	434.97201059378534	256.248804875262
32x42	405.7152326447701	165.69806878778056	480.66854484145296	385.174830434181
32x44	285.87060009731675	153.5838533179839	360.51352263126	509.57236973760655
32x46	169.1387891644016	29.700673393039246	241.60449085230155	637.5686080728883
32x48	84.53762475962986	78.68424238689725	138.68673332370324	704.8042352313159
32x50	111.8935654986467	206.93711605219596	116.50394843094344	782.1748973215649
32x52	201.11514115053612	334.497384145228	201.89328864526442	870.2731180497308
33x31	1102.6556171352865	426.78988975841486	238.02186874318917	85.56290083909022
33x33	974.1434237318445	299.7025358584743	175.6200728846218	8.414867794564207
33x35	845.6230424958864	174.27945948963674	176.81213193669697	2.707397274136469
33x37	718.4433171795808	68.17917570636963	245.69574680893427	95.908289527027
33x39	590.0977037745528	73.44725998973715	350.8203243827244	212.73575157927752
33x41	463.0943748308759	150.0133327407937	466.7172591623329	331.4555777174374
33x43	334.6932476163804	224.83053618225404	409.1666775288522	456.0639977020773
33x45	208.8734784504722	99.80045090078474	283.73707900096497	580.5822336241441
33x47	85.86617494683209	19.76866206904263	160.33527372353208	706.3439672001172
33x49	28.622543562723422	146.42831010429643	55.9128786595718	787.7748726635041
33x51	115.71905633904923	272.63547091308595	116.06937580602408	868.1325359644117
33x53	235.93867847387813	396.77230246074396	235.59766552323907	954.8352004403692
34x32	1044.9643869529718	382.8336061528561	159.3303800284175	10.87060255919584
34x34	918.3348463387413	262.95530038392434	114.31662171355481	31.829074758780074
34x36	792.7669140422042	159.1080764763373	153.47371110388906	78.08316079667907
34x38	657.5207373155614	105.60075757304053	264.23118665290076	175.75187054481148
34x40	533.5372245682579	147.07810850021204	380.4294546956113	287.69318726726965
34x42	406.18325913311594	228.93675982681347	479.02822463817307	403.2359606979517
34x44	274.5541840875855	175.44001823985286	347.4069659635508	526.3869299289264
34x46	149.9969666359957	67.9491721803881	222.56075574997493	647.6192477065517
34x48	22.902619937465584	97.12224256060014	93.74182631035075	772.7598139137415
34x50	31.803930574694878	209.8320518891241	30.83650434144589	861.9588679281629
34x52	159.70050093847573	334.65930436789023	158.70617505314684	942.5193101470126
35x31	1110.601895370254	409.7811245042895	160.45675429847137	47.40010548511478
35x33	985.2862375979886	321.3415161475401	77.83938591741295	44.024652184884225
35x35	857.3249383985046	243.92181124286535	68.91044913509118	112.10374659216365
35x37	730.1919199772071	175.34662813980796	178.92355909717415	163.02834109442466
35x39	603.3442218170321	170.60553918322816	302.724709926362	254.47838808040262
35x41	474.9497868196173	227.67718374927279	430.596446803733	367.7484194391597
35x43	343.3262296999749	253.11756161910205	414.35311028155667	485.57110704818524
35x45	223.76308900263209	153.32684044223942	292.35717880701986	604.7524452203567
35x47	98.76401166416825	108.21612633983935	165.55582140172524	727.0959565284354
35x49	24.374166652421575	184.1762742592003	69.46437936093587	848.4532397250897
35x51	113.50295150347462	294.2579140821879	116.07032351122365	949.6782191879525
36x30	1181.4326430228682	436.1562678673779	201.42465092435927	126.9192262819153
36x32	1052.2167504844238	324.39033586098077	76.83287056982826	51.90077070718726
36x34	926.2649297042395	232.6110917389795	3.5383612025908215	130.2026113409406
36x36	796.9264520644294	173.7664236842085	110.64343631684658	187.69595094194275
36x38	674.7757034748657	199.81503947400944	233.40619100615143	244.42923311257206
36x40	548.9737698651912	246.9028148887734	361.4863759535068	340.24285444370486
36x42	425.4654157507987	255.28106079378463	488.68519519216056	451.1181885049639
36x44	301.3865624078153	237.31215729498555	368.04056841603744	569.8844268796964
36x46	183.68957509886067	171.74009432861038	251.32739603950853	685.2671449879967
36x48	88.03073326969403	185.95378458100825	151.56915913206097	803.6165814615824
36x50	103.45781749099537	266.66368331664563	121.07154909391433	923.2327550515097
36x52	191.52485478391606	371.102640788233	196.1202947172988	1030.5709922174215
36x54	312.76908414995256	493.8336764539253	314.1854547874553	1118.3245056780258
37x31	1123.1906205092707	355.3814429595332	133.17796364263884	115.87307711457431
37x33	995.8836578637085	240.94036606596242	9.972963451251669	124.19605468773966
37x35	875.4277183183084	151.19024439427284	35.70000000000027	211.91764909983326
37x37	749.5846850089719	124.18373484478549	164.20048720999608	257.595031007976
37x39	627.5136731578046	191.78636552163968	292.503350408162	333.9428244475393
37x41	503.5110326497326	185.59191792747836	422.34033669541907	427.9660734217143
37x43	378.4846760438261	242.3354080608113	445.7621002283617	535.548737277944
37x45	265.9276969403527	244.15228854139403	333.6698068450307	648.6363696247691
37x47	172.66004170044693	227.2194753976871	237.91782194699098	768.3946186693398
37x49	133.23573094331752	265.66098697400065	178.67389288869296	880.6122642798022
37x51	186.74048837892684	351.9338148004539	199.21096857352038	1000.6011243247732
37x53	278.85946281236403	457.5012568288751	283.9922534154765	1116.705601311286
38x32	1067.3923037009401	267.7168840398376	96.9893293099814	168.26684165336943
38x34	944.0572546196546	149.3509290228885	3.114482300479867	215.1318200545892
38x36	820.966759375798	61.4135164275746	105.47615844350835	298.04499660286217
38x38	702.8601283328	109.07777042092485	230.1920068117049	347.4572779493906
38x40	579.347089403235	129.57642532497925	360.50499303060985	424.65450662862423
38x42	460.76420216852773	152.76010604866707	490.92102216140654	522.0690088484473
38x44	349.2092209550028	248.51173010544187	416.88449239567547	625.0458223202522
38x46	256.26646288580173	287.0931904451933	322.0442516176931	737.688619947468
38x48	200.86383447499963	300.2327097436256	255.8528483327869	855.2533425833543
38x50	216.60870250292382	361.980565776673	245.43212911108472	973.3089591696979
38x52	280.09764368876813	447.1694197952272	290.74677986178995	1088.972400935855
39x33	1023.716855385316	196.11476232043307	52.099904030621616	239.0937054796719
39x35	900.4942698318516	65.84777900582495	53.76364942970305	303.9656724039742
39x37	781.7201865117722	29.401530572403974	167.91977251056534	375.42169622972
39x39	656.6303754777109	117.57146762714117	298.5981413204044	431.31641517568085
39x41	541.9186747105139	73.49319696407278	425.0061764257083	511.9533670169583
39x43	433.9898846747469	163.26426430790036	501.63534564462276	605.9544702368325
39x45	340.19901528370127	233.678775244993	406.3259405944937	709.2718590216308
39x47	277.373845198137	243.72412683195714	336.8484080413623	824.0283065526331
39x49	255.23549909838206	315.04850420213046	298.9143021001173	934.6981116916843
39x51	292.7365026777495	417.3289589760097	313.47896261152846	1053.3773587845906
40x32	1101.5460816506952	261.3116338780194	99.19561482243056	286.17751484000286
40x34	979.9482945543608	135.67114652718178	0.5099019513593499	315.23365937031565
40x36	856.4683298289551	9.208691546577269	101.80078585158385	386.31101459834184
40x38	744.2453493304474	91.90832388853597	224.3005572886525	448.838879777588
40x40	627.6757283821003	31.43914757114108	356.9000140095263	517.3741586125078
40x42	520.9419353440456	76.56435201841667	484.10009295599224	597.3947606064189
40x44	427.2576740094904	193.6071279679548	493.5722034312711	689.6089616587071
40x46	350.23684843260014	176.67668210604333	412.11751964700574	795.4082285216823
40x48	312.81427397099395	231.29022893326038	364.5942539316823	902.722975225512
40x50	318.9596996487176	332.5743375547787	352.7527320943102	1016.9685786689774
41x29	1297.8419048559035	413.2979675730331	269.53591597410536	381.79131734496036
41x31	1179.105194628537	298.08767166724607	143.5293001446046	344.8180099704774
41x33	1056.0829749598277	195.71471584937092	14.396180048887969	347.8537767510941
41x35	941.321268218242	98.43541029527933	40.71768657475547	395.867313629201
41x37	823.1884170710855	80.10349555418944	166.09626726690797	466.6533724296871
41x39	714.103108801523	88.20232423241447	291.7074733358748	528.7071495639152
41x41	611.5230330903323	8.198780397108122	418.1052738246676	599.621563988488
41x43	513.4549639452325	126.66885963013956	548.4605728764831	683.7813978165829
41x45	435.97147842490796	117.71801051665773	499.2720000160233	777.6110403022841
41x47	382.27677146277165	146.47774574999434	438.613873469593	878.5261123040115
41x49	367.61677056413	245.11729845116997	411.188873876714	985.8901003661616
41x51	396.60833324578556	366.9195688430913	423.34781208835847	1102.4741130747698
42x30	1258.758074452752	337.6600213232238	213.45793496611927	412.55313597159846
42x32	1141.1073656759913	217.8633057676303	88.45349060381976	397.25510695269895
42x34	1021.5530578486856	112.61904812241984	29.900668888839625	418.40918966963466
42x36	907.7953183399877	70.00242852930185	113.64831718947737	473.48150967065243
42x38	798.9519384794057	98.60831607932438	236.57261041802803	554.3233713276036
42x40	692.648857647221	58.87478237751731	363.0810377863323	608.8505892253044
42x42	596.5886103505499	86.67623665111475	490.66584352286037	681.1884981413004
42x44	516.0143505756404	106.8635110783844	580.2615013939835	765.7261978017992
42x46	453.69131576436416	67.49970370305343	512.7022625267027	860.3534215658121
42x48	427.05345098711035	165.0661988415558	476.6357624014382	965.2855795048432
42x50	430.3267828058115	286.0663209816915	466.8669403588136	1069.293757580208
43x29	1338.5475411803648	390.8297839213384	286.817921336865	486.33128626482625
43x31	1220.0087909519339	262.8669815705271	166.70107978054605	455.93886651611564
43x33	1105.3790164463949	136.9772608866154	76.75395755268904	461.3042054870085
43x35	990.3658364463103	27.36585463675478	107.70464242547774	494.24456496758773
43x37	884.08712805922	74.49463067899613	197.30192599161361	557.6086889566916
43x39	778.6620576347611	33.999999999999794	313.23920571984615	630.2662929270455
43x41	684.7623383335269	102.9303648103902	437.51235411128715	693.7352953396564
43x43	604.605565637631	135.63734736421208	561.7753020559023	769.9108324994527
43x45	532.2236841779967	21.652944372532637	592.834757752951	852.5586490089701
43x47	491.40258444578825	88.58498744143971	545.304043630707	946.744368876837
43x49	480.5040062267955	216.61601972153423	523.7607278137608	1048.8474150227958
44x28	1417.8948056890538	452.27854249345035	364.26347607192224	563.4407510998827
44x30	1303.7089399095182	326.9819566887444	252.66895337575613	524.6303460532953
44x32	1186.9711790940837	197.56259767476206	156.5738803249124	511.48350902057456
44x34	1075.029720519391	72.10617171920848	131.45379416357687	529.4787058985471
44x36	967.5213951122735	10.423531071570896	190.6852118020694	574.0442927161632
44x38	866.0652919959324	35.772754995946116	283.5413373742885	642.6134841411283
44x40	770.8242666133441	59.20684082097312	394.1974758924774	711.0699332695768
44x42	684.9562686770596	112.69999999999982	514.9160028587188	776.2755245400954
44x44	612.962935257916	75.00239996160126	637.04769052246	850.9849352368115
44x46	562.8399594911505	35.47985343825456	619.4872234356411	938.3334268798062
44x48	539.0491721540814	156.71888845956005	587.3062318756719	1034.5380659985406
45x29	1386.0810510211875	398.27638644539286	337.6043246168508	596.421394653143
45x31	1272.0580686430944	274.26397867747767	241.77206207500487	570.2404142114098
45x33	1161.5282217836982	156.69846840349146	187.89201686074912	574.3836783892802
45x35	1055.385071905037	68.17807565486154	207.6440463870807	602.9136339476828
45x37	951.0408456002295	96.39237521713025	275.370459563113	655.0851013418029
45x39	856.4068017011541	61.011556282396235	369.2200021667299	727.1118277129042
45x41	768.2704276490147	70.99753516848293	478.48328079463784	791.6235532120052
45x43	695.7539292019845	82.66758736046438	594.8937131958955	859.5722948071328
45x45	639.407632109596	81.10930896019305	697.9316012332444	937.7502439349194
45x47	604.1299942893087	121.61188264310378	656.2728472213367	1024.4049248222113
46x28	1467.4870527537882	473.91228091282886	420.7916943096668	667.2795890779219
46x30	1354.3225612829465	352.75969157487384	325.08952613088	633.584090709355
46x32	1243.7396833742982	239.1405444503293	257.1202053515048	623.51936617879
46x34	1136.4483710226345	148.14621156141646	240.58782180318295	637.5623106802976
46x36	1034.1622938398014	111.8867731235469	285.0074560428204	674.3948769081809
46x38	939.7030860862384	117.26759995838603	355.462923523678	731.7179032933391
46x40	852.4265892145784	94.34452819321292	451.98527630886406	808.3317945002536
46x42	776.4099239448194	0.9848857801791302	560.343617791798	870.8697778657845
46x44	713.5794069338046	120.59755387237345	672.7690316891825	938.5491835807011
46x46	671.2826230433797	135.4804782985358	726.2084824621646	1019.3840100766738
47x27	1549.14155905779	551.0395357866802	505.1310424038499	744.8582214086115
47x29	1439.3867062051115	435.98198357271605	411.1331779362985	702.8444280208817
47x31	1328.0691585907718	324.05322093754927	335.17352222393725	681.6862108037689
47x33	1222.0654155977084	232.44930630139558	297.6952804462982	684.454877986855
47x35	1120.6760995042234	170.53011464254664	309.72329586261395	707.4657023488846
47x37	1023.8824395407901	189.5137198199647	367.64745341155316	753.4353655092123
47x39	937.1511777722951	162.6202016970829	442.65125098659814	816.084143945954
47x41	857.5134867744065	46.11919340144617	537.1642020834973	889.5201965104561
47x43	793.4552539368556	69.67381143586178	643.1210150508224	951.2630761256321
47x45	742.3135860268219	188.15488300865323	755.2529774850282	1022.2638896097233
48x28	1519.8034774272626	515.3726903901679	493.671358294159	774.1848681032199
48x30	1412.6895377258231	409.345489776057	416.1006248493266	745.4127246029547
48x32	1307.4102416609715	316.95920873197537	365.7074513870342	737.6025623599745
48x34	1207.0044324690775	246.4550668986134	354.7552677551105	750.2016395609919
48x36	1109.535348693317	224.7676355706046	385.81224708399316	781.2635214829887
48x38	1021.5093391643562	227.7624420311656	449.1148294144831	832.924564411448
48x40	942.0622537815642	130.9530068383313	529.5587691654254	900.5101276498785
48x42	873.0052978075219	71.46642568367344	623.1499418278078	969.6056157015596
49x27	1606.478835839427	582.5401702887102	581.4539104692651	850.7301863693332
49x29	1496.8373224903235	494.16087461473546	498.0561916089392	812.7599707170627
49x31	1393.45879020515	402.557076698448	440.28081947775127	796.5254547093898
49x33	1293.0643680807232	326.3437757947897	410.75620506572994	796.9337864590759
49x35	1197.4598323117148	284.05958881896623	420.40486438670086	818.3444568150998
49x37	1108.313619874808	295.8416468315443	466.259026722272	858.5973910978303
49x39	1026.1633446971296	216.62550634678266	533.7435807576519	915.2972249493604
49x41	956.2976210364639	138.45121884620607	615.1080718052724	984.2225053309847
50x28	1586.1993096707613	499.404695612686	586.0672742953664	887.5966707914133
50x30	1481.3858410285957	445.0916871836633	520.9291794476482	862.5543519106492
50x32	1381.7869662144017	412.28439213727245	480.0233535985518	854.1463691897312
50x34	1285.7118884104636	356.1677413803786	470.0266588184125	863.9513064982311
50x36	1195.7930297505502	342.44907650627454	495.4995156405306	893.0139808536039
50x38	1113.1794554338487	304.79911417194114	550.6836660007268	939.5810236483068
50x40	1041.7659286039259	221.4932278874458	619.0890485221007	998.9100309837718
51x27	1670.6580320340845	488.14122956374	670.1780808113616	961.5245498685928
51x29	1567.3205064695608	417.8391676231417	600.4070036233755	928.6300501276061
51x31	1467.9117752780649	373.88043543357526	552.2004889530614	913.9383896084026
51x33	1373.3521762461369	370.813699854792	528.746442068408	914.3762901563014
51x35	1279.175863593431	400.05160917061687	535.3246585017358	932.7149028508122
51x37	1196.5522637979507	389.9257878109628	570.5538712514362	966.3898385227366
51x39	1123.0762262642727	303.1178153787731	631.7623049850316	1017.3764347575582
51x41	1060.4370514085222	252.2243842295985	702.2791040604869	1080.255127273183
52x28	1652.0524840331193	402.3366873651967	681.6663480031856	999.1017015299294
52x30	1553.6312979597187	337.00179524744374	627.1007973204945	976.7272956153114
52x32	1459.3260807646795	309.2290574962191	594.1215448037548	970.03381899808
52x34	1366.3008050938126	331.78982805384476	584.5961768605746	977.5188438081387
52x36	1282.916676951391	369.1790893319932	603.8072540140606	1001.831323127801
52x38	1207.0075559001277	388.2793324399328	649.0750649963378	1042.755982960539
52x40	1140.0577178371277	324.5344357691492	714.1912909018146	1098.3555890511964
53x27	1738.1577488824194	406.5618772093615	763.9946073108107	1070.8312472093817
53x29	1638.6696585950447	319.1812181191116	703.3787386607588	1041.5490626946003
53x31	1544.8035376707294	260.8129022882108	663.82013377119	1029.5488186579598
53x33	1454.6209987484713	257.79691619567524	642.9807539887955	1028.4192967851197
53x35	1367.0150438089554	292.74618699480936	646.9628505563518	1043.4498215055673
53x37	1291.285053735232	350.84054782764184	679.6128971701467	1076.963922329806
53x39	1219.6851110020164	401.0730232763109	731.8865827435291	1122.7225703618865
54x28	1725.3132469206862	318.0201251493368	784.4131564424454	1112.6447770964462
54x30	1632.8692568604504	233.06052861864015	738.4647655778846	1093.6146533400145
54x32	1541.7008302520953	192.03866798121655	710.012429468668	1087.334010320656
54x34	1456.6164079811817	215.1472983795055	702.9578650246401	1094.7556622370128
54x36	1376.5938435137648	265.61967171126486	718.7668676281622	1116.6199039959838
54x38	1305.5971354135243	342.82835355320304	757.1915741739341	1153.245802073435
54x40	1245.8479883196023	435.6608887655626	814.9631954879926	1203.6910774779383
55x27	1813.6450838022304	339.62050880357606	867.4619818758629	1186.3308518284432
55x29	1716.7014096807866	232.79675685026172	811.8652166462117	1157.3120279336945
55x31	1628.953679513325	152.00884842666215	778.1702191680174	1146.2431199357318
55x33	1542.324641571936	142.75328367501717	761.8724958941624	1147.3425382160294
55x35	1461.7231612039266	182.54204995014143	764.6820254197168	1160.2635045540305
55x37	1389.2651078897795	256.5492935090641	791.6289155911375	1189.5689723593166
55x39	1325.342046416698	350.8394789643832	836.395325190188	1230.7228526357999
56x28	1802.8965721859922	257.7720892571574	889.8259661304565	1226.1511529986833
56x30	1712.0314979579084	146.8517960394082	847.2498155797972	1206.691944947011
56x32	1626.6963945371	78.32470874506936	823.4523422761032	1201.626630863348
56x34	1546.8119730594278	103.5329899114286	818.2723751905598	1209.3362973135308
56x36	1472.2819872565176	171.50874613266797	832.5228225099902	1229.9357910069944
56x38	1405.5192812622672	266.0376853004102	865.397856479897	1262.6213407035384
57x27	1890.402055119492	307.2346497385995	970.0032628811099	1297.5706262088395
57x29	1796.9550940410284	180.41898458865123	920.0050054211665	1270.7729970376301
57x31	1713.8722997936572	61.655981056179705	891.5457699972559	1261.7926374805013
57x33	1631.3630619822184	36.000555551268924	876.6673485421936	1262.0440721306052
57x35	1554.8536715717014	88.67434803820083	879.1795834754128	1274.0169308137158
57x37	1488.200890337054	180.60534322106852	903.7381755796312	1301.7533138041172
58x26	1970.6186566659721	363.888018489205	1045.1928482342387	1365.6206977048937
58x28	1881.652946215109	237.6607035250044	996.1025097850121	1339.2122348604796
58x30	1793.6871438464404	109.2820662322963	958.592598552691	1321.989928100816
58x32	1712.831836462646	4.393176527297956	938.8088729874682	1318.375401772955
58x34	1636.3332698445022	8.70459648691405	934.2520912473253	1325.2189894504234
58x36	1568.1712693452841	102.11429870493181	948.8531656689566	1345.8862247604739
59x27	1964.904336093745	308.11726663723357	1070.7774045057172	1406.251702221192
59x29	1878.5748853851956	187.59584217140846	1029.6276025826037	1385.2321827044016
59x31	1798.1540089769842	87.20458703531588	1005.055242262832	1377.8786739042012
59x33	1718.5341457183797	55.083663639958104	990.2681505531726	1376.1693972763678
59x35	1649.23502570131	33.3671994629462	995.2465875349692	1389.6191456654597
59x37	1584.9773563051306	159.5243555072392	1015.7665184480146	1413.654278810771
60x28	1964.6527886626684	270.8153983805203	1104.3324589995534	1452.4837279639316
60x30	1882.2998406205106	171.24978832103693	1072.146860276147	1437.9626177338548
60x32	1804.7130353604696	116.9407542305075	1053.6803784829629	1433.7733223909556
60x34	1732.1678584940894	74.74683939806401	1049.2838939009785	1439.7198651126544
60x36	1666.6152315396616	119.22386506064991	1060.866028299521	1457.37412149386
61x27	2049.4389988482217	354.94029075324784	1178.4654470963503	1519.2358638473493
61x29	1965.1717812954673	254.9375021451336	1139.6754494153151	1498.3744959121536
61x31	1888.621764673912	187.79235873698423	1117.3576732631325	1491.2418214360812
61x33	1814.9245273564406	154.7664046232255	1106.3493300038647	1492.0506827852732
61x35	1749.051291414863	132.82176026540273	1111.5265268989315	1505.2761939258858
62x28	2051.202488785542	341.603644594141	1213.624427077834	1565.5915974480706
62x30	1972.2006490212907	266.65520808714774	1184.9509694497915	1552.8155073929422
62x32	1895.0854677296218	228.84826850994543	1165.181071765243	1545.8968044471794
62x34	1830.1773957734263	186.9590864333695	1164.6472856620587	1554.6629538263273
62x36	1769.3949615617198	211.48174862148298	1176.8116799216434	1572.8194842384173
63x27	2136.755994492586	427.7996961195742	1288.506181591691	1633.9614989344152
63x29	2054.999282238318	346.5075035262585	1251.995387371695	1613.439075391445
63x31	1982.0785251851148	297.44727263836205	1231.617749141348	1606.55354096899
63x33	1908.6489802999395	255.66957190874294	1219.9206244670181	1605.8360844121044
63x35	1850.2323232502454	245.49388994433284	1226.0390083516922	1619.1554125531006
64x28	2140.315651954169	430.61687147625776	1325.4826630326024	1681.0615366487923
64x30	2063.1374772418826	369.83029892100495	1296.715408252713	1666.2951869341757
64x32	1995.3618343548624	338.0953267940867	1284.00212227239	1664.9847596900104
64x34	1931.2472161792239	303.3908535206695	1281.9485988135411	1671.6570850506398
65x29	2148.3391375665065	449.09915386248525	1366.530588753871	1730.3405011731077
65x31	2076.1798019439457	408.62301697285767	1344.4376408000487	1720.2670054384002
65x33	2012.7886824006137	369.77625667422166	1337.5101046347274	1722.9304338829236
65x35	1952.3584020358555	360.4820799984375	1341.417656809392	1734.0752953663805
