	logits
Xkr4	0.29144207
Sox17	-1.8013934
Gm37587	-9.360782
Lypla1	-0.9444724
Atp6v1h	-0.75928944
Gm37108	-1.3498788
Sntg1	0.95800716
Gm24276	-1.3679074
Tcf24	-1.2475919
Prex2	0.30594134
Sulf1	1.5152851
Eya1	-11.143677
Gm9947	-1.0508567
Msc	-10.522701
Pkhd1	0.876466
Mcm3	-9.608045
Paqr8	-2.2223694
Gsta3	-0.8801766
Gm4956	-0.6233048
Kcnq5	1.3051326
Ogfrl1	-1.8669243
Gm28438	-0.63105947
Bend6	-11.282176
Gm38157	-1.4516108
Gm37233	-12.039461
Ptpn18	-1.4037253
Gm28417	-10.716181
Arhgef4	-10.419306
Plekhb2	-1.592323
Neurl3	-1.490379
Ankrd23	-0.9423442
Sema4c	-1.8022714
D430040D24Rik	-9.536071
Cox5b	-0.67768043
Zap70	-0.9776451
Mgat4a	-1.126674
Mrpl30	-1.1147743
Aff3	1.1182173
Npas2	-0.4812839
Map4k4	-0.5456067
Il1r1	0.12491998
Il1rl2	-1.1951535
Il18r1	-0.3889918
Il18rap	-1.6685388
Fhl2	-0.7998776
Nck2	-0.79430366
Gm8251	-1.3406156
Gulp1	-0.49785116
Col3a1	-0.45934048
Col5a2	-0.36392972
Gm38211	-9.693755
Slc40a1	0.1303624
Dnah7b	-2.2347045
Tmeff2	0.47081295
Cavin2	-0.66330045
Stat4	-0.23643225
Gm28177	-11.041907
Stat1	-0.50542605
Gls	-0.5400723
Gm553	-9.31136
Nemp2	-2.0573256
Asnsd1	-1.9328132
Stk17b	-0.52733195
Hecw2	-0.07358919
Ankrd44	0.17365041
Gm37370	-0.6548599
A130048G24Rik	-1.7586993
Hspd1	-0.5855917
Hspe1	-0.81658626
Rftn2	-1.723576
Boll	-1.5192084
Gm8292	-9.464428
Plcl1	0.080704205
Gm38056	-0.6001736
Spats2l	-1.1174067
Sgo2a	-1.5714306
Aox3	-0.029266072
Ndufb3	-1.0551628
Tmem237	-1.7395481
Bmpr2	-0.643193
Fam117b	-0.85901296
Gm37531	-1.1621063
Cyp20a1	-1.4236864
Abi2	-1.2614648
Raph1	-0.16336861
Cd28	-1.378608
Icos	-1.2137164
Pard3b	0.035979237
Nrp2	-0.5467426
Gm37121	-2.7631056
Eef1b2	-0.9484399
Adam23	0.68405557
Klf7	-0.43357903
Gm28981	-1.2799672
Plekhm3	-0.4548992
Map2	-0.56646883
Cps1	1.5244833
Erbb4	0.493968
Ikzf2	0.07090476
Bard1	-1.1805443
Fn1	-0.5800281
Igfbp2	-0.49561912
Igfbp5	1.4304563
Tns1	-0.077315375
Arpc2	-0.7595968
Slc11a1	-1.2876114
Cyp27a1	0.025899766
Tuba4a	-0.6831838
Des	-1.4820849
Speg	-9.476999
Chpf	-10.189674
Obsl1	-1.3236421
Slc4a3	-9.398854
Epha4	-1.0791779
Sgpp2	-1.4424549
Ap1s3	-0.61683714
Dock10	0.61740637
Gm38062	-1.6419679
A630081D01Rik	-10.25609
Irs1	-0.50006676
Col4a4	0.27661994
Col4a3	-0.5169068
Pid1	0.21529979
C130026I21Rik	-9.446573
AC123856.1	-11.252287
Gm7609	-10.531882
Sp110	-1.4668816
Sp140	-1.2086858
Sp100	-0.08181183
A630001G21Rik	-1.6158031
Itm2c	-1.1833591
Gpr55	-0.9448376
Gm16341	-1.0790709
Ptma	-0.85835785
Gm6136	-1.6551156
Inpp5d	-0.51011723
Spp2	-0.9271615
Glrp1	-10.583378
Arl4c	-1.9103765
Sh3bp4	-1.5457498
Ackr3	-2.5545416
Col6a3	-0.7559017
Mlph	-1.9132557
Ramp1	-1.1748302
Twist2	-0.7274929
Ndufa10	-0.94075066
Cops9	-1.2891673
Gpc1	-9.339585
Agxt	-0.5754154
Bok	-1.5673178
Gm15427	-10.578967
St8sia4	0.43150222
Gm37642	-2.4956017
Pam	-0.2725544
Gm37140	-1.3225336
B230216N24Rik	-1.8153988
Tnfrsf11a	-0.77640975
Bcl2	0.8143956
Serpinb7	-12.925101
Dsel	-1.1617756
Gli2	0.07597945
Inhbb	-2.210105
Ralb	-1.6350093
Gm37219	-9.04207
Tmem37	-1.1953775
Dbi	-0.013786222
Marco	0.42942253
Insig2	-0.17024207
Dpp10	-0.11759021
Actr3	-0.520668
Nckap5	-0.570915
Tmem163	0.088822246
Mcm6	-1.2426805
Cxcr4	-2.541379
Cd55b	-10.091574
Cd55	-0.4602692
Gm16083	-0.76989585
Gm37109	-0.7272511
Pigr	-0.35225555
Fcmr	-9.64206
Il10	-10.758975
Ikbke	-0.38061762
Srgap2	-0.22871304
Rab7b	-0.7411183
F730311O21Rik	-1.0661546
Tmcc2	-1.7120689
Pik3c2b	-1.1651632
Gm28609	-12.219287
Snrpe	-1.5317165
Lax1	-2.5198293
Atp2b4	-0.9818981
Gm37368	-12.125376
Prelp	-2.9021373
Fmod	-0.3859866
Btg2	-0.7768717
Ppfia4	-8.618461
Ptpn7	-9.382786
Nav1	-0.40466318
Gm37333	-9.99636
Csrp1	-2.401347
Phlda3	-10.570142
Kif21b	-1.0049586
Kif14	-1.5705999
Gm4258	-0.69623756
Gm37298	-1.0460672
Gm37124	-11.743633
A130050O07Rik	-8.952921
Gm26930	-10.584545
D130019J16Rik	-2.3733065
Gm37534	-9.277398
Ptprc	0.89947516
A130071D04Rik	-0.7170204
Aspm	-2.035514
Cfh	-0.20032482
Kcnt2	-0.15057497
Ro60	-1.6248828
Rgs2	-1.2458122
Rgs1	-1.4391592
Rgs18	-1.6819675
Pla2g4a	-0.1395511
Prg4	-0.87337685
Hmcn1	0.2584685
Gm20631	-0.9947586
Fam129a	-0.19275196
Colgalt2	-10.638732
Rgl1	0.036278673
Arpc5	-1.1631241
Ncf2	-1.1868744
Nmnat2	-0.63303655
Lamc1	-0.95149577
E330020D12Rik	-11.587625
Npl	-2.5980966
Rgs16	-0.31371087
Rnasel	-1.4963554
Teddm2	-0.8970851
Glul	0.50569916
Cacna1e	0.5609087
Gm29282	0.33868542
Ier5	-1.319888
BC034090	-10.545595
Soat1	-1.1165707
Rasal2	-0.06377124
Gm37788	-1.7468916
Gm37578	-11.299144
Gm37060	-0.98706
Mrps14	-1.661437
Cacybp	-1.1823963
Serpinc1	-0.52501285
Gm37072	-0.94642067
Fasl	-0.66618365
Dnm3	-0.8564071
Dnm3os	-1.7860953
Fmo2	0.9646719
Fmo3	0.5568266
Gm37273	-1.0875051
Prrx1	-0.6884396
Kifap3	-1.5259103
Sell	-0.3665382
Dpt	-0.7954072
Mpzl1	-1.7840383
Rcsd1	-0.46789053
Creg1	-0.59922445
Cd247	0.26604676
Fam78b	-1.1373914
Tmco1	-1.1468788
Mgst3	-2.2505953
Pbx1	0.39184025
Nuf2	-11.658799
Rgs5	-0.696008
Rgs4	-1.332332
Ddr2	-1.5400894
Fcrla	-1.4544886
Fcgr2b	-0.7583266
Gm38204	-12.086127
Fcgr4	-2.1402128
Fcgr3	-10.610222
Sdhc	-0.794933
Nr1i3	0.052942615
Apoa2	1.01137
Fcer1g	-1.4998226
Ndufs2	-1.1198096
Nectin4	-0.8205109
Arhgap30	-1.0296738
Cd244a	-0.2900718
Ly9	-2.0074854
Slamf7	-0.6910901
Cd48	-0.88600135
Slamf1	-1.0225822
Cd84	-1.0579705
Gm10521	-11.822632
Slamf6	-1.2496567
Vangl2	-10.457895
Pea15a	-1.0954852
Casq1	-10.001112
Igsf8	-1.9482218
Kcnj10	-10.043871
Slamf9	-1.3021803
Igsf9	-10.751577
Tagln2	-1.5729417
Slamf8	-0.923139
Apcs	-0.9450123
Ackr1	-0.806692
Cadm3	-1.2574378
Aim2	-1.2637997
Ifi206	-1.3935524
Ifi214	-1.0999813
Ifi213	-1.4566518
Ifi209	-0.60086685
Ifi207	-0.7097721
Ifi204	-0.46510124
Mndal	-0.08877588
Ifi211	-1.58019
Ifi203	-0.34989053
Ifi205	-0.682144
Grem2	-0.60418993
Rgs7	-0.50719875
Exo1	-10.814569
Akt3	-0.1818425
Gm37960	-10.313352
Gm37106	-1.8622864
Gm37598	-1.746798
Gm37706	-2.2763057
Cox20	-1.3760202
Kif26b	-0.43259078
Smyd3	-0.3204525
Sccpdh	-1.168827
Itpkb	-0.5341453
Gm37033	-0.9510268
Gm36933	-10.317288
H3f3a	-1.1108043
Pycr2	-10.855261
Tmem63a	-1.5019932
Ephx1	-0.958904
Enah	-0.91324186
Srp9	-1.1941198
Degs1	-1.0180128
Capn2	-1.6981844
Susd4	-8.609578
Dusp10	-1.2663867
Hlx	-1.3478974
Mark1	-1.7858245
Tgfb2	-1.1538552
Gm37896	-11.843662
Esrrg	0.31882286
Kcnk2	-9.98608
Cenpf	-0.84427565
Ptpn14	-0.5261146
Prox1	-0.1267346
Prox1os	-0.23333767
Nsl1	-2.795208
Batf3	-0.7728934
Nenf	-1.3588502
Dtl	-2.2045379
Nek2	-12.786197
Gm26879	-1.4329216
Traf3ip3	-1.8928348
Hsd11b1	-0.55545545
Gm38118	-12.086329
G0s2	-0.22896524
Plxna2	-0.35239187
Cd34	-1.1551237
Cr2	0.031084348
Fam171a1	-0.48899105
Frmd4a	-0.7463155
Ccdc3	-9.549517
Camk1d	0.10568554
Celf2	0.43669423
Gm10115	-10.868296
Gata3	-2.294844
Sfmbt2	-5.1530714
Prkcq	-0.37797195
Pfkfb3	-1.0331093
Il2ra	-0.13516173
Itga8	-0.32794455
Rsu1	-0.88012064
Vim	-1.3280809
St8sia6	-0.83407784
Mrc1	-0.03608599
Slc39a12	-2.2170095
Cacnb2	-0.06612333
Gm10848	-10.955128
Plxdc2	0.5536489
Nebl	0.01749694
Gm20539	-0.7444319
Pip4k2a	0.33071363
Armc3	-10.98986
Gm13340	-1.4039989
Apbb1ip	-0.17059305
Psd4	-1.143125
Arrdc1	-1.1594112
AL732309.1	-10.500576
Gm13387	-1.956922
Nrarp	-1.3266884
Tor4a	-10.4284525
Tubb4b	-1.0676405
Uap1l1	-2.34437
Npdc1	-1.7185998
Paxx	-0.48745704
C8g	-0.5361679
Edf1	-1.0139333
Phpt1	-0.9645271
Tmem141	-1.7617743
Fcna	-0.94915074
Bmyc	-1.2988342
Gpsm1	-8.631306
Card9	-9.517361
Notch1	-1.1662498
Egfl7	-0.051996347
Surf4	-1.0329597
Adamts13	-1.2569517
Slc2a6	-1.3480847
Adamtsl2	-0.22322825
Rxra	-0.19401537
Col5a1	-0.6375828
Olfm1	-1.4397497
Ralgds	-2.8705118
Ntng2	-1.5440837
Endog	-1.5220711
Ier5l	-9.899649
Ptges	-1.3952382
Fnbp1	-0.40445685
Ass1	-0.17299862
Lamc3	-0.92726994
Fam78a	-2.5483348
Gm13611	-1.1664943
Swi5	-1.3021013
Lcn2	-0.1811924
Slc25a25	-0.47768217
St6galnac4	-9.392256
Eng	-0.28536513
Gm26236	-11.390671
Sh2d3c	-1.37586
Ptrh1	-1.1590303
Stxbp1	-1.7648066
Fam129b	-1.2329154
Garnl3	-1.3265493
Angptl2	-1.0313176
Mvb12b	-2.0647113
Pbx3	-0.50499505
Hspa5	-0.26452446
Traf1	-0.49976656
Hc	-0.5826538
Gsn	-0.27015314
Stom	-1.5525115
Ggta1	-1.7476219
Dab2ip	-1.649313
Ndufa8	-1.2255824
Lhx6	-1.1906974
Gm13431	-0.8533458
Ptgs1	-1.0386734
Gm13436	-10.060428
Lhx2	-1.925934
Kynu	0.26215792
Arhgap15	1.4141668
Gtdc1	-0.5759536
Zeb2	1.4447823
Zeb2os	-1.7659698
Gm28643	-0.76296455
Gm13470	-1.0864745
Gm13481	-1.4206803
Acvr2a	-0.73885393
Kif5c	-1.8150378
Lypd6b	-1.4157938
Lypd6	-10.384688
Rnd3	-1.2156392
Fmnl2	0.5372151
Nr4a2	-2.905041
Cytip	-0.01983869
Acvr1c	-10.698574
Upp2	0.31008026
Ccdc148	-1.6290371
Tanc1	-0.57984024
Gm13572	-1.1230911
Pla2r1	-0.6632366
Rbms1	-0.456623
Dpp4	-0.31815043
Fap	-1.0608112
Ifih1	-0.8127702
Kcnh7	-0.20326264
Fign	-0.29899186
Cobll1	-0.062263902
Scn3a	-1.1759158
Scn2a	-9.345665
Galnt3	-1.1212236
B3galt1	-0.09524534
Gm37964	-10.308803
Stk39	-0.26716202
Cers6	0.19665012
Nostrin	-0.7732318
Abcb11	-0.39108253
Lrp2	-0.20784527
Klhl23	-2.1269855
Myo3b	-0.22143634
Itga6	-1.4728278
Rapgef4	-0.010436497
Rapgef4os1	-0.63147634
Gpr155	-1.1322004
Wipf1	-0.26574647
Gm13708	-11.430029
Atp5g3	-0.52911353
Ttc30a1	-11.848259
Pde11a	-1.5115913
Osbpl6	-1.2572778
Ttn	-1.5899819
Sestd1	-1.5545359
Gm37004	0.33573976
Itga4	0.567425
Pde1a	-0.061620682
Frzb	-10.510045
Fam171b	-0.98818815
Calcrl	0.3133493
Tfpi	-1.461142
Gm13710	-1.4381375
Selenoh	-1.5213298
Tmx2	-1.1120635
Slc43a3	-0.3056211
Olfr1030	-12.404498
Ptprj	-0.028848182
Spi1	-1.4430916
Madd	-0.43171775
F2	-0.2686416
Mdk	-2.1031232
Dgkz	-1.3498166
Creb3l1	-8.9368515
Mapk8ip1	-1.7086542
Gm13814	-11.005233
Gm13816	-1.4582808
Prdm11	-1.618964
Trp53i11	-2.7954438
Tspan18	-1.3185334
Gm13889	-1.7115425
Lrrc4c	0.11172318
Prr5l	-1.2142156
Pamr1	-0.67593926
Slc1a2	0.8826052
Cd44	0.1796372
Ehf	-1.4274793
Abtb2	0.40442643
Lmo2	-1.5787925
Wt1	-0.46827766
Rcn1	-1.6894431
Mpped2	-0.63499886
Kif18a	-2.4618256
Ccdc34	-1.3198432
Lpcat4	-1.7511328
Nop10	-0.8769267
Emc7	-1.3268863
Ryr3	-0.94556355
Fmn1	-0.47032556
Arhgap11a	-1.3647032
Meis2	0.65392375
G630016G05Rik	-0.8602956
Rasgrp1	-0.33273643
Bub1b	-1.4709522
Pak6	-1.3137217
Plcb2	-1.6997459
Inafm2	-2.716113
Ccdc9b	-1.2929374
Disp2	-1.3214344
Knstrn	-1.0537746
Chst14	-1.7490594
Knl1	0.33395305
Gchfr	-1.054774
Spint1	-1.6383396
Gm14207	-1.3550277
Dll4	-1.4699934
Nusap1	-0.7676343
Ehd4	-1.2439308
Stard9	-1.1329027
Pdia3	-0.71832997
Serinc4	-10.468086
Frmd5	0.2712081
B2m	-0.16635197
Slc28a2	-1.4984598
Slc28a2b	0.76488495
Gatm	-1.03781
Sema6d	0.46148676
Slc24a5	-3.0445213
Fbn1	-0.047675274
Eid1	-1.4556384
Atp8b4	-0.26014793
Slc27a2	0.014269218
Hdc	-1.0884123
Ncaph	-11.57415
Itpripl1	-1.793425
Dusp2	-0.9879655
Adra2b	-1.6933799
Gpat2	-0.8512507
Kcnip3	-1.6139452
Mtln	-1.4642147
Bub1	-1.6006705
Acoxl	-0.61774236
Bcl2l11	-0.77755564
Morrbid	0.024594057
Mertk	-0.053535484
Ckap2l	-11.175724
Il1a	-1.8788207
Il1b	0.99300426
Sirpa	-0.14354983
Ebf4	-10.986102
Ddrgk1	-1.0215768
Slc4a11	0.7916323
Adam33	-0.44097686
Siglec1	-1.7317628
Hspa12b	-10.6649475
Spef1	-1.2809674
Cenpb	-1.0412089
Cdc25b	-0.95617115
Prnp	-2.235856
Rassf2	-1.1118609
Pcna	-1.0083631
Gpcpd1	0.4351156
Fermt1	-2.3614655
Bmp2	-0.6683734
Plcb1	-0.4606522
Plcb4	0.4276466
Jag1	-0.6070592
Macrod2	-0.36993396
Snx5	-0.75051326
Smim26	-1.3249725
Slc24a3	-1.1070212
Ralgapa2	-0.75080234
Thbd	-0.9001431
Cd93	-0.9299232
Cst3	-0.52895606
Acss1	-1.256685
Pygb	-1.8010603
Fkbp1a	-1.3650025
Sdcbp2	-1.5943142
Zcchc3	-3.1925418
Rem1	-12.119511
Id1	-1.0394663
Tpx2	-9.889658
Ccm2l	-2.194692
Hck	-0.3603512
Nol4l	-1.6660482
Necab3	-1.5686136
E2f1	-1.7487448
Dynlrb1	-1.1943111
Map1lc3a	-0.8426928
Ggt7	-1.2858466
Acss2	0.057193194
Procr	-9.326377
Romo1	-0.81696767
Scand1	-1.8168114
Epb41l1	-0.9519108
Myl9	-1.9652357
Tgif2	-2.0067616
Sla2	-10.607917
Soga1	-2.701741
Samhd1	-0.25214314
Rbl1	-1.7311184
Gm14277	-1.5910455
Rpn2	-1.071857
Src	-2.8060703
Tgm2	-0.9699116
Ppp1r16b	-0.7677167
Fam83d	-9.811566
Mafb	-0.36737636
Gm14221	-1.2376443
Ptprt	0.68030673
Tox2	-0.5265383
Hnf4aos	0.028556647
Serinc3	-0.4425151
Ada	-2.329989
Rims4	-11.861424
Ywhab	-1.0663675
Slpi	1.2312392
Sdc4	-0.061881028
Wfdc2	-1.9020737
Mmp9	-12.154391
Slc12a5	-1.3601787
Cd40	-0.45884705
Eya2	-1.3883302
Ncoa3	-0.74044037
Prex1	-0.5429388
Kcnb1	-0.28667894
Ptgis	-0.46778724
Snai1	-9.971173
Ube2v1	-2.687723
Ptpn1	-0.75680214
Ripor3	-1.7660412
Nfatc2	-0.98640275
Tshz2	0.62818766
Aurka	-1.3365284
Gm14303	-1.9912099
Rbm38	-1.3539042
Ctcflos	-0.57637846
Pck1	-0.130447
Pmepa1	-2.4169383
Gnas	-0.64282733
Gm20721	-1.4605926
Ctsz	-1.0605049
Atp5e	-0.416152
Zfp831	0.06660126
Gm16354	-10.94272
Sycp2	-0.10230612
Ppp1r3d	-12.630269
Fam217b	-10.472876
Cdh4	0.63832456
Psma7	-1.0787319
Lama5	-1.5208098
Slco4a1	-11.282848
Col9a3	-2.0292428
Nkain4	-0.47912773
Ppdpf	-1.291185
Zbtb46	-0.49510288
Sox18	-2.5326204
Rgs19	-10.399357
Hnf4g	-0.8650908
Pkia	-0.8779298
Zc2hc1a	-1.1852756
Gm16685	-0.14524573
C030034L19Rik	-10.790275
Fabp5	-1.2667046
Fabp4	-0.9050641
Gm37421	-1.4008472
Car13	-10.432593
Car3	-0.023153963
Car2	-1.1522051
Sirpb1a	-0.8237388
Sirpb1b	-0.22909683
Gm5150	0.0069377706
Cyp7b1	-0.26557913
Cp	-0.46955097
Hps3	-1.57296
Gyg	-1.3038309
Naaladl2	-0.17186284
Ect2	-1.4025098
Tnfsf10	-1.7167202
Fndc3b	-0.3366868
Pld1	-0.7952722
Tnik	-0.3937492
Egfem1	0.695704
Gm37965	-9.441729
Mecom	1.3778718
Lrrc31	-0.25270212
Gpr160	-1.0428203
Kcnmb2	0.31527486
Gnb4	-1.2011039
Ndufb5	-0.9108894
Sox2ot	-11.127651
Anxa5	-1.8875101
Trpc3	-1.3688134
Fgf2	-9.639006
Spry1	-1.1040537
Gm43820	-0.665318
Gm43821	-0.894961
Ankrd50	-2.2921197
Fat4	-1.0696707
Plk4	-2.5180933
Pabpc4l	-10.555304
Pcdh18	0.45679736
Slc7a11	-10.193932
Noct	-0.28228104
Ndufc1	-0.6007334
Rab33b	-1.8274385
Setd7	-2.4420686
Mgst2	-1.3940365
Maml3	0.02783463
Lhfp	0.36825395
Gm42899	-12.127217
C130075A20Rik	-1.031486
Frem2	-0.91292554
Ufm1	-1.3341072
Postn	-0.6849528
Dclk1	0.43587947
Nbea	-0.641398
Gm43376	-11.030089
Gm42843	-2.9736068
Serp1	-0.6931944
Gpr171	-1.2075858
P2ry14	-0.5663181
P2ry13	-2.1108122
P2ry12	-0.49636483
Igsf10	-1.5250449
Aadac	-0.6722139
Mbnl1	-0.008236143
Rap2b	-1.2676578
Plch1	-2.1273153
Kcnab1	0.5773223
A330015K06Rik	-1.8999246
Ssr3	-0.8398222
Lekr1	-1.41729
Veph1	-0.3718247
Lxn	-10.636512
Rarres1	-0.7169542
Smc4	-0.5761899
Trim59	-0.558432
B3galnt1	-10.802393
Serpini1	-0.9496464
Gask1b	-8.761643
Pdgfc	-0.44638175
Tdo2	-0.080111
Gucy1b1	-0.66618556
Gucy1a1	-0.9890786
Rbm46	-11.703019
Rbm46os	-16.639309
Lrat	-1.0417789
Fgg	-0.3919936
Fga	-0.3489989
Fgb	0.01850117
Dchs2	-1.8120371
Tlr2	-2.440861
Fhdc1	-0.38925415
Arfip1	-1.418195
Tmem154	-1.1539003
Gm37876	-10.194338
Dclk2	-0.7291557
Kirrel	-1.6240106
Cd5l	-0.052206498
Fcrl1	-3.0689738
Lrrc71	-11.771541
Pear1	-1.0955033
Sh2d2a	-9.415243
Nes	-1.9123602
Iqgap3	-1.3519815
Rhbg	-2.5953677
Glmp	-1.3099095
Bglap3	-11.866875
Lamtor2	-1.279101
Arhgef2	-1.1899066
Msto1	-1.2508303
Fam189b	-1.9625869
Muc1	0.0058891415
Krtcap2	-1.075302
Dpm3	-1.1810044
Adam15	-2.950155
Pbxip1	-1.7710696
She	-1.3204993
Atp8b2	-3.1614163
Nup210l	-1.2370902
Gm43712	-11.809828
Rab13	-2.0295944
Slc39a1	-1.2582382
Npr1	-0.7817791
S100a1	-1.0560133
S100a13	-1.2729623
S100a16	-1.5377802
S100a4	-1.9912579
S100a6	0.37466058
S100a8	-0.20033444
S100a9	-1.2398376
S100a11	-2.4267633
S100a10	-0.7454987
Selenbp2	-0.9782618
Psmb4	-0.878467
Tnfaip8l2	-1.8474867
Sema6c	-1.3883549
Cdc42se1	-1.2400804
Ctss	-0.7834667
Adamtsl4	-1.395919
Ecm1	-0.21262671
BC028528	-1.1388167
Plekho1	-1.2618119
Bola1	-1.2976654
Gm20634	-1.5866476
Fcgr1	-1.4754392
Txnip	-0.551708
Lix1l	-1.994921
Cd160	-1.0876606
Gja5	-0.29813007
Fmo5	0.15443048
Hmgcs2	-0.4315256
Hao2	-1.5876281
Spag17	-0.17793357
Gm43464	-11.0529585
Cd101	0.31553593
Cd2	-9.862597
Igsf3	-1.4996048
A230001M10Rik	0.30722252
Ngf	0.47981304
Gm42679	-1.9200395
Tspan2	-1.0328296
Sycp1	-0.7272819
Nr1h5	-0.6565074
Dennd2c	-3.941152
Ptpn22	-0.51550335
Gm43065	-1.1235948
Ppm1j	-10.878609
Rhoc	-1.6542563
Cttnbp2nl	-1.1983912
Kcnd3	-0.7367343
Atp5pb	-0.6205067
Gm42722	-11.715544
Cd53	-1.0590891
Gm27008	-9.938256
AI504432	-0.6153749
Kcna2	-0.40264758
Csf1	-1.1693188
Gstm5	-0.7830685
Gstm6	-1.7689964
Gstm3	-2.4165418
Gstm2	-1.124328
Gstm1	-0.23443307
Gstm4	-1.3938475
Gm43435	-12.342145
Fam102b	-0.9165675
Slc25a24	-3.1084812
Vav3	0.08351364
S1pr1	-1.027962
Vcam1	-0.24992485
Cdc14a	-0.52199405
Plppr5	-0.39249024
Gm26871	-0.6879745
Dpyd	1.7811775
Tlcd4	-0.042886633
Abca4	-8.657162
Pde5a	-1.1504221
Fabp2	-0.9741016
Prss12	-0.527859
Ugt8a	-9.265347
Camk2d	-0.26859474
Ank2	-0.040225074
Zgrf1	-2.2841089
Alpk1	-1.0948561
Gm16238	-11.163091
Elovl6	0.28467467
Cfi	-0.7771161
Mcub	-1.0740188
Col25a1	-1.2346853
Etnppl	0.06917665
Lef1	0.8372606
Papss1	-2.2390203
Arhgef38	-9.009936
Gm6135	-0.9504091
Gm26691	0.46966133
Gm30648	-1.2229536
Cxxc4	-10.770241
Cenpe	-0.2818133
Slc39a8	-0.057069518
Gm31243	-0.9508253
Bank1	1.1409341
Emcn	-0.63032234
Ddit4l	-1.6553838
H2az1	-1.0596739
Dapp1	-1.2077224
Adh1	-0.24997705
Adh6b	0.45478767
Adh4	-0.76758194
Tspan5	0.3258994
Rap1gds1	-0.87802887
Bmpr1b	0.3473842
Gbp5	0.089092076
Gbp7	-0.68398476
Gbp3	-1.1154729
Gbp2b	-0.1746357
Gbp2	-0.41643128
Kyat3	0.06733316
Selenof	-1.0685446
Clca3a1	0.06144688
Col24a1	-1.2146201
Ccn1	-1.5809631
Gm17501	-0.83786356
Ddah1	-0.47192648
Mcoln2	-1.167251
Gng5	-1.1734613
Uox	0.10135694
Ttll7	-1.4173228
Adgrl2	-0.08376361
Gm30382	0.091086596
Adgrl4	-0.01656212
Ifi44	-1.2032977
Ptgfr	-0.7768202
Gipc2	-1.2373416
Nexn	-2.1669939
Gm43185	-11.438179
Miga1	-1.6349843
Ak5	-0.3843062
St6galnac3	0.6889879
A530083M17Rik	-1.8241252
Negr1	0.6392194
Ptger3	-10.55328
Cth	-0.18117636
Depdc1a	-1.300788
Wls	-0.8550909
Gm11787	-1.8192368
Lyn	0.0142418025
Cyp7a1	0.17877391
Sdcbp	-1.1606257
Tox	-0.13875829
Gdf6	-12.9179325
Gem	-1.6193473
Pdp1	-2.3887045
Triqk	-2.262554
Runx1t1	0.12765862
Ripk2	-1.3409971
Mmp16	-0.11096339
Atp6v0d2	-0.91565865
Nkain3	-9.57894
Mms22l	-0.680297
Klhl32	-11.413104
Gm11906	-1.231567
Epha7	0.035877924
Bach2	0.41167173
Bach2os	-1.9606514
Ankrd6	-1.038461
Rragd	-1.1503903
Gm12350	-2.0354269
Ndufb6	-1.0259804
Bag1	-1.2520549
Chmp5	-1.362095
Fam219a	-1.1584468
Enho	-1.1885688
Cntfr	-1.6175461
Gm37530	-10.721086
Gm21955	-1.8579758
Phf24	-11.470749
Unc13b	-1.2862025
Cd72	-0.89388096
Tpm2	-1.3826911
Gm12472	-10.735694
Hint2	-0.76160544
Fam221b	-11.529791
Spaar	-11.437361
Reck	-1.3370405
Glipr2	-2.6079822
Clta	-1.1643112
Gm12504	-10.875011
Melk	-0.6252141
Pax5	0.72815806
Fbxo10	-2.4618015
Tomm5	-1.367246
Shb	-0.2730047
Aldh1b1	-2.5409963
Anp32b	-1.1249225
Nans	-1.2194297
Coro2a	-0.33417818
Anks6	-0.87844706
Galnt12	-2.1101894
Sec61b	-0.87619513
Nr4a3	0.14454286
Msantd3	-1.4463742
Tmeff1	-10.363999
Plppr1	-0.8750001
Aldob	-0.285292
Tmem246	-1.4168907
Smc2	-0.92760473
Zfp462	-0.63156086
Klf4	-0.7277172
Pakap	-12.378866
Pakap.1	-12.352755
Pakap.2	-1.116025
Txn1	-1.0981677
Svep1	-0.67904025
Lpar1	-0.82795227
Mup7	-2.2058852
Mup1	-1.4098382
Mup11	-0.6666508
Mup12	-2.3195877
Mup14	-1.2901071
Mup16	-1.3335179
Mup17	-1.1629591
Mup18	-1.6656479
Gm13775	-1.1475013
Mup20	-0.440454
Mup3	-0.012156716
Mup21	-1.1887689
Zfp37	-9.823074
Slc31a2	-3.16638
Hdhd3	-1.197275
Alad	-0.87494725
Pole3	-1.5144832
Rgs3	-0.73501384
Ambp	0.16001533
Kif12	-9.201557
Orm1	0.41307196
Orm2	0.32047698
Akna	-1.6661772
Atp6v1g1	-1.575302
Tmem268	-1.236008
Tnfsf8	-0.114791036
Tnc	-12.70241
Pappa	-1.724927
Astn2	-0.3339563
Tlr4	-1.1745957
Ptprd	-0.10711176
Frem1	-1.4870063
Gm27046	-10.692054
Bnc2	1.4990208
Cntln	-1.449153
Gm12418	-10.8117485
Sh3gl2	-11.041515
Adamtsl1	1.145223
Acer2	-0.7067279
Mllt3	-0.2904481
Hacd4	-0.9499714
Cdkn2a	-11.29539
Gm12610	-10.208704
Gm12648	0.53553313
Tek	-0.68408775
Junos	-1.4588989
Gm830	-9.631907
Nfia	0.2076697
Angptl3	-0.5366528
Efcab7	-11.711974
Ror1	-0.10470732
Cachd1	-0.6053835
Raver2	-1.1353457
Jak1	-0.2700874
Dnajc6	0.012424521
Leprot	-1.4157861
Lepr	-0.7778303
Pde4b	-0.2549077
Sgip1	-0.3874519
Gm44037	-11.619048
Dab1	-0.36836457
Plpp3	-0.09508592
Gm12744	-10.434035
Mroh7	-1.2748817
Tmem59	-0.8321824
Dio1	-0.8328516
Glis1	-0.39977062
Gm12906	-10.010851
Lrp8	-0.08348053
Scp2	-0.42640004
Orc1	-1.4329615
Gm12743	-3.459352
Rab3b	-1.8159593
Spata6	-1.2485019
Trabd2b	-0.8282814
Foxd2os	-9.184235
Stil	-0.6727276
Tal1	-1.658404
Gm12838	-10.286556
Cyp4a14	1.0202837
Cyp4a10	0.6410263
Cyp4b1	-1.7354156
Uqcrh	-0.58604556
Rad54l	-2.9511387
Lurap1	-9.772326
Pik3r3	-2.228213
Akr1a1	-0.8936684
Prdx1	-0.38383368
Ptch2	-11.361629
Plk3	-0.6606854
Kif2c	-1.521185
Cdc20	-10.798384
Tie1	-1.4630393
Svbp	-1.5792798
Ybx1	-0.96599925
Hivep3	-0.9327286
Kcnq4	-10.650378
Rims3	-2.5080233
Zfp69	-1.8254161
Gm12895	-0.9587169
Ppt1	-0.21218137
Mfsd2a	-0.6463403
Heyl	-1.2709792
Macf1	-0.19929594
Fhl3	-1.0952302
Cdca8	-0.5536668
Rspo1	-0.22744063
Csf3r	-0.6538767
Eva1b	-3.0574813
Tekt2	-11.312374
Ago3	-0.982673
Clspn	-0.8499494
Gja4	-1.8174039
Tlr12	-1.9807389
Marcksl1	-1.2051269
Lck	-0.8040515
Fam167b	-1.0642507
Eif3i	-1.3424083
Gm12963	-0.5656888
Col16a1	-1.5280999
Tinagl1	-0.9516773
Sdc3	-0.88772905
Laptm5	-0.6296811
Ptpru	-1.7244273
Rnu11	-0.5396781
Atpif1	-1.1934801
Ptafr	-0.8031933
Themis2	-2.355628
Fgr	-0.4822702
Map3k6	-0.81939787
Sfn	-11.962181
Gm13213	-12.34526
Zfp683	-0.24409743
Cd52	-1.3974013
Ubxn11	-9.965419
Zfp593	-0.9016715
Stmn1	-1.3344476
Selenon	-2.7942262
Man1c1	-1.296623
Rsrp1	-0.57873684
Runx3	-0.69189566
Rcan3	-1.7717307
Cnr2	-1.5692884
Id3	-1.1327556
E2f2	-1.3707492
Luzp1	-0.8063995
Ephb2	-9.573674
C1qb	-0.54249537
C1qc	-0.93110317
C1qa	-0.8121876
Wnt4	-1.7975556
Cdc42	-0.8432764
Hspg2	-1.66448
Ddost	-1.3669698
Pink1	-1.0687413
Nbl1	-0.67287046
Akr7a5	-0.97462744
Padi2	-0.2771222
Atp13a2	-1.9817876
Fblim1	-10.945081
Tmem51	-1.835599
Tmem51os1	-10.076979
Kazn	-10.982544
Pdpn	-0.925226
Gm13212	-9.645419
Zfp993	-10.487097
Zfp991	-1.4051899
Zfp984	-2.240827
Agtrap	-3.0062385
Casz1	-2.329271
Cenps	-10.151499
Clstn1	-1.5806676
Pik3cd	-0.8029399
Spsb1	-0.68522555
Gm13091	-1.7981149
Errfi1	0.79107744
Park7	-1.05461
Camta1	-0.9456083
Espn	-1.0030878
Kcnab2	-1.0040131
Tprgl	-1.3998414
Megf6	-0.9915262
Prdm16	-0.26324013
Prxl2b	-0.9189432
Rer1	-0.991475
Cfap74	-1.6355987
Gnb1	-0.9448491
Mmp23	-1.0923413
Tmem240	-9.46102
Mrpl20	-1.1915743
Aurkaip1	-1.1654513
Mxra8	-1.1592371
Sdf4	-1.255296
Tnfrsf18	-0.5069379
Isg15	-1.021412
Cyp51	-1.146546
Cdk14	0.419773
Gm43111	-10.443897
Gm10484	-1.1212425
Gm43727	-9.864399
Gm43728	-1.0332528
Cfap69	-1.3736875
Zfp804b	1.1896949
Gm42598	-11.627076
Steap4	-0.3968213
Adam22	-2.7535248
Dbf4	-1.754016
Rundc3b	-1.8858236
Abcb1b	0.9292328
Abcb4	-0.17866929
Crot	-0.07036456
Gm15611	-11.622609
Sema3d	0.34895468
Sema3a	0.16241115
Sema3e	-2.2276952
Cacna2d1	0.090433404
Hgf	0.2355653
Gm43489	-9.561563
Gm42975	-1.2632635
Sema3c	-0.07878343
Cd36	-0.33869824
Gnai1	-1.0895829
Magi2	0.18034606
Fgl2	-1.1818994
Fbxl13	-0.7463417
Reln	0.48343492
Gm10475	-10.523115
Lhfpl3	-0.8171331
Tomm7	-1.0561795
Nos3	-2.543881
Crygn	-0.7317585
Actr3b	-10.080034
Dpp6	-0.9806635
Insig1	-0.21283074
Cenpa	-1.6903466
Ost4	-1.6252402
Emilin1	-1.6410578
Khk	-0.6659133
Mrpl33	-1.364709
Ywhah	-1.2538999
Slc5a1	-2.2369564
Spon2	-2.7565172
Gm1673	-0.94828826
Htra3	1.0663911
Sh3tc1	-1.1391304
Ablim2	-1.0639023
Afap1	-1.5044099
Sorcs2	-0.7588614
Mrfap1	-1.0268943
Jakmip1	-0.38935646
Nsg1	-12.101018
Wdr1	-1.4742652
Clnk	0.43165442
Hs3st1	-1.7374231
Cpeb2	-0.111170255
C1qtnf7	0.067236066
Gm43022	-1.6711068
Cd38	-0.43312126
Gm16014	-2.6206806
Gm7879	-0.47570953
Prom1	-0.9760501
Ldb2	1.0427712
Gm42981	-7.544234
Gm43506	-10.731268
Gm43508	-1.3164241
Gm43507	0.03142542
Gm43504	-1.0967323
Gm43503	-10.301092
Gm3364	-1.6085094
E030026E10Rik	-2.011181
Gm43509	-11.66468
D5Ertd615e	-0.71663976
Qdpr	-0.61630607
Ncapg	-2.6535866
Slit2	-0.19484289
Kcnip4	1.9745444
Ppargc1a	-0.41994864
Sod3	-2.6654015
Pcdh7	0.61411303
Gm42635	-10.159381
Gm42639	-0.6750453
Gm42484	-13.267053
Arap2	-0.2797262
Gm43237	-1.9625443
Pgm2	-1.3554561
Tbc1d1	-0.69041055
Tlr1	-1.489281
Tlr6	-12.40119
Tmem156	-2.1123762
Klhl5	-0.7506215
Rhoh	-0.9293695
Apbb2	-0.41621336
Limch1	0.23644504
Bend4	-2.7507317
Gm26756	-9.623931
Atp8a1	-0.29910192
Gm42735	-12.230101
Gm15478	-1.7170507
Gm42737	-11.999165
Gm42466	-9.98567
Atp10d	-0.46176976
Corin	-10.349942
Txk	-0.5352413
Sgcb	-2.0633476
Pdgfra	-1.0534507
Kit	-0.20158006
Kdr	-0.5323153
C530008M17Rik	-1.2666235
Igfbp7	0.07425564
Gm34648	-12.824479
Adgrl3	0.799593
Gm4866	-1.3755276
Epha5	-1.4029588
Stap1	-0.8754197
Ugt2b34	-0.6984263
Ugt2b1	-0.73448294
Ugt2b5	-0.20342147
Ugt2a3	-0.6347682
Sult1d1	-0.52441025
Jchain	-0.91850716
Dck	-1.4469204
Slc4a4	0.07498569
Gc	-0.3688111
Gm6366	-0.084292285
Adamts3	-0.4098157
Alb	1.9049904
Afm	-0.64970046
Pf4	-1.2723647
Cxcl1	-0.658051
Cxcl2	-10.406984
Ereg	-10.435189
Parm1	-2.0437095
Ppef2	0.3224052
Naaa	-0.2917771
Cxcl9	0.26430357
Art3	-0.8275103
Cxcl10	0.7562741
Shroom3	-0.09943995
Septin11	-0.547519
Gm43682	-12.375436
Cxcl13	-9.492498
Fras1	0.042982936
Anxa3	-0.6082596
Cfap299	-1.5533403
Mir703	-1.4675766
Rasgef1b	0.05701006
Tmem150c	0.36594778
Plac8	-0.6118147
Hpse	-1.8055195
Mrps18c	-1.8259811
Cds1	-1.6865678
Wdfy3	-0.40094802
Arhgap24	0.31466052
Ptpn13	0.5127056
Slc10a6	-0.8659854
Hsd17b13	-0.54543734
Sparcl1	-9.334541
Spp1	1.3581733
Abcg3	0.044056922
Gbp8	-0.4163507
Gbp9	-1.3850775
Gbp4	-0.42059982
Gbp11	-0.35490915
Lrrc8b	-1.4268521
Lrrc8c	-0.43497318
Cdc7	-2.926466
Tgfbr3	-0.34990752
Gm43422	-1.1357793
Gm43423	-1.7171224
Gfi1	-11.86206
Atp5k	-0.5912065
Crlf2	-1.3010811
Gm15484	-1.5426989
Ttc28	-0.40217406
Gm42778	-0.95665705
Gm43677	-12.163004
Grk3	-0.60674345
Cmklr1	-1.30115
Gm3511	-10.231398
Iscu	-1.1537255
Selplg	-0.70160526
Coro1c	-1.1402508
Gm43336	-5.1198335
Kctd10	-2.1951685
Trpv4	-2.9763138
Gltp	-2.0034888
Oasl2	-1.2257894
Oasl1	-2.1209648
Cabp1	-0.75350887
Pop5	-1.264432
Dynll1	-1.5626409
Cox6a1	-0.6762923
Msi1	-1.1330408
Bicdl1	-2.6347322
Cit	-0.7984004
Pebp1	-1.4093591
Gm10399	-10.88894
Vsig10	-1.78403
Ksr2	-0.57918537
Tesc	-10.781836
Tbx3os1	-0.6685077
Sds	0.6401306
Rasal1	-1.1315717
Dtx1	-1.55772
Oas2	-1.5327569
Oas3	-10.400505
Oas1g	-3.3438737
Oas1a	-10.581048
Erp29	-1.1484221
Cux2	0.1714102
Hvcn1	-9.674385
Vps29	-1.1782886
Arpc3	-1.1284018
P2rx7	-1.0604856
Hpd	-0.6465927
Wdr66	-1.0016005
Gm15747	-0.94128704
Mlxip	-0.9905494
Gm42908	-3.2757304
Gm43813	-2.3604424
Kntc1	-3.1190548
Rilpl1	-3.1721985
Ubc	-0.40529454
Ran	-1.1663005
Adgrd1	0.078964956
Chchd2	-0.223625
Asl	-0.26888737
Caln1	-0.24911481
Auts2	-1.4711139
Gm42440	-10.890405
Gm42991	-10.953938
Gm42992	-2.094965
Gm42993	-10.228507
Gm42989	-10.388776
Gm43187	-0.10834698
Ncf1	-2.822271
Clip2	-2.2119508
Limk1	-1.7626916
Eln	-0.319037
Abhd11os	-9.282381
Stx1a	-2.1802268
Mlxipl	-0.57434
Hip1	-0.73421866
Gm42731	-10.160828
Ccl24	-1.1668787
Por	0.377757
Mdh2	-0.9502602
Hspb1	-1.3780013
Upk3b	0.34679407
Rasa4	-1.1717155
Polr2j	-1.3247758
Orai2	-1.3993024
Sh2b2	-1.4879596
Cldn15	-1.148283
Ap1s1	-1.9248242
Serpine1	-11.462679
Ache	-13.022103
Ephb4	-1.4820812
Pcolce	-3.4234583
Sap25	-10.842216
Tsc22d4	-1.097284
Pilra	-1.3222078
Pilrb1	-2.3210404
Pilrb2	-9.123266
Cyp3a13	-0.21796443
Cops6	-1.2517469
Stag3	-1.4153447
Gm10874	-10.3404665
Adap1	-1.3159088
C130050O18Rik	-1.5870259
Micall2	-2.0669227
Snx8	-1.118392
Chst12	-2.9621704
Lfng	-2.184883
Ttyh3	-1.3787156
Amz1	-2.945305
Card11	-0.7091897
Sdk1	0.010528738
Actb	0.025425078
Fscn1	-1.0952526
Cyth3	-0.7559827
Rsph10b	-10.349605
Arpc1b	-1.125573
Atp5j2	-0.72855574
Cyp3a16	-0.57052916
Cyp3a44	-0.50040394
Cyp3a11	0.20504835
Cyp3a25	0.0431863
Usp12	-0.9705353
Gtf3a	-2.8596392
Flt3	-0.32315388
Flt1	-0.2588794
Pomp	-0.8887638
Mtus2	-2.613574
Slc7a1	-0.83910435
Alox5ap	-2.0705678
B3glct	-1.6083649
Fry	-0.349048
Gm20559	-1.7026188
Samd9l	-0.49010384
Hepacam2	-2.0089362
Gng11	-1.2789674
Col1a2	-1.5521652
Sgce	-1.4383218
Ppp1r9a	-0.5863838
Asb4	-10.443461
Pdk4	-0.82876205
Sem1	-1.1796395
Umad1	-1.560175
Gm8428	-2.1692505
Ica1	-0.596225
Nxph1	2.7806315
Ndufa4	-0.35237783
Thsd7a	1.0140266
Tfec	-1.0024029
Gm4876	-0.20222491
Tes	-1.3890857
D830026I12Rik	-1.3359256
Cav2	-1.8449043
Cav1	-0.47155306
Capza2	-0.8894357
Wnt2	-0.9561684
Cftr	0.2094511
Cttnbp2	-0.87784225
Kcnd2	1.3986907
Cped1	-0.52539146
Aass	-0.12672904
Ndufa5	-0.7971619
Tmem229a	-2.5879824
Grm8	1.0497173
Gm3294	-1.2887149
Impdh1	-9.391609
Hilpda	-1.0958672
Ccdc136	-12.061285
Atp6v1f	-1.334618
Irf5	-1.1819234
Strip2	0.4771446
Mest	-2.1038115
Lncpint	-0.631295
Podxl	-1.8756198
Plxna4	0.43909758
Plxna4os1	-1.4249849
Exoc4	-0.12884198
Akr1b3	-1.3896189
Akr1b8	-9.365193
Akr1b10	-1.8626424
Fam180a	-2.1942031
Chrm2	0.736777
Dgki	-0.028912367
Atp6v0a4	-0.41934612
Zc3hav1l	-0.9176025
Fmc1	-1.0471361
Tbxas1	0.3615541
Gm42962	-0.024849761
Rab19	-2.276478
Dennd2a	-1.1818212
Ndufb2	-1.1326572
Mrps33	-1.4642835
Trbc1	-0.4006505
Trbc2	-0.3371215
Tcaf2	-10.166536
Tcaf1	-2.0909681
Pdia4	-0.6660291
Rarres2	-0.5053394
Gimap8	-1.020011
Gimap4	-0.50041056
Gimap6	-1.1683557
Gm28053	-9.51728
Gimap7	-11.001294
Gimap1os	-1.6045043
Gimap1	-0.88893825
Gimap5	-1.6272365
Gimap3	-1.1112969
Tmem176b	-1.2205882
Tmem176a	-1.1232083
Ccdc126	-1.3450484
Osbpl3	-0.7319563
Cycs	-1.4210782
Skap2	-0.51736546
Hotairm1	-1.6490008
Gm27477	-1.6305372
Hoxa2	-11.723007
Hoxaas2	-0.9545394
Hoxa3	-1.0923653
Hoxaas3	-1.3045623
Gm29430	-10.581283
Hoxa4	-0.095983416
Hoxa5	-1.0971007
Jazf1	-0.4190378
Creb5	0.35023203
Nod1	-0.9034093
Inmt	-0.8362275
Aqp1	-0.73583335
Adcyap1r1	-11.230079
Pde1c	-0.37598452
Herc6	-1.0801554
Vopp1	-1.516849
Abcg2	-0.84767836
Fam13a	-0.28343675
Gm44389	-1.6095923
Ccser1	0.39032125
Hpgds	-1.8139893
Tnip3	-0.033183422
Prdm5	-1.1019298
Gm9794	-2.089134
A430010J10Rik	-11.895206
Gm8566	-1.7291282
Il12rb2	-0.9689242
Il23r	-12.826983
Gm30211	-0.12272671
Igkc	0.3222048
Fabp1	-0.06780837
Gm44174	-0.08052375
Cd8a	-1.5309505
Reep1	-0.87664986
Mrpl35	-1.8878753
St3gal5	0.022908876
Vamp5	-3.1522415
Vamp8	-1.1450875
Capg	-10.2650385
Retsat	-1.104601
Tcf7l1	-0.40199664
Gm15402	-9.591599
Gm37736	-2.5672264
Tmsb10	-1.7773182
Ctnna2	0.98518306
Hk2	-1.1259583
Dok1	-1.2049398
Loxl3	-1.7695518
Lbx2	-1.4165897
Bola3	-1.34635
Clec4f	0.18775214
Cd207	-1.5524235
Dysf	-0.71603614
Cyp26b1	-0.26437372
Exoc6b	-0.5652021
Rab11fip5	-10.679756
Cct7	-1.342648
Snrpg	-1.3339338
Pcbp1	-1.2990242
Antxr1	-0.8686296
Bmp10	-1.8573529
Arhgap25	-0.8585631
Efcc1	-11.203273
Rpn1	-1.0449382
Gata2	-2.238391
Mgll	-0.2582752
Mcm2	-10.909928
Uroc1	-0.26451725
Fbln2	-1.7753975
Fgd5	-0.64207894
Gm44095	-10.025101
Prickle2	-1.4532189
Adamts9	-0.0016633933
A730049H05Rik	-10.496711
Gm43923	-3.6451473
Magi1	-0.2741445
Tafa1	0.20176464
Frmd4b	0.03688997
Mitf	-0.5144614
Foxp1	-0.18391746
Gm20696	-1.0819882
Eif4e3	-2.2960975
Pdzrn3	-0.13301688
Grm7	-12.783769
Lmcd1	-1.1329544
Rad18	-1.3494599
Srgap3	-0.028820971
Camk1	-1.7721031
Arpc4	-1.1722158
Ttll3	-1.5250443
Il17re	-2.315006
Fancd2	-8.449868
Mbd4	-1.6128674
Plxnd1	-1.114315
Rassf4	-0.95794237
Cacna1c	-1.0261228
Adipor2	-0.44797203
Fbxl14	-1.3624439
Mug1	0.81200296
Mug2	0.18936063
Gm10319	0.0524792
Gm8430	-2.281215
Slc2a3	-0.6279648
C3ar1	-1.2350435
Clec4a1	-2.1592326
Clec4a3	-1.5832775
Clec4b1	-0.8715254
Clec4a2	-2.0320594
Clec4n	0.17823915
Clec4e	-0.01179495
Cd163	0.3292478
Ptpn6	-1.1241368
Grcc10	-1.0898373
Tpi1	-0.80391604
P3h3	-1.5319434
Cd4	-1.3095676
Ptms	-0.62741166
Gm32536	-1.0842994
Gapdh	-0.79053
Mrpl51	-1.2773588
Cd9	-1.4967291
Vwf	0.56939375
Ntf3	-0.8189241
Ndufa9	-1.6889338
Rad51ap1	-0.7029285
Ccnd2	-0.57791257
Parp11	-0.9571253
Cracr2a	-6.299901
Tspan9	-0.7794276
Tead4	-3.1249948
Tulp3	-1.5612264
Foxm1	-2.6990223
Pzp	-0.48085073
A2ml1	-1.8031389
Clec2h	-1.4037514
Klrb1c	-12.556396
BC035044	-1.368477
Gm15987	-1.1043957
Klrb1f	-1.2426294
Cd69	-1.1783186
Clec12a	-0.7755582
Clec1b	-0.9569708
Clec9a	-0.11324867
Gm43914	-0.62950546
Clec1a	-0.69206804
Clec7a	-0.36845118
Olr1	1.6319414
Klre1	-0.44315732
Klrd1	-0.3182729
Klrk1	-1.0305701
Klrc3	-1.3834641
Klrc2	-0.3275112
Klrc1	-0.8036231
Klri1	-0.008068492
Klri2	0.2838697
Klra17	0.8207033
Klra5	-0.44588143
Klra4	1.2171754
Klra8	1.4049962
Klra7	-0.56101805
Klra2	-0.60006577
Styk1	-0.6917478
Ybx3	-1.9197053
Etv6	-0.055823762
Mansc1	-11.537329
Lockd	-1.8917142
Apold1	-1.518301
Emp1	-9.92627
Grin2b	0.56690615
Gucy2c	-1.6278868
H2aj	-0.92901534
Art4	-11.056499
Mgp	-0.310542
Erp27	-10.539983
Arhgdib	-0.9722049
Rerg	-0.24161671
Ptpro	-0.34382564
Eps8	-0.38307598
Mgst1	-0.3156177
Pik3c2g	-0.0024996572
Pde3a	0.051384185
Gm10400	-2.1377711
Gm43958	-11.526947
Slco1b2	-0.26589066
Slco1a4	-0.35333773
Slco1a1	-0.5093779
Spx	-10.938676
Ldhb	-1.4619775
Kcnj8	-9.460064
Abcc9	-0.25037628
St8sia1	-0.81097186
Sox5	-0.21581793
Lrmp	-1.9206052
Casc1	-10.932882
Sspn	-1.402017
Tmtc1	0.7981965
Gm15779	-0.73184425
Bicd1	0.90681404
Ndufa3	-0.998091
Pirb	-0.49408314
Lair1	-1.6631653
Ttyh1	-12.00292
Lilra5	-1.4023302
Ncr1	-1.0330431
Eps8l1	-2.3128872
Tnnt1	-1.1328691
Tnni3	-1.3585073
Brsk1	-9.646409
Tmem150b	-0.69995475
Tmem238	-2.099944
Zfp580	-1.2615134
Chmp2a	-1.2006385
Lig1	-1.5272297
Pla2g4c	-11.53878
Sult2a5	-0.86016846
Sult2a2	-1.0776384
Sult2a1	-0.3496433
Sult2a6	-1.5888412
Sult2a8	-0.17842484
Sult2a7	-1.4549329
Selenow	-1.1512356
Nop53	-0.98219055
Ehd2	-1.6227705
Meis3	-2.2591605
C5ar2	-10.278559
C5ar1	-9.851062
Tmem160	-1.0321922
Ap2s1	-1.0351856
Prkd2	-1.6733146
Calm3	-2.2382567
Ccdc8	-10.074839
Hif3a	-1.9254098
Mill2	-2.9740455
Nova2	-9.755369
Dmpk	-0.4335347
Snrpd2	-1.200335
Gpr4	-1.4093776
Vasp	-2.051893
Exoc3l2	-1.0431216
Relb	-0.23434874
Apoc4	-0.1179609
Apoc1	0.54530436
Apoe	1.2041954
Bcam	-0.530195
Gm16184	-11.219694
Zfp61	-11.093527
Kcnn4	-4.2676444
Plaur	-0.78932333
Ethe1	-0.9108472
Gm9844	-2.6693835
Cd79a	-0.5484345
Rabac1	-1.023608
Pou2f2	-0.38292527
Tgfb1	-1.7608521
Axl	-1.2720536
Cyp2s1	-9.570733
Cyp2b10	-0.30621642
Cyp2b13	-0.21636434
Cyp2b9	0.10763414
Cyp2a4	-0.40338233
Cyp2a5	-0.16028133
Cyp2a22	-1.1224314
Cyp2a12	-0.4370614
Cyp2f2	-0.29566008
Numbl	-0.531392
Gm15570	-1.0939966
Ltbp4	-1.2782772
Zfp850	-0.8000773
Eid2	-11.231556
Med29	-1.6453313
Gmfg	-1.8124506
Fbxo17	-2.105265
Rinl	-1.5003006
Ech1	-0.9363236
Eif3k	-1.1565535
Map4k1	-2.1268408
Rasgrp4	-0.7004265
Spred3	-0.79521143
Psmd8	-1.2335304
Catsperg1	-9.756731
Kcnk6	-1.7632687
Yif1b	-1.1515286
Ppp1r14a	-0.92168957
Cox7a1	-0.83150035
Capns1	-1.6787355
Tbcb	-1.893935
Polr2i	-1.1517053
Tyrobp	-1.3376042
Hcst	-1.5643796
Nfkbid	-0.7669375
Arhgap33	-1.2487304
Cox6b1	-0.7828878
Cd22	0.017768156
Mag	-10.277335
Hamp2	0.2687959
Hamp	0.12529394
Fxyd5	-1.7831179
Scn1b	-2.8771594
Wtip	-2.6362565
Chst8	-1.2012467
Cebpa	-0.90101236
Nudt19	-1.6056544
Pdcd5	-1.7235886
Dpy19l3	-2.054436
Tshz3	-0.43666163
Gm37452	-1.0092031
Gm38340	-1.4469221
E230020A03Rik	-2.076656
Gm37827	-10.6130905
Ccne1	-11.003134
Siglecg	-0.4383044
Nkg7	-1.0791292
Etfb	-0.5714699
Siglece	-11.058311
Klk1b4	-0.94077045
Emc10	-1.073077
Spib	-1.1069287
Pold1	-2.119191
Napsa	-0.87989223
Atf5	-0.4133731
Cpt1c	-1.8711672
Rcn3	-2.6858609
Fcgrt	-1.0075366
Tead2	-2.1337373
Cd37	-0.395909
Trpm4	-2.5291424
Ftl1	0.19598666
Rasip1	-0.62927383
A030001D20Rik	-10.200529
Mamstr	-11.855402
Emp3	-1.2309437
Ccdc114	-9.97094
Saa3	0.36228848
Saa4	-0.50118166
Saa1	2.3282688
Saa2	2.0439544
Ldha	-0.7488569
Tmem86a	-1.9974675
Gas2	-0.38326317
Gm6290	-1.6736224
Siglech	0.83943105
Gm44509	-0.532437
Nipa1	-2.7013578
Gabrb3	-0.7470413
Atp10a	-0.76089424
Ndn	-11.555703
Gm26827	-0.9404182
Chsy1	-0.5263676
Lrrk1	-1.0767415
Aldh1a3	-10.791363
Mef2a	-0.5793475
Igf1r	0.027047174
Gm29683	-1.2317016
Gm44946	-10.3045435
Nr2f2	-0.69689673
B130024G19Rik	-0.43862537
Gm28258	-10.751447
Gm42397	-1.7552562
Gm39033	-10.913861
Rgma	-10.636234
Fam174b	-2.8571029
Slco3a1	0.36995953
AU020206	-0.4488235
Agbl1	1.4792829
Ntrk3	-0.20348057
Mrpl46	-1.5398327
Mfge8	-1.5860269
Fanci	-1.7527322
Ticrr	-11.176781
Kif7	-12.000697
Zfp710	-0.5397493
Gm21057	-11.806384
Idh2	-1.1165746
Prc1	-9.991977
Fes	-1.7561911
Iqgap1	-0.8788422
Gm44649	-10.947359
Tm6sf1	-1.1504947
Hdgfl3	-0.47435558
Bnc1	-10.330757
Adamtsl3	-1.14472
Tmc3	0.18240489
Il16	-1.299445
Tlnrd1	-1.197655
Mesd	-1.4040344
Ctsc	-0.026632098
Prss23	-1.3958491
Me3	-0.25046274
E230029C05Rik	-0.5369479
Gm44860	-10.483478
Sytl2	-0.44700006
Gm32647	-10.3993
Tenm4	-0.45940414
Gab2	0.13968833
Ndufc2	-0.9507629
Thrsp	-0.23033558
Pak1	-1.3249961
Myo7a	-1.4952275
Capn5	-11.69332
Acer3	-0.7682551
Lrrc32	-2.1660326
Serpinh1	-1.0696431
Gdpd5	-2.203768
Arrb1	-1.2340697
Tpbgl	-1.1486951
Gm10605	-1.9722061
Kcne3	-0.88147295
Pgm2l1	-1.5366683
Ucp2	-2.0083451
Relt	-10.518119
Arhgef17	-2.5011
P2ry6	-2.0431964
Fchsd2	-0.1707862
Stard10	-0.36231032
Pde2a	-11.746369
Art2a	-1.1247052
Art2b	-0.98670447
Folr2	-1.0737901
Anapc15	-1.1588652
Rhog	-1.9493065
Trim30b	-1.935879
Trim30c	-0.8658999
Trim30a	-0.47974953
Trim30d	-0.9749411
Hpx	0.9402304
Taf10	-1.2810378
Dchs1	-2.1135745
Mrpl17	-1.2141323
Gm4070	-1.7065538
Gvin1	-1.764491
Gm18853	-11.887511
Gm4759	0.32806194
Gm8995	0.27936444
Gm1966	-0.29083756
Syt9	-1.5421073
Eif3f	-1.0296607
Ric3	-0.9339821
Denn2b	-0.61069006
Swap70	-0.9461513
Sbf2	-0.46844187
Adm	-0.9939728
Ampd3	-1.282572
Lyve1	-0.9417885
Mrvi1	-1.2994015
Galnt18	-0.20120232
Dkk3	-1.9828569
Btbd10	-1.2952602
Far1	-0.8458861
Far1os	-1.8973091
Spon1	0.42120215
Gm15500	-9.431311
Nucb2	-1.8478575
Xylt1	0.06282337
Itpripl2	-1.4958653
Tmem159	-2.779489
Vwa3a	-10.440657
Cdr2	-2.3081098
Igsf6	-0.9178846
Plk1	-11.250993
Chp2	-11.139267
Prkcb	-0.02099859
Gm45191	-13.1815605
Gm44663	-0.67333215
Gm44745	-1.9959829
Slc5a11	-10.334693
Arhgap17	-0.69389904
Aqp8	-1.1716223
Zkscan2	-10.414934
Il4ra	-1.5964963
Il21r	-0.19556805
Lat	-0.48218518
Cd19	-1.9930625
Tufm	-1.2949578
Cln3	-1.5478833
Apobr	-1.3838125
Il27	-1.677328
Nupr1	-0.9720869
Bola2	-1.5421908
Coro1a	-0.9232803
Mapk3	-1.7445079
Cdipt	-1.9271827
Kif22	-0.558935
AI467606	-11.776482
Spn	-1.4487413
Dctpp1	-2.7812307
Sephs2	-0.51774573
Itgal	-0.8673568
Vkorc1	-0.9155663
Pycard	-1.9264088
Itgam	-1.7658103
Itgax	-0.22894108
Tgfb1i1	-2.1126177
Rgs10	-0.7893395
Gm15503	-10.04063
Gm4265	-0.4483969
Fgfr2	-0.48129904
Nsmce4a	-1.752054
Plekha1	-1.1579441
Htra1	-0.61024934
Chst15	-1.3871094
Gm44891	-11.000601
Oat	-0.25575033
Lhpp	-0.10559375
Ctbp2	-2.5282977
B930086L07Rik	-2.1589053
Adam12	-0.7096515
Dock1	-0.6505033
Ptpre	-0.5723162
Mki67	-0.22764328
Ebf3	-0.771159
Inpp5a	-0.90277267
Gm16201	-0.7063071
Adam8	-0.75808233
Sprn	-11.581264
Cyp2e1	0.028300608
Urah	-0.72812474
Ifitm2	-0.9631263
Ifitm1	-1.3735919
Ifitm3	-0.31556064
Ifitm6	-1.5407443
Hras	-1.2331328
Irf7	-0.84471047
Taldo1	-1.3349828
Slc25a22	-0.45110106
Cracr2b	-1.5928513
Gm10575	-11.588143
Cd151	-2.2330647
Polr2l	-1.2727276
Ifitm10	-0.7208702
Ctsd	-0.65992415
Lsp1	-0.4935864
Tspan32	-1.1227958
Cd81	-0.7630251
Kcnq1	-1.3066365
Gm37364	-11.497243
Cdkn1c	-11.728187
Tnfrsf26	-11.630511
E230032D23Rik	-10.647917
Shank2	-0.054058388
Ano1	-0.40212542
Ccnd1	-0.9380983
Tpcn2	-1.9030415
Trappc5	-1.4060836
Clec4g	-0.74631345
Gm16553	-0.9455578
Cd209b	-16.639149
Cers4	-1.4724389
Shcbp1	-1.4460369
Slc10a2	-0.9413998
Efnb2	-0.97559077
E230020D15Rik	-2.2874517
Gm45074	-11.088417
Gm45073	-1.8180851
Fam155a	-0.52163076
Tnfsf13b	-0.53412473
Col4a1	-0.7355255
Gm44716	-10.483115
Col4a2	-0.77979076
Lamp1	-0.63848794
Gas6	-0.5211727
Rasa3	-0.22150838
Arhgef10	-1.2359943
Kbtbd11	-1.4417379
Csmd1	0.34990248
Angpt2	-2.2279334
Agpat5	-1.2681897
Gm45493	-9.916375
Defb1	-1.3013766
Ckap2	-0.4826786
Ap3m2	-1.9476825
Ank1	-0.3897893
Gm26714	-0.95224965
Tcim	-0.66768134
Tm2d2	-1.9916738
Plekha2	-1.0503659
Tacc1	-0.34615654
Fgfr1	-1.4312217
Adgra2	-2.0035305
Rnf122	-2.5332932
Fut10	-1.0333138
Nrg1	1.7666942
Rbpms	-0.094964586
Leprotl1	-1.9020293
Dusp4	-2.1089337
Ppp1r3b	0.04438258
Gm35021	-10.01533
Prag1	-2.6138933
Dlc1	-0.16602151
Sgcz	1.1072552
Tusc3	-1.2095324
Msr1	0.037563656
Zdhhc2	-1.7714555
Slc7a2	0.9914021
Pdgfrl	-0.7486985
Fgl1	-0.2205478
Asah1	-1.2107975
Sorbs2	-0.040942017
Pdlim3	-6.914438
Slc25a4	-2.0712042
Acsl1	-0.26180688
Cenpu	-2.068851
Enpp6	-0.9080115
Stox2	0.6715377
Gm45537	-10.886828
Wwc2	-0.7129618
Dctd	-9.947913
Tenm3	0.10016672
Neil3	-0.5820135
Vegfc	-0.22903089
Gpm6a	1.6395463
Gm45263	-0.8768173
Hpgd	-0.41395363
Hand2os1	-0.40934247
Hand2	-1.0988853
Gm34030	-10.475831
Galnt7	-0.8138932
Gm45534	-1.0105968
Sh3rf1	-0.15605688
Palld	-0.14771198
Gm18066	-0.75856555
Ddx60	-0.29094884
Spock3	0.9146035
Tll1	0.471562
Cpe	-0.040480595
Marchf1	0.076652475
Psd3	-0.81660354
Csgalnact1	-0.27453214
Lpl	-0.4029975
D130040H23Rik	-3.385259
Gmip	-2.465453
Lpar2	-10.370988
Ndufa13	-0.69955784
Hapln4	-1.2499919
Homer3	-10.769415
Rex1bd	-1.2019236
Uba52	-1.0851054
Isyna1	-1.6308722
Ssbp4	-1.6428126
Lrrc25	-3.071725
Mpv17l2	-0.8101958
Ifi30	-1.6012595
Il12rb1	-11.888881
Map1s	-8.938355
Ushbp1	-1.0837656
Abhd8	-2.2851408
Mrpl34	-1.2517562
Plvap	-0.53795993
Bst2	-0.531932
Pgls	-1.0386398
Unc13a	-10.105074
B3gnt3	-10.995449
Fcho1	-2.962902
Cyp4f18	-1.4381818
Tpm4	-1.6066754
Hsh2d	-2.00496
Cib3	-10.28981
Fam32a	-1.3376452
Klf2	-1.473324
Smim7	-1.2659252
Large1	-0.5911816
Hmox1	-1.0590681
Mcm5	-1.522828
Arhgap10	-0.65100306
Gm45407	-10.624289
Ednra	0.056290023
Zfp827	-1.4868481
Hhip	-0.4352094
Gab1	-0.5226424
Inpp4b	0.9980499
Il15	-0.7815051
Rnf150	-0.013830022
Tbc1d9	-0.061327558
Ndufb7	-0.65384614
Pkn1	-1.5209332
Ptger1	-12.919726
Adgre5	-0.9684653
Adgrl1	-0.7267167
Asf1b	-9.575813
Il27ra	-9.952264
Podnl1	-0.34002358
Gm26532	-3.1482062
D8Ertd738e	-1.1123896
Cacna1a	-1.6749334
Lyl1	-1.417924
Gadd45gip1	-1.075527
Calr	-0.47417092
Prdx2	-1.1965783
Wdr83os	-1.1692878
Mylk3	-11.441006
Zfp423	-0.6694763
Adcy7	-0.96630055
Nkd1	-1.5476359
Gm45496	-11.94071
Snx20	-1.1977085
Nod2	-1.8355685
Tox3	-0.5091413
Mmp2	-10.001686
Lpcat2	-0.2801625
Ces1c	-0.1494133
Ces1d	0.1898605
Gnao1	-1.4217064
Mt2	0.29135612
Mt1	0.6047959
Herpud1	-0.02846239
Cpne2	-1.7285794
Arl2bp	-1.5645108
Dok4	-1.1171634
Ccdc102a	-9.526687
Adgrg5	-1.9057193
Adgrg1	-1.742411
Adgrg3	-1.6980022
Kifc3	-0.13031755
Gins3	-2.4671757
Gm8730	-1.552831
Cdh5	-1.244297
Cklf	-1.8787726
Cmtm3	-2.9643965
Ces2a	-1.0900769
Ces2e	-1.237809
Ces2g	-1.3184167
Ces3a	-0.230548
Ces3b	-0.63069266
Nol3	-10.832139
Exoc3l	-1.3879201
Fhod1	-1.6138521
Slc9a5	-1.1763672
Tppp3	-0.9316508
Zdhhc1	-1.7929319
Gm5914	-0.45986706
Carmil2	-1.687746
Cenpt	-1.4034687
Psmb10	-0.867191
Pla2g15	-1.076878
Slc7a6	-1.676285
Smpd3	-0.2975246
Zfp90	-1.936991
Cdh1	-1.3675349
Sntb2	-0.73523843
Hp	0.7454209
Gm17344	-10.950195
Tat	0.09412062
Mtss2	-2.051702
Il34	-0.64261186
St3gal2	-1.0904292
Znrf1	-0.31637985
Wwox	-0.23222299
Maf	-0.07040392
Gm15655	-1.4338201
Gcsh	-1.1035651
Bco1	-1.0012441
Plcg2	-1.0489305
Cdh13	0.93633
Hsbp1	-1.747361
Osgin1	-0.91990125
Wfdc1	-1.6376524
Cotl1	-1.2783239
Cox4i1	-0.36450216
Irf8	0.22931999
Fendrr	-0.37144265
Foxf1	-0.67646986
Cyba	-0.9943305
Piezo1	-1.0803356
Cdt1	-2.2212179
Cbfa2t3	-0.26023513
Sult5a1	-0.49334416
Ccsap	-10.014022
Agt	-0.56369996
Disc1	-1.8064712
Ntpcr	-2.511804
Pcnx2	-0.65520716
Kcnk1	-9.778843
Slc35f3	-1.7210212
Nrp1	0.06103843
Itgb1	-0.8773301
Gucy1a2	-0.6600451
Gria4	0.00053734134
Casp1	-1.5560466
Casp4	-1.064754
Casp12	-1.544432
Pdgfd	0.32396445
Mmp27	-2.5584736
Cep126	-2.0029314
Ccdc82	-0.8861998
Maml2	0.523528
Gm47087	-2.3207586
Phxr4	-1.6078159
Amotl1	-1.4625727
Panx1	-10.028885
Vstm5	-2.4111154
Deup1	-10.309377
Naalad2	-10.83686
Muc16	0.96935594
Ubl5	-1.0566717
Angptl6	-1.066686
S1pr2	-2.0215802
Icam1	-0.44748688
Pde4a	-1.4135852
Cdkn2d	-1.6815001
Slc44a2	-0.8703758
AB124611	-1.9330834
Timm29	-1.3687482
Spc24	-1.9781569
Dock6	-1.0919573
Angptl8	-0.86539584
Tmem205	-0.4625348
Epor	-9.650544
Ecsit	-1.357243
Acp5	-1.2503835
Anln	-2.1481733
Bmper	-0.97657907
Tbx20	-1.2108737
Jam3	-11.053608
Opcml	0.22130612
Ntm	1.4127893
Adamts15	-2.081386
Fli1	0.20725726
Gm38292	-1.8995578
Gm38346	-10.250991
Gm27201	-1.6854979
Gm37474	-1.6156982
Gm37082	-1.8275399
Ets1	0.13937594
Gm27240	-12.130553
Kirrel3	-2.9408984
Cdon	-0.22187825
Pknox2	-0.09054258
Slc37a2	-1.9937378
Gm10177	-1.6863837
Robo4	-0.9711919
Esam	-2.5859504
Vsig2	-9.148763
Nrgn	-0.948119
Gramd1b	-0.64030653
Gm48114	-1.5487297
Clmp	-2.2880874
Hspa8	-0.7686745
Ubash3b	-0.2790114
Gm48611	-2.6848645
Gm35657	-0.9256032
Mir100hg	-0.5517806
Gm48742	-1.306807
Sorl1	-0.689273
Sc5d	-0.45946264
Grik4	-1.2006994
Gm39323	-0.35977677
Thy1	-1.4735198
Gm10687	-0.9834057
Mcam	-1.7900536
Cbl	-0.7099443
Hyou1	-0.7400921
Cxcr5	-1.6302096
Gm47232	-11.715515
Phldb1	-0.9888092
Gm48702	-10.977933
Ttc36	-0.36804792
Cd3g	-1.6039923
Cd3d	-0.84075516
Cd3e	-0.9564954
Jaml	-0.56216437
Il10ra	-0.9414516
Dscaml1	-1.2419786
Tagln	-2.2836974
Apoa1	0.14956555
Apoc3	0.07222286
Apoa4	-0.7947048
Apoa5	-0.061605845
Gm47544	-1.4040126
Zpr1	-0.56377596
Cadm1	0.3906568
Nxpe4	-1.1119988
Nnmt	-0.45018512
Zbtb16	0.1543438
Ttc12	-9.584014
Ncam1	0.19432198
Sdhd	-1.1216793
Timm8b	-1.2632052
Cryab	-2.996869
Layn	-1.4206984
Pou2af1	0.026646335
Rab39	-1.8526685
Cib2	-0.95250624
Acsbg1	-0.39872858
Dnaja4	-1.472799
Nrg4	-0.12611325
Rcn2	-1.2491101
Pstpip1	-1.9743739
Tspan3	-3.0645928
Peak1	-0.3488523
Peak1os	-1.9087977
Cox5a	-0.61473906
Cyp1a2	-0.55289835
Cyp1a1	-0.41728947
Islr	-10.850998
Loxl1	-0.7689434
Nptn	-0.68716156
Hexa	-1.5247085
Pkm	-1.5098851
Gm49759	-10.433539
Myo9a	0.04527501
Gm20275	-1.8317636
Thsd4	0.84337497
Lrrc49	-1.3486558
Kif23	-0.2793532
Coro2b	-1.9050157
Cln6	-1.3480344
Calml4	-1.3469363
Smad6	-0.94181657
Zwilch	-2.0540867
Clpx	0.050596673
Plekho2	-1.0847298
Pclaf	-1.1937237
Ppib	-1.0424201
Aph1b	-10.368342
Rab8b	-0.40202528
Tln2	-0.72806305
Rora	-0.045496184
Anxa2	-0.91302603
Lipc	0.036317877
Aldh1a2	-0.2379289
Myzap	-1.112546
Mns1	-10.142816
Prtg	-1.1855422
Rab27a	-1.3725317
Rsl24d1	-1.1328801
Fam214a	-0.4718928
Myo5a	-0.8595931
Myo5c	-8.834291
Gnb5	-10.398586
Bmp5	0.06058097
Gm26903	-10.632365
Hmgcll1	-1.0691794
Fam83b	-10.946218
Lrrc1	-0.563072
Gclc	-0.104148865
Elovl5	0.105786294
Gsta4	-1.2435547
Gsta1	-1.5226903
Ddx43	-2.589286
Cgas	-1.4324949
Eef1a1	-0.21454263
Cox7a2	-0.81305695
Filip1	-0.7445299
Phip	-0.4957366
Gm39383	-1.2827175
Lca5	-2.9104125
Ttk	-1.382589
Tent5a	-0.7499629
Pgm3	-0.47669363
Me1	0.116688766
Bcl2a1d	0.042851936
Bcl2a1b	-11.20634
Plscr4	-0.4817795
Plod2	-1.1827595
Slc9a9	0.38134834
Chst2	-2.2050257
Pcolce2	-0.42335802
Trpc1	-0.9849798
Gk5	-2.7195263
Atp1b3	-0.9827729
Rnf7	-1.4075549
Rasa2	-0.81424725
Gm19325	-0.94353163
Slc25a36	-1.0962815
Clstn2	1.0429217
Rbp1	-1.1096401
Dzip1l	-9.618728
Slc35g2	-1.4143164
Ephb1	0.28753296
Anapc13	-0.9750681
Rab6b	-1.2274588
Trf	0.38658848
Topbp1	-1.1473613
Tmem108	-0.07273687
Cpne4	-11.595895
Twf2	-1.2878339
Alas1	0.85412717
Dusp7	-2.908287
Manf	-0.8859057
Hyal2	-0.91474575
Gnai2	-1.0414551
Sema3f	-1.0983601
Traip	-2.1346903
Uba7	-1.8095908
Amt	-1.1309831
Gpx1	0.07085718
Lamb2	-0.89585465
Ndufaf3	-1.6402133
Nckipsd	-1.240811
Uqcrc1	-1.1480963
Pfkfb4	-0.8510847
Shisa5	-0.91223896
Tma7	-0.8349645
Map4	-0.7250766
Nradd	-1.6208056
Pth1r	-0.43800417
Myl3	-13.2038765
Ccrl2	-10.476202
Crtap	-1.293906
Cmtm6	-1.6629776
Cmtm7	-1.1637315
Osbpl10	-1.1610272
Gm9385	-0.47065136
Tgfbr2	-0.98163205
Rbms3	1.0106531
Itga9	-0.1716616
Gm2415	-1.0518845
Ctdspl	-0.3526176
Vill	-10.983312
Plcd1	-10.0078
Acaa1b	0.094727136
Myrip	0.08434593
Ulk4	-1.1280011
Lyzl4	-0.41245386
Gm47097	-10.757373
Vipr1	-0.40773842
Zfp651	-1.5254139
Snrk	-0.8304025
Gm26797	-10.40727
Zfp105	-0.91082215
Kif15	-0.41389492
Ccr9	-0.40432253
Cxcr6	-0.73806715
Xcr1	0.81444335
Ccr2	0.57823604
Ccr5	-1.0173631
Plekhg1	0.19601859
Mthfd1l	-1.2673153
Akap12	-1.0297625
Esr1	0.3010409
Syne1	-0.4758383
Myct1	-1.5447745
Oprm1	-0.80848366
Ipcef1	-0.3366178
Cnksr3	-0.865036
Ulbp1	-1.055685
Ust	-0.124571554
Sash1	-0.4154334
Gm48727	-10.649014
Gm9930	-12.263745
Samd5	-0.656377
Adgb	0.043136045
Rab32	-1.4232901
Stx11	-1.8282909
Sf3b5	-1.4320434
Plagl1	-1.2646055
Phactr2	-0.12304901
Hivep2	-0.0034100956
Adgrg6	0.34174058
Gm7198	-1.8882682
Gm47712	-12.085976
Gm40604	-2.4815226
Gm20125	-1.1369891
Abracl	-1.0682473
Perp	-1.1180791
Tnfaip3	-1.1203624
Gm33104	-12.041286
Ifngr1	-1.170045
Map3k5	-0.07383208
Pde7b	0.41818503
Ahi1	-2.4646811
Myb	0.22126901
Sgk1	-0.6894183
Raet1e	-1.9019798
Gm26740	-0.6697044
Raet1d	-10.913533
Slc2a12	-10.069726
Tcf21	-1.2838771
Eya4	-0.7236203
Gm15270	-0.7867603
Ccn2	-0.34442547
Arg1	-0.3634819
Epb41l2	-0.18213919
Samd3	-1.242296
Arhgap18	-0.7153812
Lama2	-0.25909302
Ptprk	-0.68154734
Themis	0.27947387
Rspo3	1.2010984
Gm20276	-11.430181
Ncoa7	-0.9339049
Hey2	-12.085576
Hddc2	-1.8770288
Nkain2	0.99547434
A230081H15Rik	-12.573737
Sult3a2	-1.966586
Sult3a1	-0.02977384
Rwdd1	-1.1167972
Calhm6	-1.1765488
Dse	-0.8785111
Gm47445	-2.3768556
Marcks	-0.7629157
Lama4	-0.39329022
Fyn	0.08615166
E130307A14Rik	-1.2739311
Gm8899	-9.607931
Slc16a10	0.22054146
Gtf3c6	-1.6344261
Mical1	-3.0131612
Cd164	-0.7281346
Armc2	-2.3932378
Foxo3	-0.09126338
Scml4	-0.6906377
Sobp	-1.22156
Cd24a	-1.688836
Prdm1	-1.0006719
Gm35154	-0.44138587
Lilr4b	-0.48630485
Gm40645	-11.926915
Lilrb4a	-0.7572559
Dcbld1	-0.9123513
Slc35f1	0.71761096
Fam184a	-0.8598686
Gja1	-1.0914009
Pkib	-0.29414293
Fabp7	-2.3517716
Smpdl3a	-1.3050292
Lims1	-0.5321326
Sowahc	-3.1342402
Oit3	-1.2558455
Ddit4	-1.1169953
Spock2	-1.0287548
Chst3	-1.0160173
Psap	-0.09561315
Cdh23	-0.7434257
Vsir	-1.2999977
Gm26947	-1.4119694
Pcbd1	-0.6690258
Adamts14	-0.42570525
Prf1	-9.925913
Macroh2a2	-10.686338
Col13a1	-0.22739972
Tspan15	-1.376022
Hk1	-2.6822743
Srgn	-0.91264814
Tet1	-9.973591
Ctnna3	0.25956982
Lrrtm3	0.6090832
Arid5b	-0.5518296
Tmem26	-4.3789473
Rhobtb1	-0.3867083
Cdk1	-11.670678
Ank3	1.1262602
Slc16a9	-0.37972373
Fam13c	-0.7236225
Bicc1	1.1304116
Pcdh15	0.029586636
Adora2a	-1.1479486
Gm5779	-2.5276306
Ggt5	-1.6707181
Gm19688	0.2811728
Susd2	-9.10943
Ddt	-0.5678652
Mif	-0.94033766
Derl3	-1.0603576
Chchd10	-0.52367055
Prmt2	-1.9233936
Dip2a	-1.9068699
Ftcd	-0.21524145
Col6a2	-1.8597975
Col6a1	-1.0986304
Adarb1	-1.1219893
Itgb2	-1.680723
Sumo3	-1.3027338
Trpm2	-0.6364452
Icosl	-0.9728728
Cstb	-1.6472095
Syde1	-2.2941935
Tpgs1	-1.3714159
Cdc34	-1.1348219
Bsg	-0.7992846
Palm	-1.3943536
Plppr3	-11.592089
Prtn3	-8.766818
Arid3a	-1.9242924
Cnn2	-1.5869684
Abca7	-2.137373
Arhgap45	-0.20924714
Gpx4	-1.3596692
Atp5d	-1.0046165
Ndufs7	-0.65636396
Gamt	-1.0094683
Reep6	-1.0348123
Adamtsl5	-10.213967
Mbd3	-1.8241878
Uqcr11	-0.45603618
Abhd17a	-1.1399754
Gm49322	-9.179892
Mob3a	-1.5204308
Oaz1	-0.7408516
Timm13	-0.94526243
Thop1	-1.1357722
Eef2	-0.376642
Matk	-1.2422453
Mrpl54	-1.6323793
Tbxa2r	-10.71856
Gipc3	-11.715159
Mfsd12	-1.912692
Dohh	-1.603557
Smim24	-10.056634
S1pr4	-1.0801467
Gna15	-2.3279328
Tle5	-0.5709792
Chst11	-0.3522953
Slc41a2	-0.8965733
Nuak1	-0.10836929
Ckap4	-1.0158176
Btbd11	0.35926813
Timp3	-0.35063273
Hsp90b1	-0.08417279
Gm16268	-1.6464739
Stab2	0.80232215
Gm16270	-13.201687
Gm16271	-0.7331709
Pah	-0.3731599
Igf1	-0.15410078
Parpbp	-10.328619
Dram1	-0.85670316
Chpt1	-0.4631285
Spic	-1.110462
Ano4	-0.5117065
Nr1h4	-0.946374
Slc17a8	-0.73586494
Anks1b	-0.26870188
Apaf1	-1.3260794
Ikbip	-1.811764
Elk3	-0.42936382
Gm32688	-0.50531536
Gm17745	-13.026559
Hal	0.35456434
Amdhd1	-0.4696846
Snrpf	-1.673109
Ntn4	0.20161234
Tmcc3	0.52626204
Cep83	-1.3313985
Gm48689	-13.593303
Plxnc1	0.17333132
Gm48718	-2.2325413
Mrpl42	-1.0456015
Dcn	-0.044088773
Lum	-1.8088098
Atp2b1	-0.39278325
Gm34574	-0.9524153
Gm34921	-1.9466187
Gm20110	-1.6340047
Kitl	-0.5467555
Gm35533	-0.9600732
Rassf9	-0.47146642
Tmtc2	0.2928166
Ppfia2	-0.46613854
Lin7a	-0.22808753
Ptprq	-8.363299
Syt1	-0.75187695
E2f7	-1.0086946
Glipr1	-2.06606
Trhde	-1.127073
Lgr5	-0.2577921
Tspan8	-0.2193827
Ptprr	-11.673365
Ptprb	0.73166835
Gm47625	-1.2938493
Lyz2	0.24516568
Rap1b	-0.9244686
Ifngas1	-11.579522
Grip1	2.2202423
Gm47024	-1.4301075
Irak3	-1.9737194
Hmga2	-0.28630388
Msrb3	-0.33846304
Gm15910	-10.57075
Srgap1	-0.34012944
Gm48804	-10.595422
Gm36041	0.10017212
Ppm1h	0.18233867
Tafa2	-0.23163141
Slc26a10	-0.47915122
Arhgef25	-1.5187974
Dtx3	-1.4432245
F420014N23Rik	-1.2137319
Arhgap9	-1.2746475
Gpr182	-1.2938359
Hsd17b6	-0.39916965
Naca	-0.7486357
Atp5b	-0.54388267
Rbms2	-1.2518969
Gls2	-0.7418214
Timeless	-1.5202054
Apon	-1.4810752
Apof	-0.35895765
Cnpy2	-1.1350975
Myl6	-0.7312565
Suox	-1.7200019
Gdf11	-0.58728766
Bloc1s1	-1.7410963
Tespa1	-0.553362
Pik3ip1	-1.6194578
Selenom	-1.1244982
Smtn	-1.6801313
Tcn2	-1.0665071
Castor1	-2.2418096
Hormad2	-1.2360305
Uqcr10	-0.89401346
Ap1b1	-1.3552854
Emid1	-10.583918
Aebp1	-0.81178176
Gck	-0.5503524
Ppia	-0.5403174
Myo1g	-0.97144747
Igfbp1	-0.06256721
Igfbp3	-1.1180025
Tns3	-0.50840193
Upp1	-0.9859399
Zpbp	-1.4365454
Spata48	-10.594623
Ikzf1	0.57855874
Fignl1	-2.0527353
Ddc	-0.3780334
Grb10	-0.6172119
Egfr	0.9112179
Eldr	-10.730583
Plek	-0.24516085
Cnrip1	-2.2045877
Meis1	-0.66400087
Actr2	-0.83548874
Ugp2	-0.36967152
Mdh1	-0.58198506
Commd1	-1.0762504
Bcl11a	1.2743403
Vrk2	-0.7275095
Efemp1	0.7971176
Ccdc88a	-0.52389956
Rtn4	-0.41527742
Eml6	-0.878304
Sptbn1	-0.17406543
Gm29237	-1.8476808
Acyp2	-1.4153719
Nsg2	-11.304892
Snrnp25	-0.89291996
Sh3pxd2b	-2.4791455
Stk10	-0.86159563
Npm1	-0.92212456
Lcp2	-0.23037514
Dock2	0.7071501
Insyn2b	-3.0346687
Spdl1	-0.9012821
Slit3	-0.14862727
Tenm2	-0.68590206
Hmmr	-1.2997991
C1qtnf2	-12.741996
Ccnjl	-1.3186976
Gm12153	-10.348319
Ebf1	1.6828406
Adam19	-0.07001928
Cyfip2	-0.9155812
Fndc9	-1.3431065
Itk	-0.02342916
Havcr2	0.02882018
Gm12174	-2.0374875
Timd4	-0.2871749
Sgcd	0.7525171
Rack1	-0.617774
Gm5431	-1.5255802
Psme2b	-1.6721014
Tgtp2	-9.481754
Ifi47	-1.3784122
Olfr1396	-11.12814
Btnl9	-0.84837854
Flt4	-0.73819596
Scgb3a1	-12.6903925
Gfpt2	-2.014245
Ltc4s	-9.83168
Adamts2	-0.84083897
Zfp354c	-10.40148
Col23a1	-0.91111696
Hnrnpab	-1.0651233
Nhp2	-0.86477643
Cdkl3	-1.7811413
Tcf7	-0.71345705
Fstl4	-0.25596952
Leap2	-0.66051924
Uqcrq	-0.16930711
Septin8	-1.6192211
Il4	-1.5545168
Pdlim4	-1.4269491
Cdc42se2	-1.032925
Hint1	-0.6931451
Gpx3	-1.8010584
Tnip1	-1.5332665
Gm2a	-1.3034587
Sparc	-1.0974675
Atox1	-0.78113645
Galnt10	-0.8806691
Igtp	-1.0911769
Gm12254	-0.72795737
Rnf187	-1.0544157
Obscn	0.7614781
Gjc2	-0.9569373
Nlrp3	-1.5271665
Rasd1	-9.045927
Gm12622	-1.9779316
Tnfrsf13b	-1.6914304
Mapk7	-3.3494544
Epn2	-0.6757369
Grap	-1.9934852
Specc1	-1.0591649
Ubb	-1.528803
Trpv2	-3.1015134
Zfp287	-1.6649212
Pmp22	-1.2670933
Hs3st3b1	-0.723857
Hs3st3a1	-0.6875332
Arhgap44	-0.8065848
Gas7	-0.4235531
Ntn1	-0.6388712
Pik3r5	-0.798246
Pik3r6	-1.2977664
Arhgef15	-0.9853838
Rangrf	-10.083269
Aurkb	-1.7937444
Hes7	-1.4293724
Naa38	-1.1375712
Tmem88	-1.9132177
Dnah2	-9.798173
Cd68	-0.9414403
Tnfsf12	-2.0782657
Zbtb4	-1.5130538
Nlgn2	-9.2638645
Tmem256	-0.96924186
Acap1	-1.7394054
Eif5a	-0.94424915
Cldn7	-1.0127867
Gabarap	-0.7921471
Acadvl	-0.9892359
Dlg4	-1.9766465
Asgr1	-0.71615577
Clec10a	-1.3811755
Bcl6b	-1.3068573
Alox12	-10.488324
Arrb2	-1.1176957
Med11	-10.534458
Cxcl16	-2.329876
Zmynd15	-1.9119937
Vmo1	-10.02617
Gltpd2	-1.1193964
Psmb6	-1.2534561
Pfn1	-0.9904752
Scimp	-2.1498458
C1qbp	-0.95650864
Nlrp1a	-1.5298897
Nlrp1b	-2.1216347
Pimreg	-0.46927595
Txndc17	-1.2784975
Smtnl2	-0.43518633
Atp2a3	-1.332879
Camkk1	-10.644565
Itgae	-0.129779
Haspin	-2.0213578
Emc6	-1.2984241
Tax1bp3	-2.8657846
Trpv3	-12.235216
Gm12328	-1.0801144
Rap1gap2	-0.89055395
Hic1	-1.6982201
Rpa1	-1.0422543
Serpinf1	-0.9404108
Tlcd2	-0.91862696
Gm45606	-9.985996
Slc43a2	-0.49998027
Pitpna	-0.82308316
Gm12338	-10.529041
Myo1c	-1.1782569
Rflnb	-9.902913
Nxn	-0.70464975
Abr	-0.42637548
Trarg1	-11.601138
Ssh2	-0.49693707
Spag5	-9.909879
Aldoc	-0.8981834
Unc119	-2.5664747
Slc46a1	-1.3453115
Vtn	-0.19146825
Tnfaip1	-1.0862955
Tmem97	-1.2845715
Nos2	0.64554703
Ksr1	-0.59588265
Evi2	-10.575497
Evi2a	-1.2036413
Crlf3	-0.713304
Rhbdl3	-10.355864
Tmem98	-0.65563786
Gm17268	-0.11431481
Ccl2	-1.4216372
Ccl7	-0.38696498
Tmem132e	-1.4021246
Unc45b	-1.3232538
Slfn5	-0.67540395
Slfn8	-1.516245
Slfn2	-2.4792802
Slfn1	-1.1624407
Slfn4	-0.69578856
AI662270	-0.53873813
Gm11427	-11.129361
Mmp28	-1.1234127
Ccl5	-0.09003982
Ccl9	-1.9265785
Ccl6	-2.7078547
Ccl4	0.46076006
Wfdc17	-0.72839266
Wfdc18	-11.2302685
Wfdc21	-0.35613817
Acaca	0.12121485
Tbx2	-1.2826289
Gm11478	-0.9677189
Ypel2	-0.62622416
Gdpd1	-2.6402228
Ska2	-2.6944609
Ppm1e	-0.054292567
Rad51c	-9.14676
Tex14	-2.325517
Septin4	-1.1215194
Rnf43	-0.532272
Mir142hg	-0.48993474
Tspoap1	-1.2086084
Dynll2	-0.9444745
Cuedc1	-1.9017707
Dgke	-2.2038748
Tmem100	-1.7346023
Car10	-0.46052244
Nme2	-0.851372
Nme1	-1.0379089
Col1a1	-0.863338
Ppp1r9b	-1.6173515
Ngfr	-2.3153856
Zfp652os	-10.335761
Abi3	-1.199256
Gngt2	-1.2945609
Atp5g1	-0.9313682
Hoxb5os	-11.366834
Hoxb6	-1.5257064
Hoxb5	-1.0869012
Hoxb4	-2.0754323
Hoxb3	-1.2607266
Gm11536	-1.8596036
Hoxb3os	-3.708462
Hoxb2	-8.793343
Skap1	1.4596986
Tbx21	-1.9304669
Tbkbp1	-1.4480201
Arhgap23	-1.4038037
Epop	-1.1639103
Psmb3	-1.862127
B230217C12Rik	-1.4281566
Plxdc1	-1.6532552
Arl5c	-0.50989354
Cacnb1	-9.758268
Erbb2	-10.821913
Mien1	-1.3469312
Ikzf3	0.07752338
Cdc6	-1.413478
Top2a	0.47832963
Tns4	-2.002189
Ccr7	-0.26337963
Krt19	-0.133174
Eif1	-0.6819163
Hap1	-1.3932564
Gm10039	-10.564414
Fkbp10	-10.860628
Nt5c3b	-1.6225672
Acly	-0.7178054
Cnp	-1.4813865
Kcnh4	-10.411339
Cavin1	-1.8667964
Naglu	-1.7469969
Ramp2	-1.0102787
Vps25	-2.1068594
Coa3	-1.3494294
G6pc	0.1383914
Vat1	-3.1878815
Rnd2	-1.424585
Brca1	-2.2961876
Dusp3	-1.066915
Cd300lg	-2.7419846
Mpp2	-11.615137
Slc25a39	-0.8196049
Grn	-0.70326877
Fam171a2	-2.6148458
Gjc1	-12.526115
Fmnl1	-2.5532475
Map3k14	-1.2308545
Arhgap27	-3.4020126
Arhgap27os2	-10.966003
Wnt9b	-0.14457631
Arf2	-1.2344601
Mapt	-1.0366124
Itgb3	-0.55728567
Mrc2	-1.0566361
Tanc2	-0.92306876
Ace	-2.4442859
Limd2	-1.1174482
Cd79b	-1.1732717
Icam2	-1.748689
Pecam1	-0.60903007
Milr1	-2.4479668
Gm11707	-10.994601
Pitpnc1	-0.051066346
Prkca	0.02702567
Apoh	-0.16176978
Cep112	-1.0084571
Rgs9	-10.033227
Abca9	-1.10834
Kcnj16	0.5940842
Kcnj2	-1.2577275
Sox9	-0.94408244
Sdk2	-12.888845
Cd300a	-0.98059076
Cd300lb	-10.446424
Cd300c	0.06748019
Cd300ld	-0.6428063
Cd300c2	-1.7734795
Cd300e	-10.558769
Cd300lf	-1.6622248
Hid1	-2.5265906
Cdr2l	-1.5075761
Mrpl58	-1.2805645
Atp5h	-0.7189971
Jpt1	-1.3816094
Smim5	-1.9875349
Galk1	-1.0722936
Unc13d	-2.1909068
Mrpl38	-0.7011804
Fbf1	-0.26558238
Acox1	-0.18429026
Rnf157	-2.1647673
Cygb	-1.9621665
St6galnac2	-1.9469978
Mxra7	-0.744953
Mettl23	-0.9556118
Sec14l1	-1.6533842
Tmc8	-2.2080047
Syngr2	-1.4531313
Timp2	-0.52073467
Lgals3bp	-1.345231
C1qtnf1	-1.3952453
Engase	-1.0714864
Rbfox3	-10.770074
Sgsh	-1.9020209
Rnf213	0.20642453
Chmp6	-2.7166712
Aatk	-0.8611731
Ndufaf8	-1.0128988
Actg1	-0.79934895
Mrpl12	-1.391908
P4hb	-0.5451767
Arhgdia	-1.622139
Alyref	-2.2739255
Npb	-1.1201274
Pcyt2	-0.36549288
Dcxr	-1.4588621
Fasn	-0.15817569
Slc16a3	-2.0728912
Cd7	-10.251737
Sectm1a	-11.22805
Metrnl	-2.1311133
Gm26520	-9.926255
Kif3c	-8.536392
Gm48512	-12.696055
Efr3b	-2.0766308
Dnajc27	-2.144255
Adcy3	-2.058422
Klhl29	-0.08221024
Apob	-0.3506798
Rhob	-1.4782562
Sdc1	-1.0999485
Laptm4a	-0.9031299
Kcns3	-10.113421
Fam49a	-0.15723296
Lratd1	-9.6239195
Gm4804	-0.9527578
Trib2	-0.85954237
Lpin1	0.013040695
Pqlc3	-1.8234248
Pdia6	-0.73060405
Odc1	-1.1186807
Hpcal1	-0.7248333
Gm19196	-11.04195
Rrm2	-1.4274741
Mboat2	-1.1549443
Id2	-0.6494147
Gm36723	1.3541558
Rnf144a	-1.0491807
Rsad2	-0.054732725
Cmpk2	-0.57794935
Colec11	-1.4199369
Gm31508	0.051061958
Pxdn	-1.1129416
Lamb1	-1.3073833
Prkar2b	-0.47558516
Pik3cg	-1.9637043
Nampt	-0.4987823
F730043M19Rik	-1.6035628
Twist1	-1.5423456
Hdac9	1.3881644
Tspan13	-0.99405295
Gm7252	-3.006564
Agmo	-0.47638392
Dgkb	-12.492158
Etv1	-0.7833304
Dock4	-0.60390717
Immp2l	0.8756215
Nova1	-0.9492911
Prkd1	0.15150744
Akap6	0.030594718
Npas3	1.0203507
Fam177a2	-11.020638
Slc25a21	-0.17870942
Clec14a	-0.9709555
Mis18bp1	-0.67290753
Pole2	-10.007842
Klhdc1	-2.3599079
Cdkl1	-10.617443
Nin	-1.3316756
Pygl	-0.36999258
Rtn1	-0.3062057
Lrrc9	-1.2303634
Dhrs7	-1.3903203
Slc38a6	-1.232514
Prkch	0.101971164
Rhoj	-0.30750802
Sgpp1	-0.9778295
Gphn	-0.32508436
Tmem229b	-3.2545877
Plekhh1	-9.5816
Rdh11	-1.2129825
Rad51b	0.32251158
Gm36660	-1.9365861
Zfp36l1	-0.32583758
Actn1	-1.3902403
Smoc1	0.037249602
Slc8a3	-11.031939
Map3k9	-1.6817031
Rgs6	0.8063369
Papln	-1.4701954
Gm5436	-10.0251465
Npc2	-0.9083929
Fos	-2.2279646
Jdp2	-1.0541552
Batf	-1.0767949
Tgfb3	-1.469944
Esrrb	-1.2780255
Vash1	-1.6008443
Sptlc2	-1.1535174
Slirp	-1.5924917
Nrxn3	0.9230521
Cep128	-0.681292
Flrt2	0.77926004
Gm6863	-0.7958099
Gpr65	-1.4773331
Foxn3	0.14231461
Efcab11	-0.6729132
Kcnk13	-1.1900907
Calm1	-0.7587196
Ccdc88c	-0.79254466
Gm36756	-0.94154
Gm18795	-1.4002823
Fbln5	-0.5328499
Lgmn	-0.8359325
Asb2	-0.7551699
Gm15523	0.21863228
Ifi27l2a	-0.9062374
Serpina6	-0.8713733
Serpina1b	-0.18897602
Serpina1d	0.062545
Serpina1a	-0.1042302
Serpina1c	-0.17267852
Serpina1e	-0.29053798
Serpina11	-1.1765004
Serpina12	-1.5590008
Serpina3f	-2.859136
Serpina3g	-0.9559789
Serpina3h	-0.8514168
Serpina3i	-11.597394
Serpina3k	-0.05384636
Serpina3n	-0.75009924
Glrx5	-1.0939996
D430019H16Rik	-1.8162715
Bcl11b	0.5480684
Eml1	-0.74333763
Evl	-0.4620592
Degs2	-2.3378193
Slc25a47	-0.17509358
Wars	-1.1823676
Meg3	1.5145246
Rian	0.5079784
Gm37899	-0.73218596
B830012L14Rik	0.28337905
Mirg	-0.21027476
Hsp90aa1	-0.79813737
Exoc3l4	-1.5109379
Tnfaip2	-0.63189685
Ckb	-1.9182901
Atp5mpl	-0.63135135
Kif26a	-2.1145942
Siva1	-1.6889622
Pld4	-0.7989417
Ahnak2	-0.57394075
Gpr132	-0.9497573
Crip2	-0.9420851
Crip1	0.24249098
Igha	-0.41973004
Ighd	-0.44063067
Ighm	0.19026579
Ncapg2	-1.0843333
Rapgef5	0.18746893
Cdca7l	-1.9239289
Itgb8	-0.23074496
Macc1	-1.0347673
Gm9616	-9.416055
Akr1c6	-0.14749879
Klf6	-0.96735835
Pfkp	-0.16355743
Idi1	-0.6594708
Gm36264	-0.13959637
Chrm3	0.33907294
Edaradd	-9.954822
Ero1lb	-0.49411693
Gm7042	-11.175848
Gpr137b	-10.241529
Nid1	-1.9224387
Gli3	-0.7246479
Sugct	-0.09897959
Amph	-0.9498185
Trgc1	-1.7484795
Trgc2	-2.6224544
Trgv2	-1.2243764
Trgc4	-1.1205041
Epdr1	-2.3311825
Gpr141	1.0391529
Elmo1	0.28762257
Gm47664	-0.4409526
Aoah	0.043730203
Gm47727	-10.225745
C230035I16Rik	-2.314643
H2ac8	-12.4306755
H2bc4	-0.6346152
H4c3	-2.308829
Hfe	-1.3400435
H1f2	-1.4923233
Carmil1	-0.23434424
Ripor2	0.47359836
BC005537	-0.485348
Dcdc2a	-0.013387728
Sox4	-0.9216328
Mboat1	-1.0308611
Agtr1a	-0.032282308
Uqcrfs1	-0.8929954
Irf4	-0.9670489
Gmds	-0.4369258
Serpinb1a	-1.3364236
Serpinb6b	-2.1885407
Serpinb9b	-10.4274645
Tubb2a	-1.1928136
Eci3	-8.754329
Eci2	-0.10283319
Nrn1	-0.7166993
F13a1	0.1964439
Ly86	0.248683
Gm47754	-9.943609
Bmp6	0.30615827
Gcnt2	-0.30787763
A730081D07Rik	-3.4336462
Tmem14c	-1.0152389
Nedd9	0.07946361
Gm32401	-2.6263947
Edn1	0.30081108
Phactr1	-0.95623016
Cd83	-0.07903612
Mylip	-0.20971687
Gmpr	-1.6781778
Atxn1	-0.6651596
Cap2	-11.325607
Id4	-1.0370009
Wnk2	-0.8871056
Ninj1	-1.1715537
Fgd3	-1.8346071
Cenpp	0.028631577
Ecm2	-1.316945
Ogn	-0.63965195
Fbxw17	-1.4997904
S1pr3	-0.9814613
Sema4d	-0.975101
Gadd45g	-0.436115
Syk	-0.33845803
Hrh2	-4.061686
Cplx2	-10.873192
Higd2a	-1.4800303
Tspan17	-0.8571655
Unc5a	-1.9189055
Hk3	-0.3581246
Rgs14	-2.0853934
Grk6	-0.97906625
Prr7	-2.106915
Dbn1	-1.8923922
Dok3	-0.93906456
Tifab	-1.3506455
Cxcl14	-10.915628
Lect2	-1.0449747
Tgfbi	-0.46819147
Kif27	-0.13786834
Ntrk2	-0.09589535
Golm1	-2.0301723
Dapk1	0.08176546
Ctla2b	-1.7353945
Ctla2a	-1.5661042
Gm7240	-1.6516807
Zfp934	-10.732302
Platr25	-2.0997021
Gm48735	-10.926842
Fbp1	-0.2523553
Ctsl	-0.683111
Uqcrb	-0.7630573
Adcy2	-0.8067879
Adamts16	-9.643753
Ndufs6	-0.7137505
Lpcat1	-1.2184567
Nkd2	-10.350196
Ahrr	-1.0382199
Gm4149	-2.1462154
Mctp1	0.96224946
Slf1	-0.92667943
Nr2f1	-1.4513324
A830082K12Rik	-0.60319316
Gm32067	-11.714762
Arrdc3	-0.2918015
Gm48156	-0.4628381
Mef2c	0.27844524
Cox7c	-0.49015382
Edil3	-0.09518549
Vcan	-0.285783
Ssbp2	-0.7199823
Rasgrf2	-1.671022
Bhmt	-0.0081801815
Lhfpl2	-0.77665025
Pde8b	-0.75503194
F2r	-1.4038203
Sv2c	-0.40235788
Hmgcr	-0.4044336
Nsa2	-1.0517812
Gm5086	-0.82771057
Arhgef28	-1.5210743
Btf3	-0.9245734
Fcho2	-0.6692045
A930014D07Rik	-0.74848896
Zfp366	0.06610665
Map1b	-0.62270314
Serf1	-0.81600434
Naip5	-1.8801119
Naip6	-1.3457187
Naip1	-0.7559269
Mrps36	-1.1953576
Cenph	-1.8233993
Ccnb1	-11.326895
Cd180	-0.07378125
Adamts6	-0.816958
Rgs7bp	-0.8339628
Rnf180	-0.7356776
AI197445	-1.7514955
Zswim6	-0.09453371
Elovl7	-1.2160894
Depdc1b	-11.455359
Pde4d	-0.022683224
Plk2	-2.133622
Ankrd55	-1.9717
Il6st	-0.4277937
Plpp1	0.36667696
Gpx8	-10.473664
Gzma	0.5930144
Arl15	-0.30450633
Fst	-1.2182199
Itga2	-0.75664634
Itga1	-0.48418805
Parp8	-0.06473664
Emb	-0.4661488
Hmgcs1	-0.31560743
Gm21188	-0.95244455
BC147527	-1.4181191
Dnase1l3	-0.8329192
Fhit	0.0680513
Il3ra	-8.129258
Nek10	-12.345857
Rarb	-0.47598508
Ube2e2	0.12877394
Rtraf	-1.0122861
Gng2	-0.5482508
Kcnk5	-0.40357313
Gm30054	-0.6951776
Dnajc9	-2.1318994
Mrps16	-1.1632521
Usp54	-1.2012173
Chchd1	-1.2674187
Plau	-10.577096
Ap3m1	-0.24021226
Adk	1.2108772
Zfp503	-1.2359843
C130012C08Rik	-0.95495903
Lrmda	1.0798976
Gm7480	-1.6363977
Gm47601	-1.2957402
Kcnma1	0.9857438
Pde12	-1.1024876
Il17rd	-1.9972996
Erc2	-0.23274854
Selenok	-0.9802141
Tkt	-1.1450474
Prkcd	-0.6007694
Itih4	-0.050708134
Itih3	-0.6418721
Spcs1	-1.4095795
Nt5dc2	-1.6964452
Stab1	-0.3094334
Galnt15	-1.5296084
Tmem273	-0.93354136
Vstm4	-1.8422685
Wdfy4	1.2450906
Arhgap22	0.014700984
Gdf10	-2.354966
Gdf2	-1.4551264
Fam25c	-1.2725618
Mmrn2	-1.7048044
Grid1	-1.183406
Ghitm	-1.118541
Sh2d4b	-1.6281471
Prxl2a	-1.0169973
Mat1a	-0.002867463
Gm49101	-2.3968704
Ear2	-1.374539
Gm49364	-11.9443445
Ptger2	-1.4086484
Ddhd1	-0.5372846
A530076I17Rik	-1.3044394
Bmp4	-0.82348186
Cdkn3	-0.79680365
Cnih1	-0.9830808
Samd4	-0.2480651
Wdhd1	-1.2672237
Lgals3	-1.2061969
Dlgap5	-2.3624744
ccdc198	-10.633362
Tlr11	-0.8218429
Pnp	-1.2267914
Rnase4	-0.3104962
Ang	-0.54118454
Rnase6	-0.7262535
Trac	-9.59118
Dad1	-1.0072802
Slc7a7	-1.9552321
Mrpl52	-0.9405455
Mmp14	-1.2652301
Psmb5	-1.4172294
Slc7a8	-0.59353256
Slc22a17	-2.3774562
Pck2	-1.2189138
Fitm1	-1.6833922
Psme2	-1.4998082
Nedd8	-1.3602663
Adcy4	-1.0034881
Ripk3	-9.594334
Nfatc4	-1.5344126
Nynrin	-3.166941
Gzmb	0.3628067
Rnf17	-0.78638124
Cryl1	-0.7035685
Mrpl57	-1.2113836
Phf11a	-2.5795548
Phf11b	-2.5422564
Phf11c	-0.22232682
Setdb2	-0.031941477
Cab39l	-0.46703422
Atp8a2	-0.21448292
Gm29266	0.054207817
Ebpl	-0.84607744
Gm4131	-11.457304
Fam124a	-0.9076776
Ctsb	-0.46346906
Gata4	-0.22159365
Blk	-0.839358
Fam167a	-9.776976
Gm15918	-1.1840659
Xkr6	-1.0267211
Sox7	-1.373343
Fzd3	-11.037812
Scara5	-0.958893
Esco2	-0.27469835
Scara3	-10.519222
Clu	-0.107683435
Gulo	-0.6820113
Trim35	-1.9175178
Dpysl2	-1.2328004
Cdca2	0.041751776
Adamdec1	-2.0092676
Loxl2	-0.4898484
Gm33524	-0.72604954
Pdlim2	-1.7705282
Ppp3cc	-1.2345519
Nudt18	-1.8774992
Dok2	-1.9810661
Gfra2	-0.26450306
Cysltr2	-0.9893771
Rb1	-0.8812831
Itm2b	-0.46014696
Lrch1	-0.35840777
Rubcnl	-1.3990798
Tpt1	-0.19171275
Tsc22d1	-1.3852718
Serp2	-10.95525
Epsti1	0.2576176
Dgkh	-0.882619
Vwa8	-0.46031046
Rgcc	-1.4152837
Elf1	-0.5340798
Pcdh17	0.18972048
Diaph3	-1.5801783e-05
Pcdh9	0.7728502
C230086J09Rik	-0.46846092
Dach1	0.059265666
Klf5	-1.9095061
Klf12	-0.39059788
Tbc1d4	-0.59885144
Kctd12	-1.2627342
Acod1	-0.014204598
Slain1	-1.8052417
Ednrb	-0.049504347
D130079A08Rik	-12.435188
Gm10076	-1.2993486
Spry2	-1.3080169
Gpc5	-11.907874
Gpc6	1.0270563
Dct	-1.4404235
Abcc4	-0.9658037
Dzip1	-0.62287563
Hs6st3	0.11981218
Mbnl2	-0.25601232
Gpr183	-1.4685582
Itgbl1	-0.5525502
Selenop	-0.628702
Ccdc152	-0.6182953
Ghr	0.77080446
Oxct1	-1.7608256
Plcxd3	0.37301147
C6	-0.20184113
C7	-10.050798
Gm10250	-9.779766
Ptger4	-0.64951885
Dab2	0.13385403
C9	-0.67883414
Fyb	0.71679866
Gm2245	-10.399118
Osmr	-1.0810707
Lifr	-0.07380155
Egflam	-1.0297738
Slc1a3	-1.6627201
Il7r	1.0098276
Spef2	-1.3791603
Prlr	-0.027937101
Adamts12	-1.0222349
Npr3	-0.25551265
Pdzd2	-0.483269
Cdh6	-0.10420961
Cdh18	0.25565785
Gm35769	-1.8419961
Basp1	0.18998776
Gm48956	-11.034607
Myo10	-0.47964898
Gm48996	-1.6616267
Fbxl7	0.805322
Gm49267	-11.419341
Gm49265	-1.2014283
Gm6330	-1.2317022
Gm49266	-1.3307265
Otulinl	-0.3227281
Gm31458	-10.571635
Dnah5	-10.737399
Ctnnd2	0.50965935
Snhg18	-1.3944103
Sema5a	0.34950802
Gm32618	-1.5526379
Matn2	-1.8768598
Rida	-0.39485785
Nipal2	-0.78486323
Stk3	-0.719368
Cox6c	-0.49129197
Polr2k	-1.3968031
Zfp706	-1.3519566
Grhl2	-9.659672
Gm49311	-11.612572
Rims2	-0.9037671
Zfpm2	0.9988828
Gm49525	-9.609075
Gm49526	-2.7455926
Gm49524	-9.9326
Oxr1	-0.56315964
Angpt1	0.34030837
Gm17473	-0.41206425
Gm10373	-1.4910796
Pkhd1l1	0.60171837
Csmd3	-0.52009004
Trps1	0.5604971
Aard	-10.937261
Ext1	-0.70571643
Samd12	-0.0645626
Tnfrsf11b	-0.82393986
Colec10	-0.24749297
Col14a1	0.03608273
Sntb1	-0.21111467
Atad2	-1.1810734
Anxa13	-1.8421352
Gm20712	-11.606197
Tmem65	-1.463908
Ndufb9	-0.56680816
Mtss1	-0.10669511
Gm2682	1.1296277
A1bg	-0.29016522
Pvt1	0.28393957
Fam49b	0.09215196
Asap1	-0.29794505
Tmem71	-0.99692476
Tg	-1.9037849
Sla	-1.2784904
Ccn4	-2.2862682
Ndrg1	-1.2677747
Ptk2	-0.7368533
Dennd3	-1.8638315
Slc45a4	-1.108348
Ptp4a3	-1.5714847
Them6	-1.0980555
Ly6d	-0.6817425
Gm39556	-11.017608
Ly6e	-0.30806008
Ly6i	-0.45036125
Gm8000	-10.548999
Ly6a	-0.27104774
Ly6c2	-0.18927221
Gpihbp1	-0.9863607
Smpd5	-1.6342009
Cyc1	-0.9734524
Slc39a4	-1.9524583
Apol7c	-0.1280003
Eif3d	-1.1738232
Ncf4	-1.3737139
Csf2rb2	-1.0556859
Csf2rb	-0.7268288
Tst	-0.8736279
Mpst	-1.0267565
Kctd17	-1.5286646
Il2rb	0.050597668
C1qtnf6	-2.7522223
Rac2	-2.1687284
Cyth4	-1.0276976
Mfng	-1.5089658
Sh3bp1	-1.5794704
Pdxp	-9.675419
Lgals1	-1.6777899
Gcat	-0.93993735
Polr2f	-1.5137262
Csnk1e	-1.1221929
Cbx6	-1.513339
Apobec3	-0.78997135
Pdgfb	-1.746051
Grap2	0.28357458
Tef	-0.49175787
Pmm1	-9.392478
Snu13	-1.2924052
Smdt1	-0.73325294
Ndufa6	-0.57082874
Cyp2d10	-0.4503649
Cyp2d9	-0.8676762
AC118710.1	-0.15088575
Cyp2d40	-1.2526107
Nfam1	-1.3543078
Rnu12	-0.9691847
Cyb5r3	-0.72899866
A4galt	-10.2330675
Tspo	-1.5274962
Ttll12	-1.4835397
Scube1	-10.701885
Pnpla3	-0.86746264
Gm49513	-0.6407075
Parvb	-1.5541825
Parvg	-1.6335435
Phf21b	-2.0577862
Smc1b	-1.1259688
Ppara	0.11779488
Cerk	-0.71552545
Gm49470	-11.078125
Creld2	-1.2351449
Mapk12	-1.6634995
Mapk11	-0.86255467
Sco2	-0.030486299
Shank3	-0.686922
Acr	-0.9754842
Cpne8	-0.7897381
Slc2a13	-1.2244164
Gm15381	-0.75418293
Lrrk2	-0.21566868
Prickle1	0.047406416
Tmem117	-0.54796124
Ano6	-0.3066327
Slc38a1	-0.97725046
Slc38a2	-0.23627935
Slc38a4	-0.50577825
Endou	-11.700811
Rapgef3	-1.5054528
Hdac7	-1.437098
Cacnb3	0.53710383
Fkbp11	-1.4233384
Tuba1b	-1.699909
Tuba1a	-2.9061477
Tuba1c	-1.577113
Troap	-1.8518107
Spats2	-1.4469588
Fmnl3	-1.0366131
Tmbim6	-0.53528434
Nckap5l	-1.4644421
Racgap1	-1.8997626
Gpd1	-1.113905
Cers5	-1.5506992
Dazap2	-1.0241456
Smagp	-1.4840469
Bin2	-0.6501783
Cela1	-0.9690166
Galnt6	-2.4503036
Slc4a8	-0.6735377
Acvrl1	-1.2735784
A330009N23Rik	-12.598923
Grasp	-1.194035
Nr4a1	-0.70424414
Gm49499	-10.839367
Gm35853	-10.072555
Krt7	-1.4648204
Krt8	-0.81816405
Krt18	-0.683975
Igfbp6	0.28940153
Csad	-0.7711526
Itgb7	-1.1535492
Rarg	-1.7101926
Mfsd5	-2.1535716
Espl1	-11.205297
Pfdn5	-1.0685589
Zfp385a	-2.4233544
Nckap1l	-0.87213695
Pde1b	-1.6713946
Mefv	-0.8270192
Nlrc3	-1.4300188
Glis2	-1.881165
Smim22	-1.2317286
AU021092	-1.7740034
Rbfox1	2.9650724
Carhsp1	-1.1926594
Ciita	-0.13518947
Socs1	-1.2138994
Rmi2	-0.3898897
Snn	-3.0080147
Shisa9	0.2072728
Myh11	-1.135078
Abcc1	-3.2080567
Gm33696	-1.313444
Mcm4	-1.6318064
Sdf2l1	-1.8250285
Serpind1	-0.902485
Slc7a4	-11.0924835
Scarf2	-0.9704922
Slc25a1	-0.9742121
Dgcr6	-1.4470737
Ranbp1	-1.7605411
Arvcf	-0.47897428
Cldn5	-0.66151476
Mrpl40	-2.7919483
Iglc1	-0.59934515
Iglc3	-0.16640584
Iglc2	-1.4429696
A530030E21Rik	-0.954154
B3gnt5	-0.9162333
Klhl6	-1.5588307
Abcc5	-1.3654855
Alg3	-1.3224943
Eef1akmt4	-1.0927396
Fam131a	-2.3809352
Ehhadh	-0.45372573
Igf2bp2	-1.1178948
Etv5	-1.4181858
Dgkg	-7.6889257
Ahsg	-0.16048685
Fetub	-0.38829538
Kng1	-0.51669914
St6gal1	-0.59549606
Bcl6	-0.37137952
P3h2	-0.30965924
Fgf12	0.06417963
Mb21d2	-0.5841324
Hes1	-1.2492756
Tmem44	-1.6987039
Fam43a	-0.9083008
Gm46565	-0.5044157
Acap2	-0.698084
Ppp1r2	-1.1989759
Nrros	-0.4326446
Slc12a8	-1.1292355
Heg1	-0.009311292
Kalrn	-0.27408558
Adcy5	-0.80492204
Parp14	-0.26670492
Gm49662	-11.690434
Cd86	0.061981097
Ildr1	-9.491345
Hcls1	-1.5231767
Polq	-11.625503
Hgd	-0.436924
Fstl1	-1.4426603
Cox17	-0.86889845
Adprh	-1.414253
Cd80	-1.124056
Arhgap31	-0.030675929
Gm15530	-1.2412891
B4galt4	-0.68052965
Upk1b	-0.089117505
Lsamp	1.003186
Zbtb20	0.23568135
Zdhhc23	-2.9086254
Sidt1	-0.30764553
Boc	-0.86955273
Cd200r1	-0.6805819
Cd200r4	-10.994412
Cd200r3	0.0828369
Ccdc80	-0.6087194
Btla	0.38613653
Cd200	-0.63680816
Gm609	-0.5337368
Phldb2	-0.103813544
Cd96	-10.855811
Trat1	-10.47928
Retnlg	1.1920574
Cip2a	-0.8090948
Ift57	-1.2965381
Cd47	-0.66439253
G730013B05Rik	-1.3594955
Dubr	-1.2826158
Alcam	0.35851577
Gm49634	-1.1907389
Nxpe3	-0.8253079
Gm17809	-10.330394
Abi3bp	-0.07175988
Tmem45a	-10.063001
Filip1l	-0.56695414
Col8a1	1.3957902
Dcbld2	-1.0812664
St3gal6	-1.4583999
Pros1	-0.7648953
Epha3	-0.3155722
Vgll3	-0.39708662
Cadm2	1.4613565
Gbe1	-0.39782637
Robo1	-0.06998371
Robo2	0.4479048
Hspa13	-1.4026634
Samsn1	-0.08768962
Gm9843	-1.637798
Mir99ahg	-0.23250027
Ncam2	-0.6973281
Mir155hg	0.02444876
Jam2	0.31270307
Atp5j	-0.5809393
App	-0.17675875
Cyyr1	0.43813315
Adamts1	-0.94777566
Adamts5	-0.59263176
Tiam1	-0.76618207
Sod1	-0.5873853
Eva1c	-1.9055606
Il10rb	-2.1068974
Itsn1	-0.45092875
Atp5o.1	-1.0687768
Runx1	0.66019803
Ripply3	-1.5022318
Ttc3	-0.96317524
Kcnj15	-0.54597586
Erg	-0.5623414
Ets2	-1.7753755
Hmgn1	-0.9724548
Dscam	-0.06835673
Bace2	-0.76876146
Mx1	-1.2680304
Mx2	-0.7554557
Tiam2	-1.2380487
Zdhhc14	0.14855438
Tmem181a	-1.741471
Sytl3	-10.274606
Ezr	-0.47391456
Fndc1	0.9289853
Tagap	-1.0954142
Rnaset2a	-1.9806211
Pde10a	-0.4524152
Pacrg	-0.56419927
Agpat4	-1.611846
Slc22a3	-1.2085943
Slc22a1	-0.56193113
Airn	-0.08575393
Smoc2	-1.7728827
Thbs2	-10.220974
Spaca6	-1.8783377
Fpr1	-0.964556
Fpr2	-0.67604417
Fpr3	-0.9103226
Zfp677	-9.798558
Zfp52	-1.3412138
Hcfc1r1	-1.2429036
Pkmyt1	-9.878556
Paqr4	-1.6447186
Flywch2	-9.789515
Elob	-0.8311714
Atp6v0c	-1.0974169
Slc9a3r2	-1.1803396
Ndufb10	-0.89933693
Msrb1	-0.72769064
Igfals	-1.2759601
Mrps34	-2.1129265
Tmem204	-1.5633281
Chtf18	-2.0450358
Msln	0.4420202
Metrn	-1.5845534
Mrpl28	-1.2354554
Neurl1b	-9.720939
Gm50269	-10.64039
Dusp1	-0.6522333
Itpr3	-1.6426071
Uqcc2	-1.1312946
Pacsin1	-1.6653137
Def6	-9.04885
Fkbp5	0.14914075
Mtch1	-1.371722
Fgd2	-0.567649
Gm26885	-1.2317436
Glo1	-0.8183003
Dnah8	-1.4044039
Abcg1	-1.344377
Ubash3a	-9.8585615
Ndufv3	-0.9898567
Notch3	-10.1923685
Rasal3	-1.4993521
A530088E08Rik	-2.1060507
Pglyrp2	-1.1960353
Adamts10	-1.5146601
Myo1f	-0.62945247
Kank3	-1.5655372
Ndufa7	-0.8300215
Kifc1	-10.352622
Tapbp	-0.79303163
Rgl2	-1.0910631
Pfdn6	-1.7723154
Col11a2	-1.3228438
Psmb8	-1.2563801
Tap2	-1.4794458
BC051142	-1.1181023
Notch4	-1.7540677
Gpsm3	-1.1744635
Gm20463	-11.39881
Prrt1	-2.85043
Tnxb	-0.5681553
Cfb	-1.1734602
Hspa1b	-0.8792388
Hspa1a	-11.273984
Vwa7	-13.269678
Sapcd1	-10.086011
Clic1	-0.996682
Ddah2	-2.84379
Apom	-0.5033921
Aif1	-0.6616871
Lst1	-0.92949414
Ltb	-1.4827168
Tnf	-0.44691336
Tcf19	-1.495629
Ddr1	-8.780573
Ier3	-1.9211663
Tubb5	-1.0341997
Ppp1r18os	-12.830147
Nrm	-0.9080338
Ppp1r18	-2.4363718
Zfp57	-1.224062
Gabbr1	-1.4679139
Tnfrsf21	-0.9005612
Adgrf5	0.045631003
Pla2g7	-0.07910627
Rcan2	-0.41764578
Clic5	-0.7304093
Runx2	1.6455353
Nfkbie	-2.0493486
Hsp90ab1	-0.6348085
Mrpl14	-1.2308183
Mad2l1bp	-1.9816961
Ptk7	-10.50982
Mea1	-2.0017214
Gnmt	-0.6283478
Trerf1	-1.7806481
Ccnd3	-0.4073455
Mdfi	-1.7222471
Treml4	-2.0757015
B430306N03Rik	-1.1953578
Lrfn2	-10.764697
Daam2	-0.6285894
Rftn1	-0.27801612
Plcl2	-0.5936125
Satb1	0.34989837
E430014B02Rik	-11.32321
C230085N15Rik	-1.0240536
Gm36931	-1.5319383
Gm37248	-1.0459911
Gm37593	-2.2689707
Gm19585	-1.2613074
Sgo1	-9.32838
Adgre4	-0.03774566
Ebi3	-12.612362
Lrg1	-0.24810357
Mydgf	-0.9860129
Uhrf1	-1.2752599
Ptprs	-1.0471066
Micos13	-0.959237
Ndufa11	-1.0154558
Dennd1c	-1.6325378
C3	0.30839694
Vav1	-1.3516923
Adgre1	-0.93153614
Efna5	0.6700376
Fer	-0.76758283
Rab31	-1.0345572
Ankrd12	-0.5458313
Mtcl1	-1.1772951
Ptprm	0.80446446
Gm49942	-11.171165
Lama1	-0.29679087
Arhgap28	-0.29549557
Epb41l3	-0.5110824
Dlgap1	-0.49131066
Gm41609	-0.7359785
Gm26510	-1.2905685
Gm41611	-2.0732431
Myl12b	-1.2823068
Myl12a	-1.566623
Lpin2	-0.34179702
Emilin2	-0.67556334
Ndc80	-1.8363724
Lbh	-1.3997586
Galnt14	-0.5001082
Ehd3	-0.28626874
Nlrc4	-1.9191931
Ltbp1	-0.027744554
Rasgrp3	-0.51836044
Crim1	0.85661644
Cebpzos	-2.157907
Qpct	-0.7661386
Cdc42ep3	-1.3441706
Tmem178	-0.87477946
Slc8a1	1.2984036
Zfp36l2	-0.6963932
Plekhh2	-0.71152997
Dync2li1	-10.018321
Camkmt	-0.4326216
Gm30117	-0.8240555
Prkce	-0.12604032
Rhoq	-1.0619348
Mcfd2	-0.85572344
Calm2	-0.9475056
Gm30938	-11.318525
Epcam	-0.65783215
Ston1	-1.7197328
Nrxn1	1.3340964
Bambi	-0.86710536
Map3k8	-0.9694888
Jcad	-1.1655595
Gm10125	-1.2649558
Zeb1	-0.29568002
Colec12	-0.18020938
Greb1l	-0.6052695
Gm6277	-1.2231902
Ankrd29	-1.3242273
Lama3	-0.95094246
Ttc39c	0.18094967
Zfp521	0.9883505
Gm2629	-0.39782804
Chst9	0.72536474
Cdh2	-0.31148073
Ttr	0.5681277
B4galt6	-1.3449174
Klhl14	-0.9578604
Asxl3	-11.728449
Dtna	-0.9339884
Mapre2	-1.1514004
Slc39a6	-1.0150719
Celf4	-0.29049692
Tslp	-0.47361648
Camk4	0.1694085
Epb41l4a	-0.37242255
Reep5	-1.2812241
Egr1	-0.14067663
Hspa9	-0.6009128
Ecscr	-1.5769197
Sting1	-2.3423676
Nrg2	0.28381068
Hbegf	-2.076937
Cd14	-0.70314485
Ndufa2	-0.51955646
Pcdhb14	-11.966935
Pcdhb16	-12.402461
Pcdhb17	-11.497743
Pcdhb19	-0.08128192
Pcdhb21	-9.979876
Pcdhga2	-0.970195
Pcdhgb2	-1.1222105
Pcdhga5	-11.673786
AC020971.1	-11.109287
Pcdhga6	-0.92669564
Pcdhga7	-11.257577
Pcdhgb4	-2.0981712
Pcdhga8	-1.4149232
Pcdhgb5	-2.4783165
Pcdhga9	-11.482514
Pcdhgb6	-9.740495
Gm26672	-1.9027933
Pcdhga10	-10.604212
Pcdhgb7	-0.9587253
Pcdhga11	-10.384963
Pcdhgb8	-11.4048
Pcdhga12	-2.6001527
Pcdhgc3	-10.608005
Pcdhgc4	-1.4198048
Pcdhgc5	-12.461276
Arap3	-0.88749677
Pcdh12	-1.6905606
Arhgap26.1	-0.63504624
Sh3rf2	-0.57236314
Gm4013	-1.1672025
Ppp2r2b	0.46898022
Dpysl3	-0.60552347
Mcc	-0.26012486
Gm31907	-0.82205415
Trim36	-3.0229287
Ccdc112	-9.97616
Ticam2	-10.682911
Tmed7	-1.2451572
Gm3734	-0.7371098
Cdo1	-0.51047176
Lvrn	-0.18543254
Sema6a	0.26246974
Tnfaip8	-0.07928935
Prr16	-0.011589233
Sncaip	-0.44034305
Snx2	-0.86028683
Snx24	-0.36543718
Ppic	-1.7357891
Prdm6	-0.23065731
Zfp608	-0.18550384
Gm4221	-1.2622045
Marchf3	-0.46207708
Ccdc192	-11.145604
Slc27a6	-12.83102
Chsy3	0.10140329
Gm4841	0.46867862
F830016B08Rik	-0.71998084
Iigp1	0.49047145
BC023105	1.2284089
Cd74	0.41165853
Pdgfrb	-0.6975287
Csf1r	-0.8265575
Bvht	-10.778458
Carmn	-1.2819712
Afap1l1	-2.1150641
Sh3tc2	-0.76614517
Piezo2	0.06341344
St8sia3os	-0.7014527
Nedd4l	-0.42777628
Gm50368	-12.922778
Gm29966	0.3788048
Zfp532	-1.5855569
Gm50462	-1.4537885
Sec11c	-1.2956526
Ccbe1	0.3648063
Gm50143	-10.866486
Gm15958	-0.95879215
Pmaip1	-2.0321093
Spire1	-1.2427244
Cep192	-1.4154578
Tcf4	0.5143848
Ccdc68	-1.7501671
Rab27b	-0.32689747
Stard6	-1.656454
Dcc	-11.127552
Me2	-1.8383691
Ska1	-11.763589
Mbd1	-0.657119
Smad7	-0.6926743
Zbtb7c	-0.0044583525
Ier3ip1	-1.4735737
Rnf165	-1.2001901
Atp5a1	-0.35632506
Slc14a1	-0.52185297
Setbp1	0.34774256
Pard6g	-0.53061974
Kcng2	-10.263918
Mbp	-0.48079774
Cndp2	-1.1013135
Cyb5a	-0.6479711
Neto1	0.26589733
Cd226	1.0577736
Chka	-0.16064036
Tcirg1	-1.1150289
Ndufs8	-0.96899974
Aldh3b1	-2.6489768
Unc93b1	-1.0416427
Gstp1	-1.1445099
Pitpnm1	-1.8310622
Aip	-1.6464374
Ptprcap	-1.6829832
Carns1	-2.0413036
Tbc1d10c	-0.9120469
Ppp1ca	-0.9161489
Clcf1	-1.8378714
Ankrd13d	-1.4277935
Grk2	-1.2147733
Mrpl11	-1.5379739
Yif1a	-0.90736145
Pacs1	-0.9832858
Drap1	-1.2417626
Ccdc85b	-1.2606846
Ctsw	-0.96144825
Efemp2	-2.183048
Cfl1	-1.3276862
Ap5b1	-1.6710129
Rnaseh2c	-1.3379058
Sipa1	-1.42674
Ehbp1l1	-1.252788
Ltbp3	-3.5081062
Malat1	1.7234578
Gm37376	-0.74442726
Neat1	1.1405821
Cdc42ep2	-1.5342048
Syvn1	-0.61797917
Fau	-0.28712738
Znhit2	-0.45357117
Batf2	-2.0130694
Ehd1	-1.3050259
Pygm	-11.282821
Rasgrp2	-0.68647534
Nrxn2	-9.420614
Gm14964	-2.4112303
Ccdc88b	-2.381191
Prdx5	-0.9430461
Fkbp2	-1.1996896
Fermt3	-1.6638906
AC109619.1	-10.2976055
Cox8a	-0.5998235
Slc3a2	-1.0643791
Rom1	-8.81285
Ahnak	-0.08108766
Incenp	-1.0399829
Fth1	0.03673293
Rab3il1	-3.7836778
Fads2	-0.4312551
Fads1	-0.6502977
Fen1	-10.8326025
Tmem258	-1.11067
Dagla	-0.83013046
Syt7	-1.4089824
Cd5	-1.1439536
A430093F15Rik	-0.25296715
Cd6	-0.332582
Slc15a3	-1.5067248
Tmem132a	-1.4737519
Tmem109	-2.2297964
AW112010	-0.6018622
Ms4a8a	-2.527717
Ms4a1	-0.32200128
Ms4a7	-0.31001323
Ms4a4a	-0.9147834
Ms4a4c	-1.4802812
Ms4a4b	0.020614592
Ms4a6c	-0.8894952
BE692007	0.20150033
Gm8369	-1.0137725
Ms4a6b	-0.2010754
Ms4a4d	-0.8653455
Ms4a6d	-1.2376549
Mrpl16	-1.315589
Stx3	-1.2448457
Mpeg1	-0.9169302
Gm6545	-0.91064864
Fam111a	-1.2048309
Tle4	-0.4532639
Psat1	-1.4058044
Gnaq	-0.19203696
Gna14	-0.587806
Prune2	-1.8134978
Gcnt1	-8.868239
Rfk	-1.2328709
Trpm6	-0.9517677
Anxa1	-0.55589753
C730002L08Rik	-1.0784484
Aldh1a1	-0.058421582
Aldh1a7	-1.0818214
Cemip2	0.21893767
Trpm3	-11.342855
Mamdc2	-0.24000752
Gm6563	-9.279028
Apba1	0.31331754
Fam189a2	-1.4202799
Pip5k1b	-0.8366387
Pgm5	-0.120258436
Dock8	-0.5117217
Glis3	1.4178135
Jak2	-0.7927806
Cd274	-0.37515435
Pdcd1lg2	-1.8189304
Il33	-0.027159277
Gldc	-0.29694217
Mbl2	-0.3806317
Prkg1	1.3027562
Sgms1	-0.20891574
Rnls	-0.92465043
Lipo3	-1.2224995
Stambpl1	-0.77690995
Acta2	-0.9448531
Ifit2	-0.66421646
Ifit3	-1.1580342
Ifit1bl1	-0.45868674
Ifit3b	-3.0570836
Ifit1	-1.0248013
Kif20b	-0.55670345
A830019P07Rik	-1.5368392
Htr7	-0.3875439
Hectd2os	-0.66808856
Ppp1r3c	-0.68034625
Kif11	-1.2367619
Myof	-0.5112821
Cep55	-1.8510782
Rbp4	-0.74880576
Hells	-0.81898195
Cyp2c55	-1.2420194
Cyp2c29	-0.05361396
Cyp2c38	0.21375097
Cyp2c67	-0.7080024
Cyp2c68	-0.3712486
Cyp2c40	-0.3700966
Cyp2c69	0.24751796
Cyp2c37	-0.04149139
Cyp2c54	-0.34808764
Cyp2c50	-0.37090552
Cyp2c70	-0.44689268
Sorbs1	-0.22909994
Aldh18a1	-10.664549
Entpd1	-0.029966546
Ccnj	-2.6144977
Blnk	-0.6075951
Pik3ap1	-0.20739608
Slit1	-1.7842379
Arhgap19	-1.8431308
Pgam1	-1.285125
Avpi1	-1.3351249
Hpse2	-1.5757653
Got1	-0.03705516
Abcc2	-0.36965963
Scd2	-2.1308968
Scd1	0.81336206
Ndufb8	-0.9831937
Sfxn3	-0.36696517
Elovl3	-1.4384879
Cyp17a1	-0.855785
Atp5md	-0.73985046
Calhm2	-1.1255223
Neurl1a	-11.446649
Gsto1	-1.0341969
Itprip	-1.0731717
Sorcs3	-1.123004
Add3	-0.20643854
Mirt1	-0.46647406
Dusp5	-1.2965639
Gpam	-0.1632077
Tcf7l2	0.084076755
Nrap	-11.424979
Adrb1	-0.69124854
Afap1l2	-0.7164035
Atrnl1	-0.12856725
Gfra1	0.4151427
Hspa12a	-1.5850288
Grk5	-0.7621209
Csf2ra	-1.3911417
Shroom4	-0.8026796
Clcn5	-1.0156966
Pim2	-0.8986065
Was	-2.8737845
Ebp	-0.9178074
Lancl3	-0.3886811
Cybb	-0.08059617
Dynlt3	-1.5160573
Sytl5	-0.77535397
Tspan7	0.33479327
Bcor	-0.5550236
Atp6ap2	-1.7565869
Gpr34	-12.971741
Chst7	-9.858959
Slc9a7	-0.41799143
Rp2	-1.4090829
Rgn	-0.46710575
Gm14539	-10.1984825
Ndufb11	-0.73910624
Syn1	-1.4709162
Cfp	-1.1079643
Klhl13	-1.1258919
Dock11	-0.5529182
Pgrmc1	-0.370131
Slc25a43	-10.483897
Slc25a5	-0.70912606
Septin6	-2.9725792
Ndufa1	-0.80772734
Tmem255a	-11.001209
Gria3	-0.7613354
Sh2d1a	-0.6193742
Tenm1	-0.90114754
Dcaf12l1	-1.6238579
Smarca1	-10.156006
Ocrl	-1.3754433
Sash3	-1.4159775
Elf4	-1.3150269
Stk26	-0.8965235
Mbnl3	-0.2963335
Gpc3	-0.2828652
A630012P03Rik	-0.6809298
Gm14586	-9.32939
Ccdc160	-1.903824
Hprt	-1.1881852
C430049B03Rik	-0.35044697
Rtl8a	-2.0706651
Rtl8b	-1.1196169
Xlr	-10.242458
Zfp449	-1.6574912
Ints6l	-0.8810521
Fhl1	-0.8319204
Map7d3	-0.8411819
Cd40lg	-10.439185
Arhgef6	-0.8361895
Fgf13	0.63446397
Aff2	-0.5704555
Ids	-1.1786889
Mamld1	-0.846751
Vma21	-0.89227253
Prrg3	-1.15288
Gabre	-1.1645584
Gabra3	-0.4028721
Cetn2	-2.442998
Zfp185	-1.1242756
Xlr4a	-1.5317585
Xlr3b	-10.738897
Xlr4b	-10.403681
Bgn	-0.9282509
Ssr4	-1.2314625
Pdzd4	-0.6256768
Arhgap4	-1.9694425
Renbp	-1.1004819
Flna	-0.8863265
G6pdx	-1.9325323
Gab3	-0.8919086
Smim9	-1.9565716
F8	0.14129946
Gm8522	-2.4559388
Fundc2	-2.4306705
Prkx	-2.2227037
Prrg1	-0.8183199
Tmem47	-0.80785
Dmd	-0.45946229
Il1rapl1	0.819408
Pola1	-0.5306187
Pdk3	-1.6299138
Spin4	-0.21144322
Zc3h12b	-1.7456158
Msn	-1.4688755
F630028O10Rik	-0.4610173
Vsig4	-0.16801634
Heph	-2.3467844
Eda2r	-9.0984745
Ar	-0.70916283
Ophn1	-1.4846454
Stard8	-0.88620675
Efnb1	-0.5100779
Kif4	-0.47653106
Il2rg	-2.5159483
Cxcr3	-2.2347171
Nhsl2	-0.7759531
Rtl5	-10.864382
Xist	-0.04579326
Zdhhc15	-10.700354
Cox7b	-0.7684612
Tlr13	-10.351137
Pgk1	-0.81268406
Taf9b	-0.44696683
Cysltr1	-10.598816
P2ry10	-1.3325963
P2ry10b	-1.1332321
Gpr174	-1.5125567
Itm2a	-0.0808107
Hmgn5	-0.9946579
Hdx	-1.4203622
Dach2	-0.6191656
Klhl4	-0.5261534
Pcdh11x	0.9259266
Gm382	-0.6775348
Srpx2	-10.162035
Cenpi	-10.337301
Btk	-1.2569026
Armcx4	-1.4563966
Armcx1	-1.3672038
Armcx6	-1.6273115
Armcx3	-2.3565698
Armcx2	-11.068113
Tceal9	-1.7913569
Bex3	-10.916057
Serpina7	-1.4916986
Tsc22d3	-0.070116505
Psmd10	-1.3547179
Col4a6	-0.11820709
Tmem164	-0.5319487
Chrdl1	0.123329476
Pak3	-0.5821733
Capn6	-9.712037
Rtl4	-0.74077046
Il13ra2	-0.63496196
Lrch2	-9.750417
Maged2	-11.004351
Gpr173	-10.047016
Shroom2	-0.61387163
Gpr143	-1.4146881
Mageh1	-9.418842
Klf8	0.29767478
Ubqln2	-1.8085579
Kctd12b	-0.9927971
Sat1	-0.5124217
Acot9	-1.1488932
Prdx4	-1.0376612
Sms	-1.5311762
Gm8648	-2.2128665
Eif1ax	-1.1677457
Sh3kbp1	-0.3435509
Map3k15	-0.97975636
Pdha1	-1.0195637
Rai2	-1.7043972
Nhs	0.07319429
Gm15212	-1.2491689
Ap1s2	-1.4924732
Bmx	-0.7162333
Gpm6b	-0.55761194
Tmsb4x	0.29599723
Tlr8	-2.4159288
Tlr7	-1.4097725
Prps2	-1.913076
Frmpd4	0.0020567267
Arhgap6	0.016045481
Mid1	-0.44836763
Pex5l	-10.438655
Vwc2	0.057723485
Ccdc85a	0.53799236
Esr2	-12.633321
