	dist_type_ROI	dist_type_ambigious	dist_type_central	dist_type_parasite	dist_type_portal
16x46	2045.5882405802006	1057.0805314638994	381.979122466137	685.4121752639066	315.9272859377612
17x43	1890.2305943984718	949.5211951294187	265.4620500184535	535.6413912311109	342.7507840983006
17x45	1962.5529750811825	983.4080434895781	302.3616708513167	602.0190860761808	281.8165715496515
17x47	2039.504606516004	1029.8244704802853	374.27775782164787	685.0455751262102	256.06569469571673
17x49	2120.850551076148	1088.4731783558107	468.7927687155597	779.8611799544842	287.1714818710244
17x55	2394.6890069485016	1330.9542591689622	575.3976364219792	780.0887385419687	574.8864583550393
18x42	1808.6847956457202	880.5327307942619	207.0195401405384	457.3970813199403	289.4831428598218
18x44	1881.5849064020472	909.3120256545606	224.47128992367826	521.024913031997	258.3891638594776
18x46	1958.9064347232106	952.9035732958502	293.5541176682759	604.4352901676076	200.3727027316843
18x48	2041.0854808165188	1010.5568464960296	390.561570050101	701.0163621485592	211.24000568074217
18x50	2127.9034987517643	1080.81695952645	411.6723211487505	768.110213445961	284.1156454685311
18x52	2219.0548280743315	1161.1039273036674	437.12507363453756	732.2635659378388	385.2473620934997
18x54	2312.7667867729338	1248.8669304613686	494.75873918507006	720.5901817260626	497.34355329088197
18x56	2409.7538836984995	1342.987334266411	574.015836018485	729.745284328717	615.1300512899694
19x41	1727.815212920641	815.6913693303368	176.21750764325313	383.5622635244504	258.8099882152927
19x43	1798.2315340355926	837.510985002585	151.0326123722953	437.9945775920064	226.30079540293264
19x45	1874.0830984777594	875.1371663916461	208.06888282489518	518.5921904541177	172.7363887546569
19x47	1955.5165174449435	928.9014210345465	305.35528487321125	615.140187274413	138.6731769305079
19x49	2043.4046344275525	997.8511412029352	354.6661810773618	723.1067002870324	199.54573410624445
19x51	2133.300353911751	1076.192269067196	364.8325643360252	694.0138327151699	300.5411785429745
19x53	2226.699665424145	1162.7933608341596	411.7246652800874	665.7478501655111	416.3789139713971
19x55	2324.9499629024276	1258.099252841365	489.3378485259443	664.9856614995542	537.7454137414844
20x40	1644.0722763917652	751.1440940325631	172.75951493333142	311.6540550033001	247.9859875073587
20x42	1713.0738016793089	766.5455302850575	93.76273246871588	354.02097395493394	177.57378748002188
20x44	1787.9264470329867	797.6529195082281	121.75951708182811	431.3520372039525	177.56852198517592
20x46	1869.8241334414315	847.6076273842751	221.2647509207015	529.5266659952076	88.86782319827569
20x48	1955.996692226242	912.6799329447316	310.02106380051003	637.184007960024	112.0707812054506
20x50	2045.1893066413195	988.4705863099823	293.9777202442388	658.361678714671	216.28892713220455
20x52	2139.6600127123	1075.8672641176513	330.0893363924378	619.4205114459804	335.9505469559471
20x54	2238.372712485568	1171.451834263791	403.165970786226	604.6860342359495	460.6022144974991
20x56	2338.702533457387	1271.5816686316298	495.9648576260217	616.4673065134922	585.0541342474215
21x39	1564.6779732583952	695.6329204400837	147.7496531298804	253.78644565854955	265.5555685727565
21x41	1629.856732967656	701.0683062298566	98.493502323757	274.49657557062534	163.81077498137873
21x43	1703.9248369573115	724.4244957205685	39.75738925030168	346.0896560141607	109.60223537866361
21x45	1784.8873605916988	768.556627711973	139.208800009195	444.3569398580382	92.43316504372216
21x47	1868.105738442019	827.4412667978315	260.52264776790554	551.4905710889356	25.35843055080511
21x49	1960.6271165114492	904.7079584042576	238.32475742146468	636.2165433246764	137.3407805424157
21x51	2053.2877051207415	989.5252396983113	251.12387381529467	581.1822433626132	260.31135203828546
21x53	2150.9054209797323	1083.897103049916	315.92677949170434	549.7305976567065	387.0045606966411
21x55	2253.8725873482736	1186.921159976517	411.0435986607748	548.3581311515313	516.3249364499067
22x38	1481.8877319149383	641.2006316278861	162.9486115313659	207.69508901271595	303.1736301197715
22x40	1549.7239270270045	638.2235110053531	62.57994886543133	201.184616708137	179.05655531144342
22x42	1621.3155460921234	655.1458616216695	22.065810658119624	262.2283356161192	76.21351586168909
22x44	1705.4472287350318	695.2811301912342	72.20006925204473	365.4688085185932	68.2000733137434
22x46	1788.2155267193048	750.5351224293239	196.63867879946747	474.3388767537406	7.4276510418836414
22x48	1876.4460717004367	821.8797113933401	204.0408292474818	590.3208110849557	64.50007751933326
22x50	1968.4321171937834	904.8213083255724	180.893891549715	555.8044620187931	192.20041623264012
22x52	2066.785264607816	999.7603362806509	233.19075882204254	509.3357733362146	319.70006255864286
22x54	2167.5927684876606	1100.736485267932	324.7864067352576	490.61024245321255	447.6002792671161
22x56	2281.315491114721	1216.84434912605	442.6433891972183	513.3591043314613	581.9166349229072
23x37	1403.4291218298129	596.4261060684714	207.46590081263918	191.11384041978704	354.48173436723044
23x39	1467.5473961681782	580.7937327485549	85.12437958657907	139.03582272205955	228.02534946799227
23x41	1538.5840893496852	589.074698149564	20.591260281974	178.36199146679206	101.20276676059801
23x43	1614.231399149453	614.7207577428959	56.58277122941226	273.968994596104	0.09999999999990905
23x45	1701.199841288495	667.4321688381524	146.4912966698024	391.7806784413954	2.024845673131457
23x47	1789.5659194340956	736.2335091531761	186.77521248816686	510.6147079746138	28.771166121657576
23x49	1883.1014045982758	819.7329443178429	127.40996821285188	542.3154985799315	135.78843838854635
23x51	1979.1400657861486	912.0350870443528	147.4286267995467	475.9665954665304	259.9373001321668
23x53	2082.480177576728	1015.8351687158698	239.76173589628502	438.9966856366911	387.38622845940205
23x55	2185.260380366605	1121.6801371157467	349.5724960576849	434.9350871107088	513.9277478401028
24x36	1321.744037247757	561.6316408465602	267.9031541434326	213.314087673552	321.73731521227046
24x38	1384.8682717139561	528.6064036691191	137.800326559845	106.80978419601799	292.70040997579736
24x40	1454.9921374358007	524.0981969058851	9.4085067890709	94.63889263933736	165.79903497909717
24x42	1529.2697996102586	541.1002864534449	61.00917963716615	191.07987858484745	46.42111588490725
24x44	1616.895420242138	588.5944274285987	135.52416758644966	312.8069692318254	0.4472135954995512
24x46	1702.6056766027773	651.0486080163295	201.3531474797449	432.97862533848047	36.77077643999389
24x48	1797.3902191789073	734.2627595077938	102.10778618695046	541.3612472277638	113.200706711575
24x50	1894.3615758349831	827.2079424183498	69.13306010874955	458.0718065980481	217.3913061739134
24x52	1995.6374269891812	929.2547228828056	153.35559983254595	399.4775838517098	335.82784280044444
24x54	2100.9071659642655	1038.050634603149	268.56008638664116	376.743573269671	459.2651957202944
24x56	2207.102935977387	1149.5385900438494	389.8825079430985	392.40230631330405	584.9377488246082
25x35	1246.4129412036766	537.7427079933301	332.82791349284383	256.6515536676136	274.3232035391828
25x37	1298.6456984104634	483.55770079691627	210.05630197639854	133.21505170212546	254.1646120135532
25x39	1364.5634649953076	454.21454181917153	78.22307843597034	13.101526628603155	243.06964022682868
25x41	1447.6689262396978	475.40206141749104	11.692732785794842	112.83580991866019	127.74865948416051
25x43	1528.820957470168	506.99794871379925	138.6005771993757	236.82677213524696	19.321490625725467
25x45	1617.2240042739904	567.6869559889499	216.83883416030417	361.782365518277	58.52930889733822
25x47	1711.183596228061	648.2574334321205	118.1223941511511	489.3036889294831	116.54741524375432
25x49	1806.8892882520502	739.687569180394	18.944656238633268	455.51827625244584	198.72719995008276
25x51	1911.0208633084048	845.0644590798978	70.26478492104009	373.96997205658096	302.5457651331449
25x53	2014.1713556696216	952.5257214374847	189.22698010590378	325.0068460817403	416.1106223109429
25x55	2124.44223738844	1068.7063301019602	317.5336517599356	322.9365572368667	538.0420243809957
25x57	2230.5996189365765	1181.6729919905931	400.25824163906987	361.12803823574825	661.6614391061339
26x34	1159.2639906423385	529.4166601080852	399.0839510679426	323.504868587785	241.7420112433913
26x36	1214.8685566759887	458.67876558654854	278.76192351180237	202.6396061978012	205.88591501120226
26x38	1280.3629875937527	414.8071600153495	150.61268206894107	76.16679066364797	199.67418461083022
26x40	1353.7776553038539	406.44500242960305	26.090994615000533	37.570467125123926	215.24762484171546
26x42	1435.7407043056212	426.93508874300807	67.69320497657091	162.96738937591198	90.11864401998031
26x44	1524.951625462264	480.1739892997123	163.94102598190597	287.9039075802901	0.5099019513593499
26x46	1618.4154132978344	556.4969451847871	176.09273125259875	415.64101096980346	108.10018501371809
26x48	1715.5866693350122	648.3721308014404	53.57256760693843	472.10255241843373	196.24173867961932
26x50	1817.0036984001986	751.1771029524261	0.1999999999998181	376.32225552045134	277.66317724898283
26x52	1922.089992690249	861.4317964876851	111.83532536725622	296.70379168456867	379.4426702415006
26x54	2030.1715518645217	976.0286522433653	239.73679317117788	260.44371752837475	490.4360610721854
26x56	2141.097720796508	1094.9444049813674	324.62817191365247	277.1747643635689	613.9475954835237
27x33	1081.8696825403697	531.3650440139999	319.3778483238937	237.7831154644922	162.39091723369268
27x35	1133.2021620169985	443.08367155651297	349.24366851812795	277.0897688475705	161.65624021360864
27x37	1196.9369239855541	379.17067397149776	225.1261868375154	158.54147722283886	142.34113952051936
27x39	1269.7102425356738	348.6047905580184	108.4163271836858	72.44101048439359	166.74921289169544
27x41	1350.5947171524103	358.12663961230226	45.31103618325256	123.74445442119837	173.9370288351507
27x43	1438.6090400105236	398.0778441460916	137.0283547299608	237.8978141976089	76.66270279607943
27x45	1532.3719816023786	470.89031631580633	101.31184530942078	360.67088876148586	72.59814047205353
27x47	1630.7353188055995	563.4833449180197	132.46614661867378	430.4505546517508	182.21053756575134
27x49	1730.3792705646933	665.2359130413812	43.954749458960684	389.06608693125634	278.0705306212797
27x51	1836.6681382329255	777.5488730620091	72.10166433585296	289.28368429622844	364.8227651887969
27x53	1945.1302527080288	893.5364010492242	186.70216924288817	217.39848205541793	464.7443383194681
27x55	2055.8885986356363	1012.1162630844345	257.04266182873204	206.84373328674937	570.1832424756099
27x57	2169.8712404195785	1133.7369183368778	295.3685832989013	265.8439391823707	680.3341825897036
28x32	1004.9615365773953	545.4367882715648	242.88369644749702	151.57602053095317	91.29999999999973
28x34	1053.5445552989204	445.15113163958114	301.71730145949533	252.4058834496535	145.21752649043395
28x36	1115.4785385654	360.36699349413203	304.43582246509663	242.40455853799423	91.94003480530108
28x38	1185.072360659888	303.03349649832415	193.76196737234045	152.75241405621054	87.0270073023311
28x40	1263.528064587408	290.21538553288326	109.50511403582917	134.68544836024418	167.41317152482392
28x42	1352.129653546582	318.8090337490452	128.46867322425365	209.90378748369477	162.07158912036388
28x44	1446.752280108796	386.0926831733542	54.92139837986656	318.753133317933	109.59999999999991
28x46	1543.4472067421032	476.1435497830461	81.84790773135263	368.23128601464583	158.412373254112
28x48	1645.6229367628541	581.2614299951443	123.7378276841807	387.49587094574304	251.59540933808785
28x50	1751.382316914271	694.4004752302523	95.28284210706555	303.8012837365899	302.45333524363735
28x52	1859.7839578832807	811.3563766927576	108.70956719626838	202.109796892679	383.63129434393124
28x54	1971.5585712831362	931.8996727116071	196.2126397559547	145.96437921630027	484.40334433197313
28x56	2083.5115790414993	1052.539452942264	217.3386758034567	177.53788328128755	593.6616039462215
29x31	929.6440232691217	571.8826890193476	175.40071265533635	66.83419783314496	48.62314263804809
29x33	974.395222689438	460.6864986083266	217.25388373973874	169.55603793436555	67.45405843980029
29x35	1030.2487903414399	353.41161554199056	308.02137912813805	294.44077502954684	54.526782410114464
29x37	1100.4957519227412	276.20662555413065	279.91302220511284	237.07403906796725	33.587199942834914
29x39	1180.16983523559	234.13850601727148	189.04190011740806	185.3932037589299	84.50230766079692
29x41	1266.9256371231897	245.10644626365908	157.68630251229825	213.0130747160843	205.23004166057206
29x43	1358.0524032599037	298.62004286383717	86.75903411172793	295.38336107506154	180.66192183191254
29x45	1458.2629666833072	390.9463901866854	0.28284271247500486	319.24016038086404	175.5314216885402
29x47	1561.6940577462667	498.8235459558821	113.55672591264695	316.32282560700526	186.80024089920198
29x49	1662.2798621170866	607.3640917933824	135.69207788224026	346.1351470163062	218.3820963357574
29x51	1775.5092621555088	731.1004992475384	43.001627876162836	219.5038496245566	297.8334098115924
29x53	1887.6355924807099	852.9768636956106	111.93984991949925	117.18417128605697	399.1091705285661
29x55	2001.9245939844986	976.7111548456894	144.00027777750964	96.34043803097413	512.45358814238
29x57	2117.605612478396	1101.2593382123941	190.75253602508147	186.9586317878906	630.0401018982841
30x28	837.0667177710507	730.9811830683468	198.48700209333595	137.16373427404196	199.83665829872152
30x30	857.7130114438045	606.915158815464	130.70428455104286	9.889893831583798	73.00006849311855
30x32	892.3900156321783	488.76941393667414	130.67647072063102	92.59989200857633	0.5830951894843897
30x34	948.7624834488342	371.85676005687964	222.21892358662882	222.87810569905713	85.22118281272543
30x36	1018.2410127273405	267.76175977909907	338.2312226864929	320.0246240525876	0.40000000000009095
30x38	1094.769098942786	191.6574548510959	273.58687834031815	257.9786425268574	16.265915283192967
30x40	1179.9493421329578	173.03713474280568	222.57908706794566	251.49284284050748	140.5092523643908
30x42	1274.000945839523	215.28309269424727	158.79297843418658	300.6260301437655	259.2504773380373
30x44	1372.7652566990469	305.6361398787782	37.165171868296156	279.4674399639427	218.72048372294697
30x46	1475.007203372241	414.83544930490206	56.09857395692001	249.80882690569575	137.2423039736652
30x48	1581.9001864845961	532.2800015029685	178.02696424980155	276.4217791708893	137.67933759282812
30x50	1692.5656649004789	654.4042557930077	51.15398322711521	260.6962408628093	211.7799093398616
30x52	1802.4386952126833	775.0614491767733	34.00367627183861	136.67936932836645	312.7063318834462
30x54	1921.022165410904	903.8200927175717	77.18782287381828	28.533489096147733	433.4332243841027
30x56	2035.5892439291383	1028.0731345580434	104.81206991563529	104.64114869400119	549.0484222725718
31x27	775.4531384938743	781.1747371747244	220.28565545672726	206.47413881646284	179.34650819015118
31x29	788.518262312294	653.0080014823709	110.38047834649018	85.4040397171002	128.40035046681152
31x31	819.1540575496159	527.6405689482187	58.17018136468165	54.37435057083462	1.4035668847619367
31x33	868.6231058405019	407.3073777873412	137.8234377745672	164.43387728810643	51.5722793756492
31x35	932.0985623849014	287.1719519730293	256.53446162260553	291.03905236239365	50.67672049373359
31x37	1009.0263871673526	182.3816054321266	359.0666372694628	336.1637249912608	27.554491466909674
31x39	1095.617862212916	117.12770807968528	292.87352219004026	302.4184187512395	91.95923009682082
31x41	1187.9522296792916	133.54736987301547	236.54872648145863	322.35772055280466	214.9811619654152
31x43	1286.6822840157552	220.02477133268442	123.08736734531274	268.29778232404357	218.80516447287044
31x45	1391.862996131444	334.94178598675944	74.17007482806014	201.83359482504366	132.18925826253772
31x47	1497.7618836116778	453.7539641700118	142.99601393045918	199.5481395553465	66.50007518792742
31x49	1609.8873563078878	578.6191320722122	112.84724188033994	250.23209226635947	126.99645664348272
31x51	1721.8336882521494	702.391094761316	0.5	195.85517608682187	232.2676258112611
31x53	1835.867318190506	827.685453538964	67.93828081427992	71.07467903550427	348.3555798318727
31x55	1953.4067727946474	955.0545638862734	36.62267057438565	41.143893836145615	468.8394394672871
31x57	2070.5067640556017	1080.9393414988651	116.12174645603648	163.3213396957055	590.8653484508972
32x26	716.7697677776313	836.1435881473944	267.4615860268533	284.62694882951604	124.39975884220956
32x28	722.1634510275354	710.8845546219162	142.8420456308296	173.01459476009555	138.2810543783924
32x30	746.6996317127793	582.5814449499741	26.19045627704854	96.07049495032275	80.54526677589416
32x32	789.5282198883074	455.81422750940976	56.25842159179359	137.95655113114444	27.18105958199598
32x34	849.0588259949956	329.9880149338758	180.73430775588815	244.78253614177652	131.91243307588584
32x36	923.9552207764183	206.69893565279887	307.9052614035689	326.80766514878405	77.71904528492394
32x38	1007.5697494466575	97.86521343153527	373.245763539253	361.12850898260587	83.83078193599313
32x40	1100.6528290064946	61.80493507803383	318.7413528238844	364.14125006650943	174.16156292362578
32x42	1201.7905682771852	136.4000366568866	208.2113589600721	284.2945127855969	234.0584755995816
32x44	1303.8522500651677	252.06881996788127	135.7582041719762	184.18764888015681	134.73711441173123
32x46	1413.509013059344	376.775967917276	150.93087821913738	135.20624985554457	48.73325353390607
32x48	1524.5171301103837	502.73559651172525	172.10252758167124	179.28268181840653	39.61413889004782
32x50	1639.3146494800808	630.7452100491928	43.704919631546936	215.48948930284266	152.98731973598345
32x52	1755.3122941516704	758.2850717243483	61.80008090609591	151.08358613694605	269.30698097153
32x54	1870.5837056918892	883.3400251318858	0.4472135954995512	71.26990949903062	390.16945036740157
32x56	1990.2141216462112	1011.8281721715402	49.52019789944301	125.61150425020791	516.578406439913
33x23	694.1292098737813	843.488209757552	282.71179671177504	371.3235247058823	221.62165959129527
33x25	665.2163632984383	898.0685998296566	325.44309794494023	327.4180966287599	108.6416586765868
33x27	660.3886507201646	768.7082476466608	203.03539100363756	256.37310701397695	64.90893621066328
33x29	674.4272607183074	642.4083825729546	79.40484871845027	173.43566530561134	109.52319389060924
33x31	712.0125069126244	514.751794557338	0.6403124237433416	157.99053769134406	84.25324919550577
33x33	768.1529665372645	386.4957697051803	116.37946554268099	223.7386421698321	112.71282092113606
33x35	840.7800247389326	258.6577855004559	243.39648723841546	271.4108509253083	144.21737065970936
33x37	922.1488220455526	132.4267722177049	369.6523366624378	283.52151593838505	137.47381568866143
33x39	1017.5315081116655	10.255242561733649	399.0275303785439	349.37167887509156	165.83898817829328
33x41	1115.100219711215	52.825183388228766	295.0804974917861	324.88844239215405	258.0939751330898
33x43	1220.7267343676879	178.56640221497435	212.8275358124508	201.7953418689341	152.3671880688227
33x45	1329.8392421642552	305.5837201161086	186.7533399969061	98.44089597316736	49.46524032085541
33x47	1440.7248869926555	432.07823365682293	230.60832595550426	94.6931887730051	0.4472135954999579
33x49	1554.9976463004698	559.7233959734043	127.6702001251661	137.6084299743296	67.38456796626379
33x51	1671.781184844476	688.6775225023684	71.15707976020407	211.88895676745398	190.96630592855917
33x53	1791.1570003771305	817.7464154614192	56.817250901464874	147.16657229140066	318.7701366188496
33x55	1910.652467090758	945.2521621239489	39.51265620026097	132.06683913836991	445.7710735343872
33x57	2030.91527395901	1073.4888215533504	132.62371582790203	211.68289964000442	573.5894437661839
34x22	667.5370401708057	762.9839447852097	214.10114432202369	368.6327440692157	276.2594794753655
34x24	630.5465089904153	835.3057524044714	252.2143929279215	300.2533929866571	151.39517825875427
34x26	610.5739676730411	841.0834500809061	283.4741081651022	273.10358840557177	33.02075105142221
34x28	614.8613176969259	713.9630522653114	163.42839410579774	252.92061995812034	39.000512817141264
34x30	641.2291712016848	585.6646224589631	62.91144569949114	203.98149425867078	123.09122633234264
34x32	688.2400743926496	457.08379975667475	75.2396172239069	227.41723769318827	130.10764773832494
34x34	757.7626607322375	331.5965168695232	184.20979887074412	240.89261092860446	187.03007779498998
34x36	836.3058112915392	206.01215983528746	306.3645051242067	218.01286659277667	186.1026867081723
34x38	929.6403282990688	80.0995630450002	435.7732667339751	264.3579769933188	189.83766749515235
34x40	1026.820266648453	0.5099019513592606	383.22873065572725	306.4034268737867	241.78804767812662
34x42	1132.1510544092605	106.60680090876012	294.746009302925	258.347072752915	215.10232448767252
34x44	1243.8330514984716	235.1226488452357	240.6355335356775	131.19092956450905	85.54916714965726
34x46	1354.2107849223476	361.6100800586182	215.93436502789413	25.96247291765528	0.22360679775038572
34x48	1471.4248128939516	489.93895538117835	194.70023112467004	87.5864144716517	0.4242640687118642
34x50	1586.6680969881509	616.0875343650447	126.43357940041108	126.41143144510298	114.90017406427208
34x52	1707.7334715932693	747.16919770558	139.98074867638059	226.5528856580733	246.00002032520243
34x54	1826.1908443533496	874.1653161730909	79.6994353806851	177.9100896520487	373.0
34x56	1948.291687607377	1003.2324257120085	116.25876311057196	203.2311491873235	502.1000896235733
35x19	716.5679381607857	635.1825013332779	139.6689299737057	345.2373241699103	215.08930703314817
35x21	642.4829647547082	681.468678663957	132.98781899106365	377.23992365602004	310.3861465980722
35x23	591.0103636993178	747.6491489997163	173.4164063749448	283.9123984612155	193.41988005373182
35x25	559.7660672102228	829.9447270752431	236.1661491408113	223.22645452544344	87.72371401166252
35x27	552.1270143725986	780.3476404782679	245.3488129174463	223.9858031215369	0.20000000000027285
35x29	569.8077746047343	654.531053503193	146.7586454012166	273.41196023583194	47.700104821688036
35x31	609.7594689711674	529.1589647733466	102.00004901959606	263.32301456576107	174.9000000000001
35x33	673.541683936488	403.9376189462922	157.45793088949205	228.25687284285638	199.43219399084012
35x35	751.2420981281601	281.5057548257227	266.18168607175073	163.30734827312574	252.16877284866177
35x37	841.1594200863473	164.3866478762797	353.5737122581372	180.30909572176327	246.4990263672456
35x39	941.3616202076649	48.51082353454745	431.4845304295391	265.9437910536736	259.3779096222346
35x41	1048.1305882379352	66.00856005095125	348.71238865288365	231.21446754041983	283.58901600731986
35x43	1161.164592122926	186.02206858327352	294.0602149220461	190.57284696409366	156.44554963309085
35x45	1272.4423130342686	308.9560486541735	200.2863949448388	65.3960243439921	52.642568326403065
35x47	1391.015575038612	433.35681603039336	146.99431961814005	50.964006906835955	16.202777539669206
35x49	1507.2994924698942	559.3168690465183	150.1298104974492	41.329892329886434	71.35516799784028
35x51	1628.473886803224	687.6432214455402	173.32166627401241	159.27460563442003	189.8636352754263
35x53	1746.2004123238548	812.5583548275167	151.31120249340438	248.31367259979874	312.6900701973125
35x55	1870.359644560372	942.4160440060434	136.98467067522583	235.1582445928701	441.6482763466878
35x57	1990.6107454748658	1067.7641780842812	198.18763836324413	284.1181796365732	566.6451623370663
36x18	715.9503963264492	564.7903770426688	138.26196150785637	275.5709890391221	132.16644808725096
36x20	633.5049328931857	604.2692280763598	67.33275577310023	320.95685068245524	228.31141013974747
36x22	566.0895423870678	664.8380028247483	111.10072006967363	296.7800026955993	238.8224654424285
36x24	517.420187082027	743.019279696025	149.43711051810388	199.4869669928338	112.74063153983121
36x26	492.899837695246	826.2715352715475	249.35887792496965	155.2000322164913	1.4999999999999092
36x28	500.98627725717193	708.6535472288273	232.26719527303027	200.9792277823756	33.31741286474707
36x30	530.42459407535	591.8932758530036	169.8035629779307	293.1048447228397	123.66749775102612
36x32	589.6894436904905	478.76094243369505	161.30976411860502	244.35883450368624	242.65374507721904
36x34	666.7307177564269	361.35778668793046	184.54172969819052	140.73823219011928	281.2032183315122
36x36	756.3309857463202	243.66444139430735	269.08058272569605	103.72058619194175	302.0002649005461
36x38	857.6059293171893	132.32735922703213	379.9056856642186	182.17170471837827	299.35752871775276
36x40	963.8768852918927	72.1501905749391	345.27474567364425	211.10056845020534	337.512147929523
36x42	1073.7414400124455	150.57117918114372	264.5019470627765	160.26503049636221	241.32069948514567
36x44	1189.7677294329342	267.4973831647706	220.30081706611955	148.03800187789625	136.77591162189356
36x46	1306.8789729733967	384.64899583906384	118.4130482674943	65.4083328024804	67.90029455017137
36x48	1426.1218356087252	506.6743431436015	79.20157826710255	18.69465164157932	78.3485162590845
36x50	1545.5131219112957	630.1814103891038	146.80602848657114	87.89544925648887	154.7753533350839
36x52	1666.0451284404035	755.4507065322	231.9219049594068	214.5431658198416	265.9115830497049
36x54	1790.9394210860398	884.3168040922891	191.84475494524222	291.51742658029906	389.3214738490545
36x56	1912.8372696076372	1009.3199789957595	211.45689868150473	306.20192683913706	511.6667079261657
37x15	827.7470386537182	495.55096609733283	78.59999999999991	202.4933579157597	26.437851652507593
37x17	725.9091954232292	496.446935734324	134.94428479932012	214.72251861414068	51.28898517225708
37x19	629.764559180651	524.7980563988397	54.48118941432873	237.29180348254735	144.62641529126003
37x21	545.3935276476974	582.4586680615199	38.58108344772074	318.11397328630494	271.19089217744767
37x23	483.65611750498925	657.03747229515	64.98030470842686	209.3318895916243	169.9883525421668
37x25	447.6985593007866	749.0475285320684	167.96785406737803	116.89054709427951	42.147360534201866
37x27	439.3062257696788	752.2178939642422	287.7939540713113	117.91420609918048	0.40000000000009095
37x29	455.5518082501701	626.5769306318256	210.5964149742341	210.05725409992397	119.45898877857668
37x31	508.50520154665094	508.51582079616736	136.86760025659822	286.7311284112695	208.38795550607063
37x33	583.4590388364894	393.7682694174324	107.99745367368607	162.0890187520421	309.56235236216986
37x35	665.9941816562665	289.1336196294023	179.47325706076668	53.408332683205714	366.3539954743228
37x37	770.9676582062311	211.0358500350115	297.15573358089534	95.86620885379791	328.5701295005372
37x39	877.111081904681	142.65430242372656	362.37970417781384	213.69756666841113	300.2000166555623
37x41	990.8474756490024	148.385713598042	258.73793691687297	125.91870393233832	276.8286834849304
37x43	1108.707251712552	235.0692876579164	187.5168525759747	117.13398311335597	220.97142349181715
37x45	1227.6585396599494	347.190855294318	140.19233217262624	140.3719701364915	146.05372299260318
37x47	1347.4954619589637	467.00922903086223	34.04144532771755	103.92122016219766	128.9651891015558
37x49	1465.8154761087767	583.4271248407979	61.88545871204314	69.68220719810769	155.22180903468438
37x51	1590.8539090689628	708.7745480757616	189.47548654113544	170.1304205602279	243.27835908686993
37x53	1712.9214255184036	831.9627455601603	263.090117640325	289.84480329997297	350.588091640318
37x55	1835.8768286570864	956.3252218779973	251.9145291562202	351.2752909044417	467.29062691220366
37x57	1962.914488713148	1083.9628637550275	293.53447838371585	385.49201029333955	590.5002032175773
38x12	966.6429795948449	491.1263075828861	133.2360686901259	246.68613661898365	219.87098489796242
38x14	851.3865984381008	444.8832880655328	39.07863866615612	160.97683063099467	99.42404135821485
38x16	739.8491805766902	433.50018454436673	53.08493194871792	149.61821413183628	0.6403124237431996
38x18	634.4904806220499	451.3532651925761	107.10074696284791	161.28412817137334	76.6052870238081
38x20	538.8292215535454	498.0188048658403	18.301092863542507	230.51882786445017	202.82684733535666
38x22	459.91261126435717	570.180506506492	0.6403124237430576	236.12837610079794	242.2713561277933
38x24	403.8179911791944	662.0323028372559	93.01381617802818	123.66879153610247	121.88670969387923
38x26	375.3734806829058	760.8298430003911	219.6247936823162	37.3021447104584	20.185390756683695
38x28	384.4555761073053	670.402781915469	236.27206775241106	128.70000000000016	67.57876885531448
38x30	425.8845500837051	544.8055157576874	121.08364877224322	252.54237268228877	185.1384616982652
38x32	498.9761717757672	422.53238929104583	48.43573061284395	212.10002357378454	283.55884750788505
38x34	587.5084510030473	308.182056583442	102.55037786376029	86.70051902958811	377.38174306661955
38x36	687.8117838478781	200.45510719360536	223.6332935857274	19.101047091717618	302.39651122326086
38x38	797.1470692413038	126.46204964336118	349.56694637794345	146.9001361469758	248.839807908622
38x40	911.8921043632301	145.14341183808523	270.4574088465686	131.84464342551038	224.60144701225767
38x42	1029.2384854833213	234.39168073973985	167.1605814778111	44.04384179428487	220.47553152220777
38x44	1150.6684405162075	327.9924694257479	104.03778159880179	126.21196456754836	231.5432141091591
38x46	1270.6233942439435	434.29023705351716	64.07503413967099	181.1690094911382	181.80541796107212
38x48	1391.2200760483586	550.6560632554592	16.688319268278892	124.10680883819393	196.79049773807688
38x50	1515.2433533924511	668.559062461949	129.8784816665179	157.12676411101972	242.12067239292077
38x52	1638.4113341893117	789.9385419132302	256.3421541611915	257.48805797551097	333.4068085687515
38x54	1763.6197549358535	911.6087099188994	308.51554255823174	371.90246033066256	437.6236282469219
38x56	1887.553167463105	1035.2875735755745	326.19558550047856	423.08315967431275	552.4112236368845
39x5	1374.6444049280526	769.9089816335434	207.6570249233095	143.91608666163748	672.9600582501164
39x7	1248.1846177549216	660.0541189932836	81.85865867457139	92.45669256468106	543.6918612596662
39x9	1128.040446969877	564.3164449136669	16.451443705644635	162.32944896105548	419.789292383691
39x11	1004.2241682015026	475.82788905233343	48.54049855532993	213.86860452156114	296.22656869362686
39x13	884.6588608045474	412.9170618901571	68.09478687829177	160.97981239894625	175.92526822489137
39x15	769.5810613574115	380.1565598539633	0.6403124237433416	87.29266864977835	70.6428340314854
39x17	650.9221919707452	376.67399697881956	119.5997491636167	92.47540213483762	54.14148132439707
39x19	548.7643301090185	418.30000000000007	88.68195983400447	145.38875472332802	151.06319869511586
39x21	454.27833978740387	487.60025635760275	9.529428104561234	252.51457383683814	273.0395758859877
39x23	373.61766553523665	575.2719009303339	51.91107781581891	146.3596939051185	201.9459333584116
39x25	330.7493612994588	677.8483163658373	162.6823284810002	50.421622345973574	98.02009997954491
39x27	321.703745704025	725.045998540782	285.22920607819975	54.0231431888226	0.31622776601655034
39x29	349.18340453120027	591.8001774247789	155.36682400049233	188.07883985180268	107.53627295010739
39x31	409.853498216131	470.8142839804244	36.297245074522976	284.66768344861316	193.64681768621986
39x33	499.38651363447946	345.8223387810566	29.696632805757798	161.11948982044333	289.4907425117426
39x35	602.633752788541	224.7448330885493	155.66322622893335	56.49637156490655	304.2042734742559
39x37	713.1202563382981	112.99778758896123	262.90017116768865	101.70791512955125	217.14165883128
39x39	832.6413873931563	66.59789786472233	311.2755692308663	183.20010917027298	182.41238993007008
39x41	949.8136712008309	150.00136666044088	191.1334873851256	58.09999999999991	160.2585723136207
39x43	1070.897978334071	264.04484467605135	81.28394675457102	48.20663854698879	185.95451056642847
39x45	1192.5304230920065	385.77844678001384	49.723334562356044	164.3618264683134	253.2042851138188
39x47	1313.2209638899312	508.24098614731975	43.640577448058735	200.67311728280907	245.083863197886
39x49	1437.7837459089596	630.9279673623608	101.58395542604183	182.88493650380312	265.64054660386495
39x51	1565.318897221905	751.9560160009363	211.59406891498665	244.343303571021	328.563616366755
39x53	1687.7367626499106	870.066537685481	331.51377045305406	343.22438724542906	420.43950813404814
39x55	1813.4300372498521	990.116407297647	370.61098202832574	454.2471794078638	523.3798811570808
39x57	1944.4403307892994	1116.769806182098	403.7249063409393	498.34064654611535	639.0988968852945
40x6	1296.2682785596505	685.0400353264032	135.6003318580009	58.61953599270443	616.3307959205024
40x8	1172.4852451097197	576.1363119956941	9.36215787091841	82.18059381630187	495.6872501890683
40x10	1049.4798425886988	478.66934307515453	5.9615434243155345	132.42333631199602	375.2427747472294
40x12	925.6448833110891	391.0271729688358	100.31674835240635	198.89054778948133	260.3060698485535
40x14	803.3099152879913	334.06349695828777	43.10011600912468	74.81991713441002	157.48149097592392
40x16	683.715474448253	317.3040340115452	83.65315295910877	49.48181484141413	95.16538236144511
40x18	573.6488908731541	340.57429439110626	173.0833614187107	58.772867889868984	130.90091672711867
40x20	464.83933783620324	403.96956568533733	91.08243518922836	174.67630062489886	231.97803775357713
40x22	368.7869439120639	489.53427867719313	69.35135182532528	170.90994704814565	285.8993004538488
40x24	296.54073919109317	593.4839593451536	135.01781363953432	64.9123254859968	182.6669373477314
40x26	266.3652004297855	704.9959006973016	240.43880718386546	55.14000362713118	61.27332209044978
40x28	271.93243646170623	651.6002225291211	222.79508522406874	139.1784825323225	20.44137960119113
40x30	326.9131383104693	528.7451181807731	102.73071595194862	253.77194486388785	109.61478002532331
40x32	413.77352501096544	400.37873320145246	3.5114099732159967	243.16687685620334	204.06207388929482
40x34	517.4684531447303	273.60774842829255	84.98117438586011	141.2437609241556	315.8784576383772
40x36	632.2471431331264	147.43897042505398	180.31597267019922	103.29206165044837	221.48600407249194
40x38	749.5510989919233	28.100711734758423	292.3587693228989	186.14738784092583	138.65875378063924
40x40	868.3614454822371	63.25820104935023	246.28844877500833	135.19319509501935	124.10640595875766
40x42	989.4498724038527	183.24423592571776	118.99684869776976	45.72362627788854	106.79161952138362
40x44	1114.5294298492076	311.3397661719428	0.5000000000001819	93.70085378479732	179.2586120664778
40x46	1240.31100938434	439.79313318877576	37.01351104664351	158.62471434174435	291.7512639218553
40x48	1362.7721342909826	564.4405105943406	103.48569949514788	233.0448240146091	306.1723207607117
40x50	1491.4061988606593	696.2453949578411	191.20054916239152	260.13313898848054	345.2741664243072
40x52	1617.332186039714	824.1099441215354	296.10842608747237	331.89034333647027	415.6404696369209
40x54	1740.961688263128	948.1878505865811	397.0974691432824	424.77311591012943	502.3154387434257
40x56	1867.851434134953	1068.1635548922275	434.07024777102646	532.1024149541142	606.163492797117
41x7	1223.8024758922495	601.2790533521021	96.50129532809392	5.70087712549569	578.1630392890919
41x9	1100.4759561208048	493.4698876324672	0.36055512754613406	47.7800167434041	459.1471768398452
41x11	973.2070077840582	390.69793959016465	72.6682874436987	146.659060408827	343.07153772937806
41x13	847.465539122388	308.52947995288855	58.79999999999973	132.70433301139798	242.07940845929068
41x15	723.1260263605507	261.1843218878189	106.01721558313102	16.32329623574877	172.42926085789531
41x17	603.991291327946	266.93647184302097	168.7290135098291	2.340939982143816	158.86623303899438
41x19	489.69934653826095	318.0343534903106	177.60926214586922	101.80397831126253	216.91622806973234
41x21	374.6471673454903	407.99325974824626	112.48511012574033	217.0992860421239	320.63390338515387
41x23	283.0508964833003	505.86540700071606	107.79615020955066	95.43589471472451	254.26602211070193
41x25	222.6876736597693	618.5677004176665	198.3597741478851	14.764823060233407	129.32130528261763
41x27	206.1099949056326	708.9443772257453	206.01050944065912	131.93001932843066	11.955333537798154
41x29	246.45139480230185	587.5934734150812	181.02676597674704	222.5486239004862	30.137849956491646
41x31	329.59346170699456	460.89440222246105	85.77557927522251	324.9486882570845	120.79838575080399
41x33	434.815972567706	334.01366738503367	20.681634364817242	226.01223418213448	238.4653643613681
41x35	548.127083804477	208.85138256664695	92.42131788716291	163.41266780760913	244.91733299217492
41x37	671.0594608527624	79.14796270277571	215.0813799472192	185.81334720627598	131.26461823355123
41x39	788.7726288354585	0.5099019513593499	315.8820349434264	218.92797902506678	72.91543046571108
41x41	912.1047363104746	116.46222563561146	190.50577419070515	124.81846818480042	45.41200281863776
41x43	1037.3798725635659	244.6630335788388	75.0066663703967	68.24221567329127	91.60785992479029
41x45	1163.481968059669	372.64365015387034	5.04876222454571	70.43074612695808	206.47103913139986
41x47	1288.2172526402524	499.831461594806	86.23044705902902	186.98045352389104	316.69968424360627
41x49	1415.5579253425133	628.4037237318063	190.1074433050954	296.60182062826254	377.0687470475378
41x51	1546.740912370265	761.072434134886	231.9531202635565	340.10329313313065	425.68797258085675
41x53	1673.0541802344596	888.6588152941488	312.3576315699681	418.12329521326615	501.4653427705649
41x55	1796.7922194844903	1012.8860153047826	415.99697114281975	510.2811773914459	588.3134198707355
41x57	1924.603857940641	1142.1280182186233	509.984911541508	606.4160370570689	693.9902088646498
42x8	1152.955870794715	520.299375359994	55.704936944583245	37.799999999999955	541.8900626510879
42x10	1022.7159771901481	404.2041192269071	56.151313430765036	76.1444022893346	426.005129077104
42x12	899.5362027178228	305.7734128402925	51.81679264485596	171.95051613763763	327.3905618676264
42x14	772.3641951825575	226.79561283234725	34.18552325180936	86.63400025394178	253.86147797568663
42x16	648.0328541054072	199.7002253378797	151.836029979712	80.73524633021212	212.65601331728212
42x18	526.7948082508025	234.1033318857292	246.51809264230468	69.9211698986798	233.94138154674596
42x20	403.2158975040542	319.6602258649017	120.11935730763794	181.1448591597344	306.51763407673633
42x22	291.6923379178819	423.1340449550236	38.35648576186263	158.94785308395922	327.1324196713007
42x24	196.34197207932885	539.4461696962915	117.67909754922499	52.2280575935962	206.02856598054547
42x26	147.35107736287483	624.3767612587769	149.6086227461503	93.78454030382632	98.42936553691708
42x28	161.13823258308364	657.5846181291041	166.54227691490223	212.24544753657295	19.228364465029177
42x30	241.55450730632205	531.3339627767077	169.73679624642364	309.2975589945711	38.44190421922426
42x32	350.1740281631404	405.7329786941162	63.090807571309604	314.05771762528013	166.1235985644423
42x34	469.0889148125331	281.19141167539243	16.733499335165998	239.5433363715218	280.62539086832464
42x36	590.7280677265979	163.27354347842154	143.47700164137817	221.9325347937975	162.47599822743035
42x38	715.8860593697856	66.1532312136	272.8681916237217	272.4504542114038	43.1167021002299
42x40	840.4625452689729	88.60073363127434	267.2188054759618	207.76787528393305	52.022014570756625
42x42	966.6845659262386	198.37704000211355	159.0988686320554	113.96337130850395	10.604244433244807
42x44	1092.8099651815041	320.0781467079565	86.42927744693958	0.14142135623750243	121.97712900376027
42x46	1220.32724299673	446.2709714960186	67.71838745865143	120.98504039756348	240.83475662785906
42x48	1347.4332673642878	573.0963357063105	153.56304894081777	249.06266279793934	365.72258612232315
42x50	1472.9922369109759	698.3805051689232	149.7261834149257	369.5883250320553	453.1903904541669
42x52	1602.3885702288321	827.8145504882119	224.94739385020662	424.41763629707975	509.9046283374964
42x54	1729.8460191589309	955.2961059273719	333.1868094627997	504.80377375768535	587.9255480075691
42x56	1857.9847281396048	1083.8528728568288	426.743306918808	603.2006714187249	681.8019140483551
43x9	1082.0804498742225	438.80348676827975	0.31622776601698177	46.12699860168683	513.9405607655423
43x11	953.7484626462052	321.0002024921478	10.532331175955315	147.16769346565175	415.4310171376231
43x13	828.7894605990111	218.30705439815713	8.2927679335672	88.61811327262603	338.45911126752077
43x15	698.927213663912	151.08292425022725	88.55873757004464	43.83206588788615	279.0785731653366
43x17	574.7591234595583	156.15649202002436	212.70977880671134	108.65840970675052	270.9129934130147
43x19	448.5285386683883	232.09879362030279	175.80344137701056	156.4840247437421	313.91312492471576
43x21	324.13407719645863	341.0127563596412	46.71295323569239	119.98041506845983	367.9533937878542
43x23	204.05489457496458	460.11672432112283	46.92334173947991	116.69104507201914	288.75456706344914
43x25	108.92993160743261	539.1865447134229	109.21231615527594	101.81222912793946	186.32265026024078
43x27	87.46382109192311	615.4766608085148	88.87249293228999	179.1879460231632	102.35975771757211
43x29	157.82959164871457	602.5971954797001	104.40584274838234	293.39014980056874	44.7010067000736
43x31	272.69706635752453	477.95846053815154	139.38396607931608	395.4851324639143	117.36051295048117
43x33	392.33990365498136	359.8080043578797	55.65968020030327	319.89029369457296	237.69307941124438
43x35	514.787344444286	248.42666926077018	101.36473745834913	280.37512371820753	201.10248630984142
43x37	642.048230275577	151.3919746882244	217.94386892041751	294.12434445315836	81.3088556062619
43x39	767.1507348624519	104.44256795004611	340.5983705187093	293.0345542764539	0.5
43x41	895.4627016241383	175.9768450677536	245.5761592663261	188.83021474329766	7.851751396981388
43x43	1022.3812400469798	282.41317249731844	165.10905486980437	81.21576201698795	39.824615503479805
43x45	1151.134853090636	399.1068152763119	115.92432876665734	84.22499628970037	168.65660378413892
43x47	1277.4752952601473	520.781460883546	144.9590631868181	195.69397026990916	295.41382838316844
43x49	1404.3784176638433	644.3132312780796	83.37349698795148	318.1482987538988	422.60234263430203
43x51	1532.9932713485732	770.8039763779117	139.29454404247122	443.8760750479804	528.7628674557247
43x53	1661.689098477811	898.562774657397	251.36956856389745	508.3800350131782	593.6758880062423
43x55	1789.547878655388	1025.1121938597746	347.1720178816256	590.5064013200875	673.4344882763285
43x57	1916.8055352591198	1151.4336541894197	419.68876563472605	686.0372147340114	764.820933290924
44x10	1014.1811475274031	358.67784988761156	41.60048076645269	128.80139750794638	501.821083654324
44x12	884.7599052850439	238.50595380409263	24.805039810490307	142.07776039901532	416.4138446305551
44x14	757.690306127774	131.24023773218312	73.5527021937334	20.678491240900552	355.68300493557473
44x16	629.8168384538475	86.10023228772373	149.8747810673964	91.4551802797412	326.12827231014495
44x18	502.1274041515758	145.50714759076257	192.1424731807101	75.47403527041584	344.6356481851525
44x20	373.5531555214063	259.69127825169636	109.36708828527888	131.32387444787025	374.5615570236753
44x22	247.36604455745328	381.4146824651616	42.00428549564913	43.07853293695132	281.43127047291665
44x24	123.45027338973351	461.18019254950633	122.65630843947675	131.10976317574517	219.56541166586288
44x26	37.18843906377325	532.0610679235983	40.434885927871484	174.16021359656204	187.15709978518052
44x28	74.41565695470261	620.3728636876373	80.82382074611401	263.5224658354579	108.81401564136881
44x30	193.9407125902139	557.6583183276299	67.53369529353456	374.80341513919	116.36666189248545
44x32	319.117298183599	440.95311542158316	135.80740038746058	401.50423409971665	201.45284808113306
44x34	445.50202019744006	330.7731095479194	113.06480442648837	347.44992444955295	216.47875184414713
44x36	572.5589052665239	236.24584652433566	188.20547282159492	336.5912951934439	124.70966281728104
44x38	700.0801454119381	169.27200004726112	298.9602147443706	323.3119391547424	0.6403124237430576
44x40	827.2966154892694	180.00080555375325	330.2887978724076	264.8480507762892	0.29999999999972715
44x42	954.765782797017	261.79858670359573	246.19118586984376	165.60464969317727	15.142654985173643
44x44	1082.5819922758742	365.4276535786533	190.08937371668094	110.95841563396633	112.91133689758563
44x46	1211.4927197470074	480.0193850252303	142.40719785179377	170.57962949895304	236.81851701250088
44x48	1338.5079529087604	598.8101034551775	59.2582483710072	277.232645985281	362.4421884935585
44x50	1466.42794913354	721.3897213018774	52.884118599065374	396.2104617498133	489.75333587429526
44x52	1594.48110681814	845.5167650614625	173.6985895164381	519.4273770220436	608.9323443536238
44x54	1724.5019802830034	972.112791809675	271.301824542335	590.3481006999178	675.3333102994404
44x56	1851.1967372486376	1097.176540033554	334.0496370301877	676.4456814852175	759.2384078798967
45x11	946.9000844862143	280.2023732947312	56.97692515396022	212.7260444797488	499.107974290133
45x13	818.3000977636505	156.43800689090853	71.72900389661055	103.35013304297215	431.90722383400845
45x15	691.500723065421	45.30176596999283	70.94540154231281	72.70660217614353	391.3518238107496
45x17	562.8002221037231	62.303210190166	158.7252027877111	4.482186966202965	386.0387156749955
45x19	436.0005619262434	181.46649828549616	108.64478818608812	107.95133162680298	401.44550065980303
45x21	308.00196427945065	307.9837820405483	25.72566811571635	58.01043009666452	290.21235328634765
45x23	178.60226762278234	380.6446768312936	82.34543096007214	55.43257165241398	197.25204688418304
45x25	49.9524774160401	443.9104076274851	50.80009842510145	184.26516219839283	146.25816216539837
45x27	0.28284271247500486	530.088181343444	34.115685541991176	256.6162114910128	183.29833605354955
45x29	122.1622691341315	631.1516616471827	0.14142135623718088	349.3766162753312	159.90003126954048
45x31	251.40877073006035	524.5984845574758	85.42113321655242	413.4708816833414	156.76597207302316
45x33	378.7180745620681	418.0624116086018	168.6089558712706	424.8898445479724	161.78312643783326
45x35	504.007777717765	324.30979016983144	191.29411909413227	395.09801315622957	132.3610214526919
45x37	634.7075704606023	247.09775393556313	275.243346876905	328.18241878564993	61.560539308878305
45x39	760.4037874708412	220.86991646668417	370.35215673734086	239.9694147177926	13.52479205015749
45x41	891.1068735005923	264.00503783072037	317.9695897409058	193.9986082424304	62.32383171789109
45x43	1019.4030655241332	349.1461155447674	254.97060614902253	179.0195799347099	94.38225468805038
45x45	1146.0004363000915	450.4220243282959	144.01388821915754	181.06904760339356	193.68531178176625
45x47	1274.5006630049277	562.292752932136	56.829041871212155	256.73476585768447	313.651940851639
45x49	1400.5002284898064	677.4474813592565	0.5385164807133829	359.3281091147756	434.5911757042474
45x51	1529.5033474955196	799.650104733314	109.21487993858719	476.69391647051685	561.2574186592103
45x53	1658.5009767859651	922.6774571864212	195.43922328949205	597.5105773122348	688.2209601574192
45x55	1787.0	1046.329298070163	250.60127693210185	675.1392448969324	759.8855176932905
46x10	1014.125297978509	336.2194521439828	83.382971882753	229.0723029962378	585.1382058966926
46x12	885.3791108897927	207.55618516440302	0.4123105625619425	190.35747949581616	514.2164622024467
46x14	760.6992638355842	82.99259003067665	0.9848857801792226	106.98584018457734	464.46761996935834
46x16	628.8951740950155	0.5830951894846237	79.18547846669885	70.16794139776353	435.6314267818611
46x18	505.889958390162	107.3035414140653	129.09240876209537	51.75567601722575	446.725698835426
46x20	375.56520073084505	237.66871901872162	32.385490578343756	132.28461739748877	322.86966410612183
46x22	254.08032194563995	300.52422531303495	13.971757226634114	55.71005295276644	205.42835734143407
46x24	130.84372357893216	360.3352328041207	130.71679310631822	128.88708236281877	117.10542259007461
46x26	23.226278221015168	447.5960902420842	29.93760177435737	249.61221925218325	105.48677642245013
46x28	74.62392377783452	546.9898810764237	52.9181443363237	340.03724795969083	191.98419205757548
46x30	193.38464261672894	606.8930877840019	10.159724405710913	349.29016590794527	137.78105820467485
46x32	319.4984350509406	501.808379762634	137.30932233464722	384.8439294051551	95.95962692716132
46x34	443.7153254058282	407.7110373781903	186.31824924037883	456.1187235797275	142.0214420430942
46x36	570.395485606259	327.18956279196937	245.84631378159804	359.32104029683535	52.64798191763851
46x38	696.6605270861845	281.3103090894466	338.8768065241411	247.53724972213755	0.5385164807135517
46x40	826.0669222284597	287.1949860286562	289.94578803631543	158.8847380965207	39.7612877055058
46x42	955.2141592334151	343.666538958916	256.0154096924634	147.01799209620543	126.36728215800191
46x44	1080.43156192329	428.94144122479025	182.30841999205623	221.88952205996546	172.80787019114638
46x46	1209.333192300617	531.8779653266344	62.26531940012785	256.3301972066503	273.40733347882286
46x48	1336.0490896669928	640.7478209092874	0.4123105625618322	337.8132176218096	388.97553907668805
46x50	1465.6511897446817	757.6116485376928	81.38802123162868	442.2105946265877	511.14754230065546
46x52	1592.9706086428587	875.9285130648507	137.11659272312707	555.0190627356867	633.6557109345738
46x54	1721.5916037202323	997.6353291659235	166.55884845903572	673.7865017941517	758.9889656641923
46x56	1848.99749323789	1119.507449729568	255.39954972552331	756.6739918881847	841.1992213500918
47x11	954.2366268384378	272.3026624915739	37.43180465860552	261.98156423687533	595.4453291444984
47x13	825.9698420644667	144.51221401667058	61.77847521588743	134.40007440474122	535.020915479012
47x15	704.2195396323506	32.28869771297684	4.400000000000091	21.971800108320615	505.1524126439465
47x17	574.3109958898575	55.131841979023456	135.40059084066075	81.96413849971225	492.6407616103238
47x19	451.97916987401084	177.18512917285142	49.600100806349076	144.1720153150397	367.38477105073355
47x21	322.77386821116727	242.576111767008	0.4123105625618322	119.24332266420626	239.82445663443073
47x23	204.33426046554206	281.39276820842434	79.79655381029939	129.49861003115055	113.91264196743042
47x25	107.02261443265145	362.8479571390751	108.34315852881518	213.86173103199195	39.09782602651964
47x27	79.66385629631573	465.78571253313487	80.41349389250566	321.2798312997562	111.04742230236609
47x29	158.32018190995132	575.0798901022363	42.05567738130027	288.654949723714	157.04292406854861
47x31	274.4776129304537	585.4013665853541	89.86968343106582	308.2981673639984	52.06495942570208
47x33	392.76440775610024	487.9332741266986	122.44868312889264	376.5937864596281	68.14161723939341
47x35	517.1224709872898	406.6229826264128	165.21637328061647	401.4967621289114	57.60078124470142
47x37	642.4322921522551	348.32492015358304	258.29643822553976	278.7784963012747	0.499999999999909
47x39	767.5450019379973	330.4677442656093	284.6189206641045	163.62130056933265	77.74914790529891
47x41	894.0681405799002	358.80000000000024	214.94008467477602	86.68933037000548	119.485731365716
47x43	1022.5967338105479	427.1042963960914	205.2873108596825	136.24639444770645	194.73849131591868
47x45	1149.9948912930006	516.143245620826	113.92124472634588	249.1028903886906	259.43255385552544
47x47	1275.5507869152054	616.7563619452985	16.589454481688147	339.2583234056315	357.12212196950225
47x49	1403.0336916838455	724.1521525204494	66.07526012056275	423.41556419196513	469.7492309732929
47x51	1530.9832951407407	838.1039613317673	91.94046987045436	525.507231158621	589.0480880199852
47x53	1660.862197775601	957.3468754845342	86.45947027364878	638.7107639612786	711.9849998419911
47x55	1789.2089006038398	1077.2778146792036	171.15750056599938	755.0310523415579	835.3132885331111
48x12	897.4600269649897	221.0712554811231	72.12835780745324	194.38235516630618	612.0804685660212
48x14	773.9561034063883	113.07807037617866	0.2236067977497756	69.96034591109449	570.0321482162213
48x16	653.0401825309067	70.43919363536213	79.10423503201358	42.39669798463112	534.1736421801432
48x18	527.2167675633998	140.56002276607683	122.33609442842284	149.63863137572477	411.23779009230157
48x20	412.5147270098366	176.58142597679955	32.942373927815375	212.8135334042458	296.281285267902
48x22	296.2461307764205	196.14068930234717	0.41231056256172194	167.1172342997577	171.42453150001592
48x24	194.87883415086435	274.7627340088169	124.00064515961198	205.09597753247166	44.33012519720643
48x26	134.13381378310268	380.36493003430286	136.07012897767115	299.5604780340695	29.25884481656805
48x28	164.3411695224299	494.48601598022975	122.76489726302063	239.22378644273638	156.0192936786987
48x30	244.318235095132	612.4824895456196	99.79178322888151	234.71514650742046	79.54495584259234
48x32	353.74623672909934	579.2702305487485	80.47111282938734	286.1223514512627	0.4472135954999579
48x34	473.7251629373305	496.1271308848166	76.7706324058881	375.9892684638753	95.8004697274494
48x36	590.3089445366724	428.8074742818741	169.5064895512853	331.52775147791164	0.5000000000001819
48x38	715.5879540629511	390.88888446718494	289.53949644219523	203.07368120955493	63.69552574553437
48x40	840.1815577599883	396.09702094310217	198.56749482228912	80.14143747150993	148.3470592900315
48x42	966.4379183372312	437.44491081735123	144.83179899455752	51.88111409752119	204.64615803869904
48x44	1092.4503695820695	510.8052564334084	178.40630594236285	169.11951395389	270.51101641153184
48x46	1219.4932431137129	600.9633682679839	88.6260119829386	296.0617672040755	344.0278622437436
48x48	1346.6606179732146	702.8857801947627	97.5131785965365	423.26164484866814	442.79794489134673
48x50	1474.1999355582677	809.8334705357641	109.79640249115619	510.51919650489174	553.8740380266981
48x52	1601.068649371413	922.1318886146387	23.264135487913205	611.8330000907113	670.5046010282109
48x54	1727.9630204376485	1037.045032773409	84.70301057223433	720.3893391770873	789.4955351362037
49x13	850.2672638647216	199.62569974830413	68.14704689126286	152.4520252407295	643.9664742826294
49x15	728.9444766235629	136.43405000218985	21.439449619801447	69.08436870957149	573.572009428633
49x17	608.6483796084567	148.47912311163498	150.4933553350447	130.70749787215746	449.77933478540325
49x19	491.0863467863874	132.632575184228	110.72217483413178	232.37297605358543	332.10359829426693
49x21	379.61214416822855	124.30197102218438	55.553397735872075	231.13325161040777	213.13136794005686
49x23	279.5197488550676	190.00181578079707	70.34692601670673	226.8402301180284	108.00041666586279
49x25	206.6804538411897	296.23607140252165	194.98925611427936	290.4014634949352	5.0209560842535375
49x27	190.86434973561734	415.0983016105946	190.67721416047607	222.1679544848894	97.12363255150652
49x29	244.5000204498972	537.0421398735856	155.3288769031699	173.42623792263925	97.45901702767152
49x31	331.8716016775163	658.5360734234686	112.8226927528323	202.44841318222274	0.40000000000009095
49x33	437.3786002995575	578.4863351886544	3.3526109228478687	291.7218538265516	57.154527379727405
49x35	550.0593513431074	506.06470930109316	88.94992973577905	392.50616555666977	61.32446493855439
49x37	669.0612079623213	460.1357408417652	211.95966597444934	265.4010173303784	73.7407621333008
49x39	793.8016124952131	447.03847709117855	207.64248120266686	135.5735962494169	150.57224179775008
49x41	918.191657553041	468.9284806876206	110.97711475795329	15.815182578775255	221.94485801658053
49x43	1039.2298157770495	519.7339800320933	96.51740775632102	101.80771090639458	290.7139659527904
49x45	1164.881079767373	592.770554261934	150.45175306389717	229.67091674829038	347.65547601037474
49x47	1291.811708415743	686.5451842377166	128.9530534729597	358.22770691279607	429.4260006101169
49x49	1416.691194297473	786.7243100349704	171.1851044921843	484.80876642239053	526.3731946062604
49x51	1545.0157313114973	894.6175775156671	48.6642579312576	596.8696758924852	637.3608161787171
49x53	1672.5408365717115	1006.1842028177547	21.28497122384738	697.7737813933685	752.7834017830098
49x55	1799.37446075018	1119.9760042072335	142.02693406533885	805.0474830716513	870.486099831583
50x14	808.956890075114	208.35126589488243	29.124731758421397	146.45562467860358	625.2521491366504
50x16	691.1763016770757	182.86300883448263	91.14318405673592	132.00030302995543	500.04647783981017
50x18	574.7750342525326	124.35569950750144	193.90394529250815	209.68724329343456	376.38801787517093
50x20	464.1846615303009	68.75172725102955	140.45141508721113	305.3928617371403	256.6745020449049
50x22	366.2256817865183	103.3094864956745	83.61728290251999	275.67199712702086	138.152994900581
50x24	286.1377640228567	212.00948092007593	154.2868108426642	302.2231294921024	22.62785893539185
50x26	248.08194210784495	332.3246153988595	216.88072759007412	233.75296789559695	63.10031695641464
50x28	264.16192004147763	459.036077013561	146.56848228729115	138.626548683865	149.40655942762362
50x30	324.6466540717771	586.1752724228478	164.93043988300008	127.07261703451269	20.900956915892724
50x32	412.63612299458237	665.5000901577704	59.667160146935345	203.1663604044722	0.41231056256139104
50x34	517.3234674746551	590.250091063102	19.969226324522943	315.9106994072852	120.02570558009685
50x36	631.5383282113606	534.4371431702707	145.2868197738529	337.7292702742835	107.71564417483691
50x38	752.4189923174456	508.1168566383133	204.85492427569304	212.80305448935653	157.7616556708254
50x40	869.753861733307	508.12220970943616	131.70034168520573	102.2574202686533	233.59833047348639
50x42	991.4479764465708	542.8807327581263	30.7358097339242	79.86419723505661	299.1502799597555
50x44	1113.6941950104617	602.6829680686191	82.74515091532562	179.79032232019617	376.46535033120915
50x46	1237.7391688073865	678.558951013101	75.60588601425157	300.38516940754585	431.1429577297999
50x48	1361.1995775785417	769.1713008166648	141.76420563738947	423.9861908128614	512.1574855452179
50x50	1489.664207128573	872.0095469660871	132.95581972971328	553.4642264862293	611.7764706165156
50x52	1616.254361169677	978.0795264189924	59.600000000000364	681.2080152200208	719.97413842443
50x54	1740.5093105180451	1086.043581077666	103.38210676901521	779.4828157182174	831.2565548613741
51x15	772.3661825844007	244.52795341228378	80.64192458020841	180.34112121199655	554.8986574141262
51x17	659.1019496253975	152.5797496393277	171.89351354835964	210.87290010809863	427.7870732034803
51x19	551.2580611655491	37.971699988280456	212.8690912274493	295.8699883394735	301.1329440629171
51x21	450.4661807505642	19.093978108293722	141.2507699094059	340.1061304945856	175.58866706026308
51x23	368.29647025188837	134.4785856558582	128.46980189912318	339.2941054601452	59.47007650911497
51x25	314.77059900823025	259.6215129761016	199.71962847952608	240.7823290858361	0.3605551275464494
51x27	303.816605866105	385.61344634231847	133.29114749299714	152.1851832472528	110.8274785421018
51x29	340.74521273232926	513.6303145259246	85.17804881540752	61.358780952688015	94.30005302225418
51x31	409.58179891201246	645.6277952504836	110.35873322940935	126.10570962490179	0.499999999999909
51x33	501.15295070467283	671.9967857065985	0.28284271247436177	237.71344093256496	76.20944823314257
51x35	606.0872626940783	609.645610170368	96.38864040954226	364.75659007069385	168.088577839186
51x37	713.735020858582	572.3284721206873	213.92120044539774	296.77580763936936	154.17872745615693
51x39	829.5065099202059	559.4202802902306	123.74186841970628	188.72056061807348	207.12810045959492
51x41	947.099028613165	577.165288284041	69.49079075676143	124.99427986912045	299.44977876098045
51x43	1069.4823514205368	621.1261546578121	5.52268050859391	163.88196972211458	381.16833551595045
51x45	1191.9844965434743	683.7349193949364	60.72758845862386	263.12134082966367	450.73810577762356
51x47	1313.8888994127321	764.3350312526571	60.91994747207217	378.8395966632846	514.9891649345647
51x49	1437.267142879152	856.2065405029329	185.97860091956844	500.2057976473286	599.0824984924866
51x51	1563.1820111554512	956.8966506368391	133.34016649157152	622.5682291925924	696.8014064279726
51x53	1688.7181943711034	1060.620733344394	117.10824052986213	745.6033395847955	802.0074438557289
52x16	741.7887637326412	207.62314418195282	162.28607457203503	241.59753723910387	487.60124076954514
52x18	636.318065121524	81.26302972446925	255.18636327202157	292.7628391719144	361.2019933499812
52x20	537.6616222123355	0.14142135623750243	148.57058928334345	380.64158995044176	233.10259543814598
52x22	452.0010287598913	68.78175630208952	63.88059173176123	385.09600101792773	104.70687656500867
52x24	390.5548873077894	194.472928707314	118.31703174099664	264.7147899154861	0.5656854249493666
52x26	361.37062691923387	322.3087494934014	157.0660052334686	154.82419061632422	55.58713880026598
52x28	373.07468421215617	451.01742760119583	45.25836939174897	70.72001131221636	164.016218710224
52x30	421.0855613767826	577.4193017210283	73.78245048790373	38.492207003495984	57.254257483614545
52x32	493.5497745921887	702.9649920159612	52.30086041357227	161.46510458919624	55.85141000905916
52x34	587.2991826999255	687.0274594221108	17.381887124245328	293.6527370892363	154.1944551532252
52x36	687.3887182664555	644.6430407597682	138.0965242140442	381.5377438733943	104.83248542317376
52x38	796.870190181563	618.1505480059045	160.73736342244743	272.1729229736123	122.67069739754481
52x40	912.0190842301492	621.5638422559666	38.12886046028646	177.87189210215305	215.93056754429185
52x42	1031.174364499041	652.6639027861129	59.781017053911036	143.54570700651382	328.5607554167115
52x44	1146.3948708887356	698.7331393314622	86.70178775550168	203.11966916081747	447.32560847776205
52x46	1264.8040559707267	765.1494625234998	5.594640292280152	303.2030672668074	528.4813147122615
52x48	1391.2557241571374	850.4883832246036	127.20963013860249	422.370323294618	599.8338853382661
52x50	1512.4557051365177	941.4099319637543	217.24884349519542	540.8462443245774	684.2545286660516
52x52	1639.4683101542405	1045.1418755365228	178.50809505453807	665.4829374221403	785.2479481030181
53x17	721.9009973673677	156.9498327491942	246.3332092918049	314.6563999031328	428.89141982557777
53x19	623.4831593555675	57.6909871643743	188.3752903116542	378.5	301.92093335838774
53x21	537.287753443162	54.67842353250535	68.29736451723423	438.6993617501623	180.66192183191222
53x23	467.47244838599846	148.20691616790361	35.06978756707834	310.2145870200174	65.84291913334337
53x25	424.657803413525	271.6167336524023	86.32294017235503	182.1160344395846	51.79623538443707
53x27	417.2071547804521	393.19970752786685	88.19756232459036	70.15988882545346	139.55862567394396
53x29	446.6760795028094	520.0426136385365	0.5656854249493666	32.40246904172585	140.9614131597722
53x31	504.64769889498183	646.4110921078013	114.7418842445951	108.14665968026965	104.99761902062332
53x33	580.1044216345883	769.1727634283474	0.5830951894843897	230.12766022362462	74.72041220443019
53x35	673.21477256519	717.2515109778439	70.58562176534268	358.1476371554058	92.03765533736689
53x37	771.7227481421031	685.4093667291103	182.69373278796402	306.42617381679395	40.024992192379
53x39	879.8601536607964	676.2534214331196	97.03653950960953	188.69999999999987	126.8932228292747
53x41	994.2901085699289	689.2813794090195	9.360555539069763	96.12294211061118	247.86855387483126
53x43	1110.9954635370932	725.8598487311449	86.60092378260143	118.82306173466475	373.89720512461713
53x45	1226.9042709192925	779.6267632656029	54.38464856924261	223.08090460637806	498.5527955994229
53x47	1348.3655476168176	852.4802930273522	92.21632176572669	343.3325647240589	611.9444827760115
53x49	1470.3683382064512	937.0303356882321	207.85343393843686	467.4309039847495	685.3338237676589
53x51	1595.6677348370497	1033.1570645356885	242.56364113362085	594.8289838264443	775.8549606724188
54x18	709.6573891674773	139.7948854572301	248.500321931381	390.29810401794197	380.1833899580571
54x20	620.7357086554633	102.1000489715851	120.10004163196605	459.9252330542436	260.0292675834781
54x22	548.186035940355	134.79217336329313	0.3605551275465124	371.3000538647954	152.47730978739114
54x24	497.61877979031306	228.75849710994353	55.167472300260314	244.8000204248357	80.91878644665906
54x26	473.15740509898	346.06347683625944	71.86744742927786	113.80039542989267	131.87998331816735
54x28	481.484755729608	465.98623370224146	39.96961345822631	0.4123105625619425	222.61349914144932
54x30	520.6636534270472	592.3816675083726	65.2996171504858	94.54438111278769	108.58379252908776
54x32	584.1420546408214	716.7043602490501	70.90232718324563	188.33252507201206	34.927639485083766
54x34	660.6279815448331	791.5859586930533	0.360555127546071	302.0303461574684	73.08987617994718
54x36	754.6060230345369	752.1032176503435	113.00110618927586	356.912104025627	11.412712210513327
54x38	855.6588630990742	729.7637220361124	123.93744389812126	229.4081297600414	48.297929562249294
54x40	962.9513642962455	733.4718331333523	76.6102473563427	106.95386856023465	172.88415196309944
54x42	1073.2819294109079	756.9188199536331	54.01203569575908	34.335113222472174	299.02324324373205
54x44	1189.408298272717	800.6115787321594	68.46678026605308	140.98120442101498	428.52549515752287
54x46	1305.5769797296518	859.2358523711636	98.5507483482495	265.28710862007597	556.2160101974771
54x48	1425.72662176169	934.0441103074313	174.53996676979216	393.0684418774931	685.3730371119077
55x19	702.6922868510799	162.86144417878688	185.19354740379055	471.02510548801996	339.5385839635903
55x21	632.2259880770486	166.93741342191726	67.300074294164	439.64133108705784	240.11434775956246
55x23	575.9342497195319	220.2876755517658	21.850858106719762	314.5076469658568	159.348235007483
55x25	536.8491873887863	316.68446441213393	0.5000000000001819	184.18156802459902	145.31981970811847
55x27	533.5051827302151	425.94856496999756	123.38954574841439	75.94326829943527	216.14943904623055
55x29	554.4122112652286	546.906664797569	79.82042345164591	78.0724022942811	160.5045170703925
55x31	602.4867550411379	666.8120349843728	139.45497481266105	178.96337614160072	36.073397400300145
55x33	669.3148735834283	791.7106794783058	11.738824472663042	273.85872270205346	8.786353054595912
55x35	747.7626160754498	826.68599238163	61.760262305142795	382.59264237567385	83.21015563018722
55x37	841.6260274017199	797.3153516645721	78.67127811342559	290.0523573426008	23.4002136742382
55x39	941.0011955359037	788.5405823418348	96.52072316347407	163.2766057951965	113.37658488418144
55x41	1049.0489121103938	801.058811823452	104.49698560245643	34.606646760412964	239.94420184701292
55x43	1158.3401270783986	832.6599846275793	2.3345235059858673	69.45250175479667	365.344837105987
56x22	651.9094569033342	239.92986475218146	45.214378244094156	387.14537321269904	239.05049675748444
56x24	607.457167214282	305.8666539523392	52.27245928785068	266.20069496528373	195.15637319852007
56x26	590.6440975748427	400.8209700103028	78.68703832271241	161.3122747964335	225.36781047878173
56x28	597.7110422269276	510.98560645090606	145.2938057867574	103.03538227230489	235.05124973077653
56x30	628.0215282934178	623.2616144124395	153.4921496363903	160.92557285900855	120.24657999294594
56x32	682.9325588958257	743.6111080396798	92.09603683112516	262.97695716545235	42.933436852877385
56x34	752.4416588679818	866.9240162782437	8.417244204607332	357.70134190410886	88.44461543813762
56x36	835.0520043685904	863.6093156051527	82.54604775517728	358.5956636659177	71.20990099698228
56x38	928.7740575619024	847.6899492149238	12.379418403139947	234.284549213131	98.21023368264633
56x40	1023.7142423547699	847.729113573434	122.94165282767293	121.04152180140481	191.99179669975513
56x42	1133.6389284071013	869.8556316998819	54.695703670398174	59.83995320853823	315.5706260094563
57x25	654.2239448384629	391.5374439309733	97.01427729978727	247.93581830788386	258.6870116569443
57x27	648.8505606069864	487.6234715433625	165.4583029043878	172.1913180157469	308.8848490942867
57x29	665.5569998129388	593.929726482856	194.6271306884013	172.6769237622678	202.92047703472412
57x31	706.2977417491861	708.0342505839672	169.74245196767956	249.43235555957853	117.39889266939446
57x33	766.832947909778	827.1853298989294	65.86630398010779	350.90279280735314	101.30829186201905
57x35	838.4855037506612	935.8050758571468	31.817290896617948	433.6942932527474	154.22042666261837
57x37	922.1387151616616	913.2521064853889	45.937022106357766	316.80784396854824	128.59786156853474
57x39	1014.4828091199972	902.9622195861797	60.99155679272374	202.26114307992998	182.11965846662494
58x30	746.1654039152445	684.9169365696836	255.2442163889322	260.95672054959607	204.49354513040265
